session,config,call_index,ms
1,logistic_regression_normalized,0,0.427358
1,logistic_regression_normalized,1,0.375800
1,logistic_regression_normalized,2,0.489365
1,logistic_regression_normalized,3,0.398258
1,logistic_regression_normalized,4,0.442835
1,logistic_regression_normalized,5,0.413796
1,logistic_regression_normalized,6,0.784435
1,logistic_regression_normalized,7,0.454742
1,logistic_regression_normalized,8,0.488507
1,logistic_regression_normalized,9,0.410360
1,logistic_regression_normalized,10,0.541749
1,logistic_regression_normalized,11,0.389925
1,logistic_regression_normalized,12,0.454711
1,logistic_regression_normalized,13,0.386484
1,logistic_regression_normalized,14,0.375600
1,logistic_regression_normalized,15,0.506498
1,logistic_regression_normalized,16,0.368000
1,logistic_regression_normalized,17,0.477733
1,logistic_regression_normalized,18,0.451945
1,logistic_regression_normalized,19,0.493875
1,logistic_regression_normalized,20,0.394128
1,logistic_regression_normalized,21,0.393805
1,logistic_regression_normalized,22,0.438888
1,logistic_regression_normalized,23,0.597614
1,logistic_regression_normalized,24,0.499949
1,logistic_regression_normalized,25,0.379208
1,logistic_regression_normalized,26,0.451230
1,logistic_regression_normalized,27,0.378047
1,logistic_regression_normalized,28,0.526341
1,logistic_regression_normalized,29,0.428364
1,logistic_regression_normalized,30,0.423137
1,logistic_regression_normalized,31,0.377123
1,logistic_regression_normalized,32,0.535816
1,logistic_regression_normalized,33,0.474633
1,logistic_regression_normalized,34,0.379675
1,logistic_regression_normalized,35,0.429196
1,logistic_regression_normalized,36,0.391451
1,logistic_regression_normalized,37,0.557108
1,logistic_regression_normalized,38,0.418164
1,logistic_regression_normalized,39,0.495075
1,logistic_regression_normalized,40,0.426425
1,logistic_regression_normalized,41,0.473195
1,logistic_regression_normalized,42,0.433893
1,logistic_regression_normalized,43,0.365132
1,logistic_regression_normalized,44,0.715541
1,logistic_regression_normalized,45,0.647022
1,logistic_regression_normalized,46,0.438465
1,logistic_regression_normalized,47,0.501004
1,logistic_regression_normalized,48,0.472265
1,logistic_regression_normalized,49,0.473329
1,logistic_regression_normalized,50,0.465144
1,logistic_regression_normalized,51,0.423901
1,logistic_regression_normalized,52,0.393320
1,logistic_regression_normalized,53,0.369363
1,logistic_regression_normalized,54,0.409299
1,logistic_regression_normalized,55,0.424938
1,logistic_regression_normalized,56,0.433035
1,logistic_regression_normalized,57,0.385245
1,logistic_regression_normalized,58,0.543116
1,logistic_regression_normalized,59,0.468561
1,logistic_regression_normalized,60,0.377383
1,logistic_regression_normalized,61,0.494912
1,logistic_regression_normalized,62,0.398513
1,logistic_regression_normalized,63,0.432186
1,logistic_regression_normalized,64,0.373907
1,logistic_regression_normalized,65,0.410071
1,logistic_regression_normalized,66,0.442476
1,logistic_regression_normalized,67,0.387178
1,logistic_regression_normalized,68,0.491343
1,logistic_regression_normalized,69,0.385207
1,logistic_regression_normalized,70,0.409570
1,logistic_regression_normalized,71,0.386476
1,logistic_regression_normalized,72,0.384214
1,logistic_regression_normalized,73,0.440118
1,logistic_regression_normalized,74,0.376225
1,logistic_regression_normalized,75,0.398907
1,logistic_regression_normalized,76,0.385142
1,logistic_regression_normalized,77,0.379061
1,logistic_regression_normalized,78,0.476596
1,logistic_regression_normalized,79,0.394187
1,logistic_regression_normalized,80,0.430548
1,logistic_regression_normalized,81,0.386303
1,logistic_regression_normalized,82,0.376302
1,logistic_regression_normalized,83,0.414597
1,logistic_regression_normalized,84,0.483138
1,logistic_regression_normalized,85,0.471618
1,logistic_regression_normalized,86,0.383144
1,logistic_regression_normalized,87,0.417508
1,logistic_regression_normalized,88,0.451672
1,logistic_regression_normalized,89,0.372427
1,logistic_regression_normalized,90,0.440417
1,logistic_regression_normalized,91,0.371308
1,logistic_regression_normalized,92,0.389490
1,logistic_regression_normalized,93,0.341713
1,logistic_regression_normalized,94,0.363744
1,logistic_regression_normalized,95,0.409392
1,logistic_regression_normalized,96,0.388226
1,logistic_regression_normalized,97,0.456749
1,logistic_regression_normalized,98,0.473468
1,logistic_regression_normalized,99,0.379621
1,logistic_regression_normalized,100,0.558076
1,logistic_regression_normalized,101,0.447030
1,logistic_regression_normalized,102,0.510448
1,logistic_regression_normalized,103,0.424978
1,logistic_regression_normalized,104,0.452198
1,logistic_regression_normalized,105,0.480740
1,logistic_regression_normalized,106,0.541829
1,logistic_regression_normalized,107,0.395773
1,logistic_regression_normalized,108,0.485562
1,logistic_regression_normalized,109,0.518988
1,logistic_regression_normalized,110,0.654332
1,logistic_regression_normalized,111,0.459610
1,logistic_regression_normalized,112,0.477530
1,logistic_regression_normalized,113,0.456917
1,logistic_regression_normalized,114,0.514754
1,logistic_regression_normalized,115,0.397132
1,logistic_regression_normalized,116,0.504909
1,logistic_regression_normalized,117,0.384398
1,logistic_regression_normalized,118,0.424234
1,logistic_regression_normalized,119,0.371815
1,logistic_regression_normalized,120,0.351971
1,logistic_regression_normalized,121,0.404665
1,logistic_regression_normalized,122,0.378590
1,logistic_regression_normalized,123,0.342056
1,logistic_regression_normalized,124,0.470972
1,logistic_regression_normalized,125,0.394670
1,logistic_regression_normalized,126,0.430506
1,logistic_regression_normalized,127,0.360947
1,logistic_regression_normalized,128,0.337979
1,logistic_regression_normalized,129,0.476895
1,logistic_regression_normalized,130,0.384904
1,logistic_regression_normalized,131,0.431464
1,logistic_regression_normalized,132,0.361385
1,logistic_regression_normalized,133,0.358801
1,logistic_regression_normalized,134,0.548669
1,logistic_regression_normalized,135,0.401729
1,logistic_regression_normalized,136,0.415610
1,logistic_regression_normalized,137,0.353285
1,logistic_regression_normalized,138,0.428000
1,logistic_regression_normalized,139,0.434466
1,logistic_regression_normalized,140,0.376266
1,logistic_regression_normalized,141,0.421769
1,logistic_regression_normalized,142,0.391019
1,logistic_regression_normalized,143,0.404075
1,logistic_regression_normalized,144,0.439605
1,logistic_regression_normalized,145,0.383315
1,logistic_regression_normalized,146,0.417125
1,logistic_regression_normalized,147,0.358253
1,logistic_regression_normalized,148,0.384562
1,logistic_regression_normalized,149,0.364761
1,logistic_regression_normalized,150,0.378773
1,logistic_regression_normalized,151,0.470389
1,logistic_regression_normalized,152,0.362450
1,logistic_regression_normalized,153,0.411209
1,logistic_regression_normalized,154,0.467634
1,logistic_regression_normalized,155,0.386079
1,logistic_regression_normalized,156,0.417713
1,logistic_regression_normalized,157,0.390246
1,logistic_regression_normalized,158,0.441660
1,logistic_regression_normalized,159,0.362580
1,logistic_regression_normalized,160,0.394313
1,logistic_regression_normalized,161,0.567462
1,logistic_regression_normalized,162,0.548936
1,logistic_regression_normalized,163,0.458893
1,logistic_regression_normalized,164,0.381868
1,logistic_regression_normalized,165,0.422470
1,logistic_regression_normalized,166,0.389859
1,logistic_regression_normalized,167,0.398949
1,logistic_regression_normalized,168,0.351206
1,logistic_regression_normalized,169,0.374739
1,logistic_regression_normalized,170,0.466079
1,logistic_regression_normalized,171,0.439223
1,logistic_regression_normalized,172,0.431558
1,logistic_regression_normalized,173,0.459182
1,logistic_regression_normalized,174,0.426792
1,logistic_regression_normalized,175,0.524995
1,logistic_regression_normalized,176,0.493065
1,logistic_regression_normalized,177,0.398357
1,logistic_regression_normalized,178,0.382320
1,logistic_regression_normalized,179,0.440523
1,logistic_regression_normalized,180,0.365451
1,logistic_regression_normalized,181,0.425050
1,logistic_regression_normalized,182,0.493914
1,logistic_regression_normalized,183,0.433238
1,logistic_regression_normalized,184,0.386203
1,logistic_regression_normalized,185,0.387782
1,logistic_regression_normalized,186,0.464144
1,logistic_regression_normalized,187,0.408966
1,logistic_regression_normalized,188,0.419547
1,logistic_regression_normalized,189,0.388761
1,logistic_regression_normalized,190,0.358567
1,logistic_regression_normalized,191,0.534700
1,logistic_regression_normalized,192,0.416947
1,logistic_regression_normalized,193,0.447983
1,logistic_regression_normalized,194,0.392473
1,logistic_regression_normalized,195,0.510616
1,logistic_regression_normalized,196,0.416149
1,logistic_regression_normalized,197,0.370626
1,logistic_regression_normalized,198,0.434656
1,logistic_regression_normalized,199,0.447224
1,logistic_regression_normalized,200,0.653251
1,logistic_regression_normalized,201,0.436498
1,logistic_regression_normalized,202,0.441846
1,logistic_regression_normalized,203,0.377550
1,logistic_regression_normalized,204,0.416495
1,logistic_regression_normalized,205,0.403201
1,logistic_regression_normalized,206,0.369963
1,logistic_regression_normalized,207,0.440268
1,logistic_regression_normalized,208,0.427638
1,logistic_regression_normalized,209,0.472491
1,logistic_regression_normalized,210,0.416275
1,logistic_regression_normalized,211,0.414181
1,logistic_regression_normalized,212,0.367623
1,logistic_regression_normalized,213,0.364220
1,logistic_regression_normalized,214,0.397467
1,logistic_regression_normalized,215,0.370882
1,logistic_regression_normalized,216,0.736606
1,logistic_regression_normalized,217,0.514993
1,logistic_regression_normalized,218,0.542979
1,logistic_regression_normalized,219,0.404260
1,logistic_regression_normalized,220,0.494316
1,logistic_regression_normalized,221,0.384877
1,logistic_regression_normalized,222,0.436072
1,logistic_regression_normalized,223,0.420884
1,logistic_regression_normalized,224,0.395765
1,logistic_regression_normalized,225,0.538327
1,logistic_regression_normalized,226,0.573339
1,logistic_regression_normalized,227,0.548319
1,logistic_regression_normalized,228,0.489194
1,logistic_regression_normalized,229,0.414128
1,logistic_regression_normalized,230,0.384282
1,logistic_regression_normalized,231,0.424274
1,logistic_regression_normalized,232,0.381390
1,logistic_regression_normalized,233,0.425440
1,logistic_regression_normalized,234,0.418527
1,logistic_regression_normalized,235,0.494486
1,logistic_regression_normalized,236,0.430352
1,logistic_regression_normalized,237,0.579971
1,logistic_regression_normalized,238,0.419098
1,logistic_regression_normalized,239,0.396190
1,logistic_regression_normalized,240,0.443392
1,logistic_regression_normalized,241,0.398751
1,logistic_regression_normalized,242,0.467090
1,logistic_regression_normalized,243,0.392639
1,logistic_regression_normalized,244,0.374659
1,logistic_regression_normalized,245,0.461758
1,logistic_regression_normalized,246,0.406260
1,logistic_regression_normalized,247,0.488887
1,logistic_regression_normalized,248,0.396275
1,logistic_regression_normalized,249,0.421840
1,logistic_regression_normalized,250,0.366781
1,logistic_regression_normalized,251,0.376120
1,logistic_regression_normalized,252,0.414890
1,logistic_regression_normalized,253,0.532500
1,logistic_regression_normalized,254,0.608825
1,logistic_regression_normalized,255,0.436410
1,logistic_regression_normalized,256,0.462328
1,logistic_regression_normalized,257,0.376015
1,logistic_regression_normalized,258,0.456854
1,logistic_regression_normalized,259,0.396506
1,logistic_regression_normalized,260,0.363314
1,logistic_regression_normalized,261,0.449051
1,logistic_regression_normalized,262,0.457902
1,naive_bayes_normalized,0,0.420097
1,naive_bayes_normalized,1,0.361414
1,naive_bayes_normalized,2,0.458385
1,naive_bayes_normalized,3,0.418616
1,naive_bayes_normalized,4,0.431585
1,naive_bayes_normalized,5,0.458277
1,naive_bayes_normalized,6,0.362753
1,naive_bayes_normalized,7,0.401725
1,naive_bayes_normalized,8,0.353993
1,naive_bayes_normalized,9,0.403688
1,naive_bayes_normalized,10,0.373246
1,naive_bayes_normalized,11,0.346996
1,naive_bayes_normalized,12,0.456644
1,naive_bayes_normalized,13,0.433754
1,naive_bayes_normalized,14,0.410904
1,naive_bayes_normalized,15,0.459337
1,naive_bayes_normalized,16,0.363261
1,naive_bayes_normalized,17,0.386285
1,naive_bayes_normalized,18,0.431740
1,naive_bayes_normalized,19,0.424781
1,naive_bayes_normalized,20,0.368664
1,naive_bayes_normalized,21,0.344270
1,naive_bayes_normalized,22,0.414342
1,naive_bayes_normalized,23,0.381632
1,naive_bayes_normalized,24,0.559087
1,naive_bayes_normalized,25,0.470170
1,naive_bayes_normalized,26,0.418894
1,naive_bayes_normalized,27,0.360479
1,naive_bayes_normalized,28,0.348962
1,naive_bayes_normalized,29,0.406051
1,naive_bayes_normalized,30,0.363651
1,naive_bayes_normalized,31,0.357276
1,naive_bayes_normalized,32,0.402661
1,naive_bayes_normalized,33,0.360503
1,naive_bayes_normalized,34,0.423030
1,naive_bayes_normalized,35,0.575912
1,naive_bayes_normalized,36,0.448819
1,naive_bayes_normalized,37,0.386941
1,naive_bayes_normalized,38,0.430636
1,naive_bayes_normalized,39,0.489677
1,naive_bayes_normalized,40,0.385553
1,naive_bayes_normalized,41,0.417169
1,naive_bayes_normalized,42,0.362938
1,naive_bayes_normalized,43,0.403796
1,naive_bayes_normalized,44,0.453696
1,naive_bayes_normalized,45,0.377463
1,naive_bayes_normalized,46,0.398336
1,naive_bayes_normalized,47,0.366439
1,naive_bayes_normalized,48,0.391488
1,naive_bayes_normalized,49,0.372423
1,naive_bayes_normalized,50,0.362954
1,naive_bayes_normalized,51,0.397493
1,naive_bayes_normalized,52,0.362189
1,naive_bayes_normalized,53,0.455812
1,naive_bayes_normalized,54,0.495984
1,naive_bayes_normalized,55,0.391411
1,naive_bayes_normalized,56,0.398581
1,naive_bayes_normalized,57,0.359261
1,naive_bayes_normalized,58,0.411690
1,naive_bayes_normalized,59,0.474155
1,naive_bayes_normalized,60,0.388946
1,naive_bayes_normalized,61,0.416853
1,naive_bayes_normalized,62,0.406600
1,naive_bayes_normalized,63,0.409829
1,naive_bayes_normalized,64,0.419285
1,naive_bayes_normalized,65,0.373437
1,naive_bayes_normalized,66,0.427489
1,naive_bayes_normalized,67,0.370503
1,naive_bayes_normalized,68,0.548731
1,naive_bayes_normalized,69,0.427515
1,naive_bayes_normalized,70,0.432355
1,naive_bayes_normalized,71,0.371236
1,naive_bayes_normalized,72,0.362214
1,naive_bayes_normalized,73,0.466879
1,naive_bayes_normalized,74,0.408244
1,naive_bayes_normalized,75,0.401616
1,naive_bayes_normalized,76,0.362365
1,naive_bayes_normalized,77,0.518006
1,naive_bayes_normalized,78,0.391597
1,naive_bayes_normalized,79,0.389267
1,naive_bayes_normalized,80,0.468478
1,naive_bayes_normalized,81,0.417997
1,naive_bayes_normalized,82,0.467133
1,naive_bayes_normalized,83,0.479845
1,naive_bayes_normalized,84,0.549249
1,naive_bayes_normalized,85,0.365962
1,naive_bayes_normalized,86,0.355726
1,naive_bayes_normalized,87,0.403024
1,naive_bayes_normalized,88,0.403426
1,naive_bayes_normalized,89,0.486987
1,naive_bayes_normalized,90,0.392117
1,naive_bayes_normalized,91,0.347383
1,naive_bayes_normalized,92,0.510449
1,naive_bayes_normalized,93,0.387857
1,naive_bayes_normalized,94,0.453181
1,naive_bayes_normalized,95,0.378248
1,naive_bayes_normalized,96,0.408151
1,naive_bayes_normalized,97,0.406949
1,naive_bayes_normalized,98,0.369595
1,naive_bayes_normalized,99,0.402188
1,naive_bayes_normalized,100,0.353135
1,naive_bayes_normalized,101,0.351157
1,naive_bayes_normalized,102,0.466899
1,naive_bayes_normalized,103,0.386765
1,naive_bayes_normalized,104,0.478571
1,naive_bayes_normalized,105,0.429184
1,naive_bayes_normalized,106,0.529366
1,naive_bayes_normalized,107,0.501323
1,naive_bayes_normalized,108,0.659341
1,naive_bayes_normalized,109,0.713684
1,naive_bayes_normalized,110,0.771302
1,naive_bayes_normalized,111,0.717715
1,naive_bayes_normalized,112,0.546282
1,naive_bayes_normalized,113,0.453008
1,naive_bayes_normalized,114,0.432691
1,naive_bayes_normalized,115,0.402799
1,naive_bayes_normalized,116,0.457837
1,naive_bayes_normalized,117,0.493080
1,naive_bayes_normalized,118,0.393855
1,naive_bayes_normalized,119,0.397925
1,naive_bayes_normalized,120,0.368559
1,naive_bayes_normalized,121,0.361912
1,naive_bayes_normalized,122,0.420135
1,naive_bayes_normalized,123,0.350813
1,naive_bayes_normalized,124,0.404328
1,naive_bayes_normalized,125,0.381175
1,naive_bayes_normalized,126,0.387748
1,naive_bayes_normalized,127,0.455865
1,naive_bayes_normalized,128,0.364416
1,naive_bayes_normalized,129,0.395758
1,naive_bayes_normalized,130,0.366341
1,naive_bayes_normalized,131,0.387745
1,naive_bayes_normalized,132,0.425245
1,naive_bayes_normalized,133,0.558044
1,naive_bayes_normalized,134,0.475183
1,naive_bayes_normalized,135,0.485741
1,naive_bayes_normalized,136,0.504565
1,naive_bayes_normalized,137,0.390161
1,naive_bayes_normalized,138,0.445708
1,naive_bayes_normalized,139,0.384406
1,naive_bayes_normalized,140,0.365521
1,naive_bayes_normalized,141,0.399963
1,naive_bayes_normalized,142,0.364149
1,naive_bayes_normalized,143,0.422430
1,naive_bayes_normalized,144,0.389740
1,naive_bayes_normalized,145,0.378247
1,naive_bayes_normalized,146,0.472707
1,naive_bayes_normalized,147,0.376678
1,naive_bayes_normalized,148,0.389852
1,naive_bayes_normalized,149,0.388631
1,naive_bayes_normalized,150,0.380081
1,naive_bayes_normalized,151,0.417432
1,naive_bayes_normalized,152,0.363122
1,naive_bayes_normalized,153,0.400697
1,naive_bayes_normalized,154,0.407044
1,naive_bayes_normalized,155,0.388656
1,naive_bayes_normalized,156,0.486559
1,naive_bayes_normalized,157,0.394348
1,naive_bayes_normalized,158,0.415654
1,naive_bayes_normalized,159,0.376502
1,naive_bayes_normalized,160,0.408209
1,naive_bayes_normalized,161,0.396496
1,naive_bayes_normalized,162,0.357038
1,naive_bayes_normalized,163,0.398090
1,naive_bayes_normalized,164,0.372391
1,naive_bayes_normalized,165,0.363250
1,naive_bayes_normalized,166,0.459324
1,naive_bayes_normalized,167,0.373420
1,naive_bayes_normalized,168,0.400969
1,naive_bayes_normalized,169,0.462973
1,naive_bayes_normalized,170,0.484424
1,naive_bayes_normalized,171,0.401445
1,naive_bayes_normalized,172,0.371540
1,naive_bayes_normalized,173,0.432577
1,naive_bayes_normalized,174,0.374055
1,naive_bayes_normalized,175,0.466371
1,naive_bayes_normalized,176,0.477549
1,naive_bayes_normalized,177,0.377399
1,naive_bayes_normalized,178,0.416777
1,naive_bayes_normalized,179,0.372051
1,naive_bayes_normalized,180,0.409756
1,naive_bayes_normalized,181,0.353025
1,naive_bayes_normalized,182,0.353778
1,naive_bayes_normalized,183,0.425994
1,naive_bayes_normalized,184,0.366312
1,naive_bayes_normalized,185,0.401495
1,naive_bayes_normalized,186,0.499980
1,naive_bayes_normalized,187,0.541639
1,naive_bayes_normalized,188,0.404962
1,naive_bayes_normalized,189,0.375023
1,naive_bayes_normalized,190,0.390435
1,naive_bayes_normalized,191,0.351819
1,naive_bayes_normalized,192,0.379971
1,naive_bayes_normalized,193,0.428267
1,naive_bayes_normalized,194,0.381675
1,naive_bayes_normalized,195,0.601888
1,naive_bayes_normalized,196,0.466376
1,naive_bayes_normalized,197,0.491354
1,naive_bayes_normalized,198,0.375599
1,naive_bayes_normalized,199,0.441160
1,naive_bayes_normalized,200,0.383403
1,naive_bayes_normalized,201,0.391243
1,naive_bayes_normalized,202,0.436322
1,naive_bayes_normalized,203,0.401254
1,naive_bayes_normalized,204,0.409587
1,naive_bayes_normalized,205,0.434119
1,naive_bayes_normalized,206,0.354107
1,naive_bayes_normalized,207,0.503725
1,naive_bayes_normalized,208,0.373267
1,naive_bayes_normalized,209,0.421683
1,naive_bayes_normalized,210,0.381784
1,naive_bayes_normalized,211,0.391632
1,naive_bayes_normalized,212,0.394510
1,naive_bayes_normalized,213,0.397522
1,naive_bayes_normalized,214,0.605522
1,naive_bayes_normalized,215,0.388549
1,naive_bayes_normalized,216,0.410805
1,naive_bayes_normalized,217,0.361572
1,naive_bayes_normalized,218,0.403547
1,naive_bayes_normalized,219,0.893149
1,naive_bayes_normalized,220,0.494228
1,naive_bayes_normalized,221,0.522517
1,naive_bayes_normalized,222,0.465234
1,naive_bayes_normalized,223,0.388329
1,naive_bayes_normalized,224,0.446165
1,naive_bayes_normalized,225,0.402866
1,naive_bayes_normalized,226,0.516479
1,naive_bayes_normalized,227,0.399055
1,naive_bayes_normalized,228,0.373142
1,naive_bayes_normalized,229,0.442376
1,naive_bayes_normalized,230,0.396152
1,naive_bayes_normalized,231,0.400861
1,naive_bayes_normalized,232,0.436412
1,naive_bayes_normalized,233,0.372297
1,naive_bayes_normalized,234,0.428691
1,naive_bayes_normalized,235,0.376557
1,naive_bayes_normalized,236,0.383999
1,naive_bayes_normalized,237,0.339314
1,naive_bayes_normalized,238,0.343217
1,naive_bayes_normalized,239,0.680307
1,naive_bayes_normalized,240,0.401784
1,naive_bayes_normalized,241,0.545998
1,naive_bayes_normalized,242,0.397626
1,naive_bayes_normalized,243,0.448070
1,naive_bayes_normalized,244,0.408026
1,naive_bayes_normalized,245,0.404825
1,naive_bayes_normalized,246,0.363152
1,naive_bayes_normalized,247,0.363007
1,naive_bayes_normalized,248,0.409688
1,naive_bayes_normalized,249,0.400237
1,naive_bayes_normalized,250,0.444623
1,naive_bayes_normalized,251,0.458555
1,naive_bayes_normalized,252,0.357991
1,naive_bayes_normalized,253,0.470888
1,naive_bayes_normalized,254,0.390602
1,naive_bayes_normalized,255,0.416797
1,naive_bayes_normalized,256,0.362875
1,naive_bayes_normalized,257,0.351670
1,naive_bayes_normalized,258,0.534344
1,naive_bayes_normalized,259,0.452574
1,naive_bayes_normalized,260,0.620317
1,naive_bayes_normalized,261,0.388708
1,naive_bayes_normalized,262,0.428555
1,svm_normalized,0,1.598408
1,svm_normalized,1,1.916467
1,svm_normalized,2,1.670846
1,svm_normalized,3,1.901745
1,svm_normalized,4,1.664807
1,svm_normalized,5,1.598467
1,svm_normalized,6,1.577169
1,svm_normalized,7,1.929667
1,svm_normalized,8,1.842342
1,svm_normalized,9,1.681030
1,svm_normalized,10,1.596031
1,svm_normalized,11,1.610288
1,svm_normalized,12,1.464496
1,svm_normalized,13,1.626278
1,svm_normalized,14,1.636290
1,svm_normalized,15,1.692059
1,svm_normalized,16,1.674993
1,svm_normalized,17,1.523062
1,svm_normalized,18,1.689939
1,svm_normalized,19,1.498089
1,svm_normalized,20,1.652031
1,svm_normalized,21,1.593250
1,svm_normalized,22,1.563383
1,svm_normalized,23,1.623548
1,svm_normalized,24,1.566462
1,svm_normalized,25,1.707463
1,svm_normalized,26,1.560772
1,svm_normalized,27,2.364364
1,svm_normalized,28,1.906801
1,svm_normalized,29,2.726732
1,svm_normalized,30,2.153802
1,svm_normalized,31,1.954285
1,svm_normalized,32,2.093125
1,svm_normalized,33,2.275533
1,svm_normalized,34,1.890929
1,svm_normalized,35,1.885636
1,svm_normalized,36,2.031779
1,svm_normalized,37,1.961178
1,svm_normalized,38,2.366068
1,svm_normalized,39,1.676193
1,svm_normalized,40,2.509762
1,svm_normalized,41,2.274116
1,svm_normalized,42,1.995074
1,svm_normalized,43,1.945460
1,svm_normalized,44,2.082892
1,svm_normalized,45,1.652774
1,svm_normalized,46,1.600926
1,svm_normalized,47,1.765183
1,svm_normalized,48,2.140149
1,svm_normalized,49,2.475129
1,svm_normalized,50,2.428611
1,svm_normalized,51,2.429016
1,svm_normalized,52,2.482109
1,svm_normalized,53,2.445289
1,svm_normalized,54,2.448780
1,svm_normalized,55,2.636033
1,svm_normalized,56,2.426510
1,svm_normalized,57,2.692940
1,svm_normalized,58,2.492693
1,svm_normalized,59,1.824567
1,svm_normalized,60,1.774670
1,svm_normalized,61,1.520372
1,svm_normalized,62,1.512010
1,svm_normalized,63,1.784854
1,svm_normalized,64,1.547450
1,svm_normalized,65,2.002178
1,svm_normalized,66,1.879870
1,svm_normalized,67,2.296661
1,svm_normalized,68,1.762823
1,svm_normalized,69,1.833140
1,svm_normalized,70,1.610437
1,svm_normalized,71,1.594843
1,svm_normalized,72,1.741770
1,svm_normalized,73,1.516631
1,svm_normalized,74,1.994706
1,svm_normalized,75,1.759139
1,svm_normalized,76,1.813889
1,svm_normalized,77,1.606588
1,svm_normalized,78,1.485319
1,svm_normalized,79,1.772712
1,svm_normalized,80,1.516477
1,svm_normalized,81,1.615423
1,svm_normalized,82,1.584020
1,svm_normalized,83,1.512164
1,svm_normalized,84,1.699432
1,svm_normalized,85,1.521900
1,svm_normalized,86,1.734533
1,svm_normalized,87,1.557092
1,svm_normalized,88,1.650238
1,svm_normalized,89,1.697288
1,svm_normalized,90,1.718115
1,svm_normalized,91,1.948996
1,svm_normalized,92,1.528858
1,svm_normalized,93,1.697524
1,svm_normalized,94,1.507073
1,svm_normalized,95,1.494063
1,svm_normalized,96,1.609393
1,svm_normalized,97,1.600203
1,svm_normalized,98,1.554112
1,svm_normalized,99,1.680325
1,svm_normalized,100,1.578093
1,svm_normalized,101,1.571259
1,svm_normalized,102,1.601894
1,svm_normalized,103,1.504543
1,svm_normalized,104,1.531374
1,svm_normalized,105,1.555668
1,svm_normalized,106,1.544400
1,svm_normalized,107,1.636944
1,svm_normalized,108,1.509468
1,svm_normalized,109,1.639720
1,svm_normalized,110,1.537466
1,svm_normalized,111,1.530574
1,svm_normalized,112,1.723856
1,svm_normalized,113,1.638916
1,svm_normalized,114,1.608503
1,svm_normalized,115,1.492760
1,svm_normalized,116,1.758338
1,svm_normalized,117,1.623602
1,svm_normalized,118,1.473948
1,svm_normalized,119,1.620169
1,svm_normalized,120,1.450297
1,svm_normalized,121,1.725738
1,svm_normalized,122,1.560658
1,svm_normalized,123,1.637484
1,svm_normalized,124,1.612657
1,svm_normalized,125,1.569319
1,svm_normalized,126,1.632896
1,svm_normalized,127,1.522547
1,svm_normalized,128,1.444112
1,svm_normalized,129,1.537735
1,svm_normalized,130,1.629249
1,svm_normalized,131,1.816091
1,svm_normalized,132,1.639124
1,svm_normalized,133,1.512619
1,svm_normalized,134,1.674526
1,svm_normalized,135,1.638912
1,svm_normalized,136,1.844194
1,svm_normalized,137,1.724457
1,svm_normalized,138,2.009699
1,svm_normalized,139,1.606128
1,svm_normalized,140,1.506321
1,svm_normalized,141,1.586152
1,svm_normalized,142,1.433977
1,svm_normalized,143,1.673030
1,svm_normalized,144,1.543373
1,svm_normalized,145,1.496347
1,svm_normalized,146,1.586778
1,svm_normalized,147,1.494324
1,svm_normalized,148,1.517592
1,svm_normalized,149,1.550466
1,svm_normalized,150,1.538358
1,svm_normalized,151,1.626213
1,svm_normalized,152,1.620811
1,svm_normalized,153,1.449177
1,svm_normalized,154,1.571261
1,svm_normalized,155,1.556491
1,svm_normalized,156,1.622743
1,svm_normalized,157,1.554466
1,svm_normalized,158,1.493483
1,svm_normalized,159,1.619737
1,svm_normalized,160,1.484625
1,svm_normalized,161,1.541981
1,svm_normalized,162,1.450384
1,svm_normalized,163,1.556452
1,svm_normalized,164,1.652729
1,svm_normalized,165,1.461019
1,svm_normalized,166,1.531584
1,svm_normalized,167,1.511044
1,svm_normalized,168,1.470829
1,svm_normalized,169,1.573525
1,svm_normalized,170,1.631390
1,svm_normalized,171,1.549541
1,svm_normalized,172,1.577240
1,svm_normalized,173,1.615510
1,svm_normalized,174,1.633722
1,svm_normalized,175,1.606248
1,svm_normalized,176,1.476601
1,svm_normalized,177,1.720444
1,svm_normalized,178,1.526956
1,svm_normalized,179,1.764798
1,svm_normalized,180,1.567203
1,svm_normalized,181,1.432361
1,svm_normalized,182,1.554027
1,svm_normalized,183,1.488676
1,svm_normalized,184,1.653326
1,svm_normalized,185,1.713745
1,svm_normalized,186,1.632053
1,svm_normalized,187,1.917561
1,svm_normalized,188,1.630604
1,svm_normalized,189,1.735892
1,svm_normalized,190,1.514411
1,svm_normalized,191,1.552695
1,svm_normalized,192,1.575265
1,svm_normalized,193,1.714771
1,svm_normalized,194,1.749720
1,svm_normalized,195,2.029077
1,svm_normalized,196,1.759007
1,svm_normalized,197,1.664639
1,svm_normalized,198,1.539908
1,svm_normalized,199,1.686597
1,svm_normalized,200,1.859527
1,svm_normalized,201,1.758886
1,svm_normalized,202,1.621925
1,svm_normalized,203,1.586662
1,svm_normalized,204,1.551906
1,svm_normalized,205,1.532918
1,svm_normalized,206,1.560155
1,svm_normalized,207,1.451001
1,svm_normalized,208,1.619606
1,svm_normalized,209,1.450237
1,svm_normalized,210,1.530406
1,svm_normalized,211,1.523411
1,svm_normalized,212,1.583614
1,svm_normalized,213,1.564783
1,svm_normalized,214,1.607014
1,svm_normalized,215,1.514008
1,svm_normalized,216,1.522951
1,svm_normalized,217,1.541850
1,svm_normalized,218,1.452744
1,svm_normalized,219,1.552229
1,svm_normalized,220,1.515495
1,svm_normalized,221,1.575184
1,svm_normalized,222,1.490872
1,svm_normalized,223,1.513518
1,svm_normalized,224,1.518522
1,svm_normalized,225,1.583466
1,svm_normalized,226,1.654732
1,svm_normalized,227,1.525339
1,svm_normalized,228,1.494276
1,svm_normalized,229,1.620187
1,svm_normalized,230,1.589025
1,svm_normalized,231,1.485277
1,svm_normalized,232,1.642822
1,svm_normalized,233,1.596365
1,svm_normalized,234,1.586034
1,svm_normalized,235,1.579072
1,svm_normalized,236,1.489418
1,svm_normalized,237,1.533795
1,svm_normalized,238,1.503710
1,svm_normalized,239,1.622747
1,svm_normalized,240,1.517845
1,svm_normalized,241,1.602223
1,svm_normalized,242,1.692497
1,svm_normalized,243,1.521302
1,svm_normalized,244,1.610431
1,svm_normalized,245,1.482785
1,svm_normalized,246,1.522280
1,svm_normalized,247,1.764575
1,svm_normalized,248,1.475615
1,svm_normalized,249,1.597695
1,svm_normalized,250,1.596188
1,svm_normalized,251,1.591734
1,svm_normalized,252,1.525610
1,svm_normalized,253,1.487769
1,svm_normalized,254,1.414973
1,svm_normalized,255,1.649459
1,svm_normalized,256,1.481280
1,svm_normalized,257,1.603610
1,svm_normalized,258,1.531773
1,svm_normalized,259,1.675170
1,svm_normalized,260,1.595422
1,svm_normalized,261,1.457263
1,svm_normalized,262,1.553398
1,signature_raw,0,0.009480
1,signature_raw,1,0.006343
1,signature_raw,2,0.004312
1,signature_raw,3,0.001905
1,signature_raw,4,0.004736
1,signature_raw,5,0.011073
1,signature_raw,6,0.003530
1,signature_raw,7,0.002586
1,signature_raw,8,0.003562
1,signature_raw,9,0.008267
1,signature_raw,10,0.008993
1,signature_raw,11,0.003973
1,signature_raw,12,0.003829
1,signature_raw,13,0.002307
1,signature_raw,14,0.005877
1,signature_raw,15,0.003921
1,signature_raw,16,0.004219
1,signature_raw,17,0.004086
1,signature_raw,18,0.020467
1,signature_raw,19,0.008083
1,signature_raw,20,0.008708
1,signature_raw,21,0.003078
1,signature_raw,22,0.008177
1,signature_raw,23,0.007430
1,signature_raw,24,0.008579
1,signature_raw,25,0.004143
1,signature_raw,26,0.007183
1,signature_raw,27,0.005588
1,signature_raw,28,0.003765
1,signature_raw,29,0.005694
1,signature_raw,30,0.003406
1,signature_raw,31,0.005189
1,signature_raw,32,0.007866
1,signature_raw,33,0.002725
1,signature_raw,34,0.003993
1,signature_raw,35,0.005455
1,signature_raw,36,0.003447
1,signature_raw,37,0.009136
1,signature_raw,38,0.007721
1,signature_raw,39,0.007419
1,signature_raw,40,0.005998
1,signature_raw,41,0.009224
1,signature_raw,42,0.003879
1,signature_raw,43,0.003611
1,signature_raw,44,0.010160
1,signature_raw,45,0.001526
1,signature_raw,46,0.004254
1,signature_raw,47,0.002959
1,signature_raw,48,0.008091
1,signature_raw,49,0.005540
1,signature_raw,50,0.002406
1,signature_raw,51,0.003605
1,signature_raw,52,0.006559
1,signature_raw,53,0.003342
1,signature_raw,54,0.003358
1,signature_raw,55,0.008519
1,signature_raw,56,0.003185
1,signature_raw,57,0.006433
1,signature_raw,58,0.008660
1,signature_raw,59,0.007998
1,signature_raw,60,0.008289
1,signature_raw,61,0.004067
1,signature_raw,62,0.005554
1,signature_raw,63,0.004494
1,signature_raw,64,0.003550
1,signature_raw,65,0.007279
1,signature_raw,66,0.007196
1,signature_raw,67,0.003134
1,signature_raw,68,0.006879
1,signature_raw,69,0.006041
1,signature_raw,70,0.005666
1,signature_raw,71,0.006113
1,signature_raw,72,0.006546
1,signature_raw,73,0.008402
1,signature_raw,74,0.007730
1,signature_raw,75,0.003935
1,signature_raw,76,0.007829
1,signature_raw,77,0.004280
1,signature_raw,78,0.001974
1,signature_raw,79,0.008205
1,signature_raw,80,0.009246
1,signature_raw,81,0.004535
1,signature_raw,82,0.006939
1,signature_raw,83,0.007783
1,signature_raw,84,0.011136
1,signature_raw,85,0.003314
1,signature_raw,86,0.003652
1,signature_raw,87,0.008708
1,signature_raw,88,0.008018
1,signature_raw,89,0.010402
1,signature_raw,90,0.008302
1,signature_raw,91,0.004256
1,signature_raw,92,0.003528
1,signature_raw,93,0.003274
1,signature_raw,94,0.012807
1,signature_raw,95,0.006570
1,signature_raw,96,0.006446
1,signature_raw,97,0.007192
1,signature_raw,98,0.003944
1,signature_raw,99,0.030013
1,signature_raw,100,0.007141
1,signature_raw,101,0.010497
1,signature_raw,102,0.003071
1,signature_raw,103,0.003132
1,signature_raw,104,0.002470
1,signature_raw,105,0.006058
1,signature_raw,106,0.008098
1,signature_raw,107,0.006313
1,signature_raw,108,0.006929
1,signature_raw,109,0.008370
1,signature_raw,110,0.011326
1,signature_raw,111,0.004006
1,signature_raw,112,0.006311
1,signature_raw,113,0.011670
1,signature_raw,114,0.004034
1,signature_raw,115,0.008953
1,signature_raw,116,0.008626
1,signature_raw,117,0.003605
1,signature_raw,118,0.006388
1,signature_raw,119,0.003902
1,signature_raw,120,0.003844
1,signature_raw,121,0.003881
1,signature_raw,122,0.006374
1,signature_raw,123,0.003095
1,signature_raw,124,0.002694
1,signature_raw,125,0.008847
1,signature_raw,126,0.003613
1,signature_raw,127,0.004388
1,signature_raw,128,0.003722
1,signature_raw,129,0.002070
1,signature_raw,130,0.006171
1,signature_raw,131,0.010600
1,signature_raw,132,0.003862
1,signature_raw,133,0.007599
1,signature_raw,134,0.002691
1,signature_raw,135,0.010786
1,signature_raw,136,0.005142
1,signature_raw,137,0.003779
1,signature_raw,138,0.009015
1,signature_raw,139,0.007749
1,signature_raw,140,0.003561
1,signature_raw,141,0.003633
1,signature_raw,142,0.005209
1,signature_raw,143,0.006785
1,signature_raw,144,0.003724
1,signature_raw,145,0.002499
1,signature_raw,146,0.004464
1,signature_raw,147,0.001533
1,signature_raw,148,0.003820
1,signature_raw,149,0.012029
1,signature_raw,150,0.006003
1,signature_raw,151,0.006593
1,signature_raw,152,0.003791
1,signature_raw,153,0.007760
1,signature_raw,154,0.006122
1,signature_raw,155,0.006976
1,signature_raw,156,0.010459
1,signature_raw,157,0.011665
1,signature_raw,158,0.012261
1,signature_raw,159,0.006524
1,signature_raw,160,0.020223
1,signature_raw,161,0.003922
1,signature_raw,162,0.006686
1,signature_raw,163,0.005341
1,signature_raw,164,0.006209
1,signature_raw,165,0.005756
1,signature_raw,166,0.007847
1,signature_raw,167,0.002481
1,signature_raw,168,0.004126
1,signature_raw,169,0.007112
1,signature_raw,170,0.003752
1,signature_raw,171,0.008647
1,signature_raw,172,0.004923
1,signature_raw,173,0.006940
1,signature_raw,174,0.004812
1,signature_raw,175,0.006552
1,signature_raw,176,0.007661
1,signature_raw,177,0.001598
1,signature_raw,178,0.007796
1,signature_raw,179,0.002651
1,signature_raw,180,0.003715
1,signature_raw,181,0.003393
1,signature_raw,182,0.004680
1,signature_raw,183,0.007264
1,signature_raw,184,0.004557
1,signature_raw,185,0.010575
1,signature_raw,186,0.018553
1,signature_raw,187,0.008494
1,signature_raw,188,0.005905
1,signature_raw,189,0.001762
1,signature_raw,190,0.003934
1,signature_raw,191,0.004154
1,signature_raw,192,0.002632
1,signature_raw,193,0.007977
1,signature_raw,194,0.002648
1,signature_raw,195,0.002616
1,signature_raw,196,0.007745
1,signature_raw,197,0.005660
1,signature_raw,198,0.008304
1,signature_raw,199,0.007986
1,signature_raw,200,0.007840
1,signature_raw,201,0.007724
1,signature_raw,202,0.008153
1,signature_raw,203,0.004648
1,signature_raw,204,0.007610
1,signature_raw,205,0.005400
1,signature_raw,206,0.006439
1,signature_raw,207,0.006630
1,signature_raw,208,0.001499
1,signature_raw,209,0.003968
1,signature_raw,210,0.006179
1,signature_raw,211,0.005496
1,signature_raw,212,0.002593
1,signature_raw,213,0.008700
1,signature_raw,214,0.005875
1,signature_raw,215,0.005873
1,signature_raw,216,0.008254
1,signature_raw,217,0.004732
1,signature_raw,218,0.003013
1,signature_raw,219,0.003242
1,signature_raw,220,0.002399
1,signature_raw,221,0.003477
1,signature_raw,222,0.004240
1,signature_raw,223,0.003296
1,signature_raw,224,0.009732
1,signature_raw,225,0.002336
1,signature_raw,226,0.007999
1,signature_raw,227,0.006119
1,signature_raw,228,0.002377
1,signature_raw,229,0.006979
1,signature_raw,230,0.007920
1,signature_raw,231,0.003404
1,signature_raw,232,0.006124
1,signature_raw,233,0.003391
1,signature_raw,234,0.002388
1,signature_raw,235,0.011513
1,signature_raw,236,0.003327
1,signature_raw,237,0.003289
1,signature_raw,238,0.003778
1,signature_raw,239,0.006522
1,signature_raw,240,0.001956
1,signature_raw,241,0.009198
1,signature_raw,242,0.009546
1,signature_raw,243,0.003750
1,signature_raw,244,0.008960
1,signature_raw,245,0.001515
1,signature_raw,246,0.005428
1,signature_raw,247,0.001414
1,signature_raw,248,0.009321
1,signature_raw,249,0.006188
1,signature_raw,250,0.003761
1,signature_raw,251,0.007129
1,signature_raw,252,0.003267
1,signature_raw,253,0.007454
1,signature_raw,254,0.002374
1,signature_raw,255,0.006947
1,signature_raw,256,0.010588
1,signature_raw,257,0.005551
1,signature_raw,258,0.003641
1,signature_raw,259,0.003327
1,signature_raw,260,0.006023
1,signature_raw,261,0.028539
1,signature_raw,262,0.009367
1,signature_normalized,0,0.015304
1,signature_normalized,1,0.010368
1,signature_normalized,2,0.006220
1,signature_normalized,3,0.004310
1,signature_normalized,4,0.008190
1,signature_normalized,5,0.013756
1,signature_normalized,6,0.005957
1,signature_normalized,7,0.004559
1,signature_normalized,8,0.005274
1,signature_normalized,9,0.016101
1,signature_normalized,10,0.015002
1,signature_normalized,11,0.005770
1,signature_normalized,12,0.005509
1,signature_normalized,13,0.004238
1,signature_normalized,14,0.006264
1,signature_normalized,15,0.005216
1,signature_normalized,16,0.005707
1,signature_normalized,17,0.005732
1,signature_normalized,18,0.022795
1,signature_normalized,19,0.015001
1,signature_normalized,20,0.015026
1,signature_normalized,21,0.006403
1,signature_normalized,22,0.015086
1,signature_normalized,23,0.009345
1,signature_normalized,24,0.014909
1,signature_normalized,25,0.005882
1,signature_normalized,26,0.014073
1,signature_normalized,27,0.009003
1,signature_normalized,28,0.006097
1,signature_normalized,29,0.010551
1,signature_normalized,30,0.005179
1,signature_normalized,31,0.007604
1,signature_normalized,32,0.009559
1,signature_normalized,33,0.006025
1,signature_normalized,34,0.005814
1,signature_normalized,35,0.008930
1,signature_normalized,36,0.004977
1,signature_normalized,37,0.010751
1,signature_normalized,38,0.030922
1,signature_normalized,39,0.014253
1,signature_normalized,40,0.011626
1,signature_normalized,41,0.018823
1,signature_normalized,42,0.005679
1,signature_normalized,43,0.006036
1,signature_normalized,44,0.020321
1,signature_normalized,45,0.004175
1,signature_normalized,46,0.006782
1,signature_normalized,47,0.004763
1,signature_normalized,48,0.013857
1,signature_normalized,49,0.010762
1,signature_normalized,50,0.004796
1,signature_normalized,51,0.005987
1,signature_normalized,52,0.011546
1,signature_normalized,53,0.005895
1,signature_normalized,54,0.005327
1,signature_normalized,55,0.015110
1,signature_normalized,56,0.005144
1,signature_normalized,57,0.010896
1,signature_normalized,58,0.015270
1,signature_normalized,59,0.013388
1,signature_normalized,60,0.013865
1,signature_normalized,61,0.005700
1,signature_normalized,62,0.007442
1,signature_normalized,63,0.006132
1,signature_normalized,64,0.005725
1,signature_normalized,65,0.013381
1,signature_normalized,66,0.012241
1,signature_normalized,67,0.005434
1,signature_normalized,68,0.008523
1,signature_normalized,69,0.010063
1,signature_normalized,70,0.009821
1,signature_normalized,71,0.007681
1,signature_normalized,72,0.011215
1,signature_normalized,73,0.010922
1,signature_normalized,74,0.009743
1,signature_normalized,75,0.005601
1,signature_normalized,76,0.012500
1,signature_normalized,77,0.005602
1,signature_normalized,78,0.004915
1,signature_normalized,79,0.012924
1,signature_normalized,80,0.015851
1,signature_normalized,81,0.007727
1,signature_normalized,82,0.011549
1,signature_normalized,83,0.012887
1,signature_normalized,84,0.013246
1,signature_normalized,85,0.005376
1,signature_normalized,86,0.011146
1,signature_normalized,87,0.015651
1,signature_normalized,88,0.033060
1,signature_normalized,89,0.025780
1,signature_normalized,90,0.011795
1,signature_normalized,91,0.006305
1,signature_normalized,92,0.006331
1,signature_normalized,93,0.005586
1,signature_normalized,94,0.008075
1,signature_normalized,95,0.011606
1,signature_normalized,96,0.011187
1,signature_normalized,97,0.012454
1,signature_normalized,98,0.005785
1,signature_normalized,99,0.003489
1,signature_normalized,100,0.005491
1,signature_normalized,101,0.016272
1,signature_normalized,102,0.005773
1,signature_normalized,103,0.004985
1,signature_normalized,104,0.006632
1,signature_normalized,105,0.011372
1,signature_normalized,106,0.013410
1,signature_normalized,107,0.011573
1,signature_normalized,108,0.011026
1,signature_normalized,109,0.013214
1,signature_normalized,110,0.017369
1,signature_normalized,111,0.005928
1,signature_normalized,112,0.010780
1,signature_normalized,113,0.021799
1,signature_normalized,114,0.009313
1,signature_normalized,115,0.016949
1,signature_normalized,116,0.022361
1,signature_normalized,117,0.008035
1,signature_normalized,118,0.013705
1,signature_normalized,119,0.009648
1,signature_normalized,120,0.011376
1,signature_normalized,121,0.009524
1,signature_normalized,122,0.014872
1,signature_normalized,123,0.007660
1,signature_normalized,124,0.007328
1,signature_normalized,125,0.026632
1,signature_normalized,126,0.012102
1,signature_normalized,127,0.011019
1,signature_normalized,128,0.011101
1,signature_normalized,129,0.009620
1,signature_normalized,130,0.015849
1,signature_normalized,131,0.017103
1,signature_normalized,132,0.008682
1,signature_normalized,133,0.019721
1,signature_normalized,134,0.007092
1,signature_normalized,135,0.028279
1,signature_normalized,136,0.009864
1,signature_normalized,137,0.009494
1,signature_normalized,138,0.024139
1,signature_normalized,139,0.024400
1,signature_normalized,140,0.009416
1,signature_normalized,141,0.006759
1,signature_normalized,142,0.007772
1,signature_normalized,143,0.010368
1,signature_normalized,144,0.005307
1,signature_normalized,145,0.004382
1,signature_normalized,146,0.008281
1,signature_normalized,147,0.003635
1,signature_normalized,148,0.005300
1,signature_normalized,149,0.020748
1,signature_normalized,150,0.009749
1,signature_normalized,151,0.006286
1,signature_normalized,152,0.005818
1,signature_normalized,153,0.012874
1,signature_normalized,154,0.010921
1,signature_normalized,155,0.011494
1,signature_normalized,156,0.018481
1,signature_normalized,157,0.014206
1,signature_normalized,158,0.014384
1,signature_normalized,159,0.010674
1,signature_normalized,160,0.023537
1,signature_normalized,161,0.005627
1,signature_normalized,162,0.011173
1,signature_normalized,163,0.007384
1,signature_normalized,164,0.005504
1,signature_normalized,165,0.008912
1,signature_normalized,166,0.012877
1,signature_normalized,167,0.004588
1,signature_normalized,168,0.005043
1,signature_normalized,169,0.011537
1,signature_normalized,170,0.005689
1,signature_normalized,171,0.014500
1,signature_normalized,172,0.038275
1,signature_normalized,173,0.015679
1,signature_normalized,174,0.010941
1,signature_normalized,175,0.012063
1,signature_normalized,176,0.010674
1,signature_normalized,177,0.004310
1,signature_normalized,178,0.013856
1,signature_normalized,179,0.005520
1,signature_normalized,180,0.005704
1,signature_normalized,181,0.004902
1,signature_normalized,182,0.006267
1,signature_normalized,183,0.011146
1,signature_normalized,184,0.006194
1,signature_normalized,185,0.012710
1,signature_normalized,186,0.022194
1,signature_normalized,187,0.011956
1,signature_normalized,188,0.010162
1,signature_normalized,189,0.003884
1,signature_normalized,190,0.005591
1,signature_normalized,191,0.005891
1,signature_normalized,192,0.004714
1,signature_normalized,193,0.013043
1,signature_normalized,194,0.005675
1,signature_normalized,195,0.046229
1,signature_normalized,196,0.020388
1,signature_normalized,197,0.014569
1,signature_normalized,198,0.020730
1,signature_normalized,199,0.016556
1,signature_normalized,200,0.015016
1,signature_normalized,201,0.017543
1,signature_normalized,202,0.014518
1,signature_normalized,203,0.008453
1,signature_normalized,204,0.013068
1,signature_normalized,205,0.007504
1,signature_normalized,206,0.010742
1,signature_normalized,207,0.012448
1,signature_normalized,208,0.003810
1,signature_normalized,209,0.006823
1,signature_normalized,210,0.009895
1,signature_normalized,211,0.009461
1,signature_normalized,212,0.005239
1,signature_normalized,213,0.011294
1,signature_normalized,214,0.011256
1,signature_normalized,215,0.010104
1,signature_normalized,216,0.015946
1,signature_normalized,217,0.008495
1,signature_normalized,218,0.006404
1,signature_normalized,219,0.006053
1,signature_normalized,220,0.005144
1,signature_normalized,221,0.005877
1,signature_normalized,222,0.006263
1,signature_normalized,223,0.006702
1,signature_normalized,224,0.013400
1,signature_normalized,225,0.004858
1,signature_normalized,226,0.010778
1,signature_normalized,227,0.010972
1,signature_normalized,228,0.005214
1,signature_normalized,229,0.013698
1,signature_normalized,230,0.015092
1,signature_normalized,231,0.005280
1,signature_normalized,232,0.010629
1,signature_normalized,233,0.005732
1,signature_normalized,234,0.004963
1,signature_normalized,235,0.014525
1,signature_normalized,236,0.005661
1,signature_normalized,237,0.005478
1,signature_normalized,238,0.005728
1,signature_normalized,239,0.011656
1,signature_normalized,240,0.006106
1,signature_normalized,241,0.011992
1,signature_normalized,242,0.012330
1,signature_normalized,243,0.005807
1,signature_normalized,244,0.016607
1,signature_normalized,245,0.004227
1,signature_normalized,246,0.009136
1,signature_normalized,247,0.004516
1,signature_normalized,248,0.019457
1,signature_normalized,249,0.011051
1,signature_normalized,250,0.005843
1,signature_normalized,251,0.013285
1,signature_normalized,252,0.005927
1,signature_normalized,253,0.013538
1,signature_normalized,254,0.004981
1,signature_normalized,255,0.026976
1,signature_normalized,256,0.011144
1,signature_normalized,257,0.007892
1,signature_normalized,258,0.005706
1,signature_normalized,259,0.005762
1,signature_normalized,260,0.010752
1,signature_normalized,261,0.014449
1,signature_normalized,262,0.019682
1,svm_normalized_uncalibrated,0,0.419170
1,svm_normalized_uncalibrated,1,0.419122
1,svm_normalized_uncalibrated,2,0.470320
1,svm_normalized_uncalibrated,3,0.368521
1,svm_normalized_uncalibrated,4,0.421002
1,svm_normalized_uncalibrated,5,0.350783
1,svm_normalized_uncalibrated,6,0.377823
1,svm_normalized_uncalibrated,7,0.354036
1,svm_normalized_uncalibrated,8,0.335505
1,svm_normalized_uncalibrated,9,0.401926
1,svm_normalized_uncalibrated,10,0.371021
1,svm_normalized_uncalibrated,11,0.384442
1,svm_normalized_uncalibrated,12,0.464223
1,svm_normalized_uncalibrated,13,0.378078
1,svm_normalized_uncalibrated,14,0.387625
1,svm_normalized_uncalibrated,15,0.358986
1,svm_normalized_uncalibrated,16,0.314790
1,svm_normalized_uncalibrated,17,0.430994
1,svm_normalized_uncalibrated,18,0.417441
1,svm_normalized_uncalibrated,19,0.396642
1,svm_normalized_uncalibrated,20,0.357536
1,svm_normalized_uncalibrated,21,0.306937
1,svm_normalized_uncalibrated,22,0.376054
1,svm_normalized_uncalibrated,23,0.441243
1,svm_normalized_uncalibrated,24,0.356412
1,svm_normalized_uncalibrated,25,0.388126
1,svm_normalized_uncalibrated,26,0.333542
1,svm_normalized_uncalibrated,27,0.314960
1,svm_normalized_uncalibrated,28,0.391981
1,svm_normalized_uncalibrated,29,0.329677
1,svm_normalized_uncalibrated,30,0.320926
1,svm_normalized_uncalibrated,31,0.406361
1,svm_normalized_uncalibrated,32,0.344604
1,svm_normalized_uncalibrated,33,0.394222
1,svm_normalized_uncalibrated,34,0.384236
1,svm_normalized_uncalibrated,35,0.325366
1,svm_normalized_uncalibrated,36,0.385350
1,svm_normalized_uncalibrated,37,0.341214
1,svm_normalized_uncalibrated,38,0.325298
1,svm_normalized_uncalibrated,39,0.379426
1,svm_normalized_uncalibrated,40,0.319717
1,svm_normalized_uncalibrated,41,0.334571
1,svm_normalized_uncalibrated,42,0.377836
1,svm_normalized_uncalibrated,43,0.334405
1,svm_normalized_uncalibrated,44,0.331034
1,svm_normalized_uncalibrated,45,0.469224
1,svm_normalized_uncalibrated,46,0.332315
1,svm_normalized_uncalibrated,47,0.365629
1,svm_normalized_uncalibrated,48,0.340229
1,svm_normalized_uncalibrated,49,0.333191
1,svm_normalized_uncalibrated,50,0.368364
1,svm_normalized_uncalibrated,51,0.319790
1,svm_normalized_uncalibrated,52,0.324535
1,svm_normalized_uncalibrated,53,0.368140
1,svm_normalized_uncalibrated,54,0.364917
1,svm_normalized_uncalibrated,55,0.341245
1,svm_normalized_uncalibrated,56,0.457908
1,svm_normalized_uncalibrated,57,0.409416
1,svm_normalized_uncalibrated,58,0.418987
1,svm_normalized_uncalibrated,59,0.346626
1,svm_normalized_uncalibrated,60,0.336995
1,svm_normalized_uncalibrated,61,0.399060
1,svm_normalized_uncalibrated,62,0.342928
1,svm_normalized_uncalibrated,63,0.316423
1,svm_normalized_uncalibrated,64,0.374408
1,svm_normalized_uncalibrated,65,0.363426
1,svm_normalized_uncalibrated,66,0.395112
1,svm_normalized_uncalibrated,67,0.398181
1,svm_normalized_uncalibrated,68,0.344159
1,svm_normalized_uncalibrated,69,0.380643
1,svm_normalized_uncalibrated,70,0.340343
1,svm_normalized_uncalibrated,71,0.331560
1,svm_normalized_uncalibrated,72,0.393841
1,svm_normalized_uncalibrated,73,0.344616
1,svm_normalized_uncalibrated,74,0.341288
1,svm_normalized_uncalibrated,75,0.400921
1,svm_normalized_uncalibrated,76,0.334209
1,svm_normalized_uncalibrated,77,0.360704
1,svm_normalized_uncalibrated,78,0.427844
1,svm_normalized_uncalibrated,79,0.363209
1,svm_normalized_uncalibrated,80,0.399646
1,svm_normalized_uncalibrated,81,0.329281
1,svm_normalized_uncalibrated,82,0.320926
1,svm_normalized_uncalibrated,83,0.400714
1,svm_normalized_uncalibrated,84,0.367378
1,svm_normalized_uncalibrated,85,0.330855
1,svm_normalized_uncalibrated,86,0.370146
1,svm_normalized_uncalibrated,87,0.329281
1,svm_normalized_uncalibrated,88,0.431155
1,svm_normalized_uncalibrated,89,0.427451
1,svm_normalized_uncalibrated,90,0.338373
1,svm_normalized_uncalibrated,91,0.388907
1,svm_normalized_uncalibrated,92,0.335215
1,svm_normalized_uncalibrated,93,0.313219
1,svm_normalized_uncalibrated,94,0.380115
1,svm_normalized_uncalibrated,95,0.313791
1,svm_normalized_uncalibrated,96,0.304949
1,svm_normalized_uncalibrated,97,0.413147
1,svm_normalized_uncalibrated,98,0.352603
1,svm_normalized_uncalibrated,99,0.382037
1,svm_normalized_uncalibrated,100,0.393177
1,svm_normalized_uncalibrated,101,0.331101
1,svm_normalized_uncalibrated,102,0.365877
1,svm_normalized_uncalibrated,103,0.346461
1,svm_normalized_uncalibrated,104,0.305779
1,svm_normalized_uncalibrated,105,0.423457
1,svm_normalized_uncalibrated,106,0.329518
1,svm_normalized_uncalibrated,107,0.332980
1,svm_normalized_uncalibrated,108,0.393785
1,svm_normalized_uncalibrated,109,0.334407
1,svm_normalized_uncalibrated,110,0.337926
1,svm_normalized_uncalibrated,111,0.427506
1,svm_normalized_uncalibrated,112,0.362767
1,svm_normalized_uncalibrated,113,0.452819
1,svm_normalized_uncalibrated,114,0.329992
1,svm_normalized_uncalibrated,115,0.325363
1,svm_normalized_uncalibrated,116,0.442702
1,svm_normalized_uncalibrated,117,0.352246
1,svm_normalized_uncalibrated,118,0.386368
1,svm_normalized_uncalibrated,119,0.331364
1,svm_normalized_uncalibrated,120,0.308667
1,svm_normalized_uncalibrated,121,0.378102
1,svm_normalized_uncalibrated,122,0.409098
1,svm_normalized_uncalibrated,123,0.322148
1,svm_normalized_uncalibrated,124,0.388513
1,svm_normalized_uncalibrated,125,0.332916
1,svm_normalized_uncalibrated,126,0.340865
1,svm_normalized_uncalibrated,127,0.421940
1,svm_normalized_uncalibrated,128,0.335403
1,svm_normalized_uncalibrated,129,0.316571
1,svm_normalized_uncalibrated,130,0.401133
1,svm_normalized_uncalibrated,131,0.346687
1,svm_normalized_uncalibrated,132,0.366090
1,svm_normalized_uncalibrated,133,0.403500
1,svm_normalized_uncalibrated,134,0.355794
1,svm_normalized_uncalibrated,135,0.405934
1,svm_normalized_uncalibrated,136,0.343566
1,svm_normalized_uncalibrated,137,0.310818
1,svm_normalized_uncalibrated,138,0.379676
1,svm_normalized_uncalibrated,139,0.328001
1,svm_normalized_uncalibrated,140,0.320056
1,svm_normalized_uncalibrated,141,0.378690
1,svm_normalized_uncalibrated,142,0.321290
1,svm_normalized_uncalibrated,143,0.341195
1,svm_normalized_uncalibrated,144,0.476049
1,svm_normalized_uncalibrated,145,0.339587
1,svm_normalized_uncalibrated,146,0.380831
1,svm_normalized_uncalibrated,147,0.324078
1,svm_normalized_uncalibrated,148,0.324319
1,svm_normalized_uncalibrated,149,0.410233
1,svm_normalized_uncalibrated,150,0.329174
1,svm_normalized_uncalibrated,151,0.317081
1,svm_normalized_uncalibrated,152,0.369457
1,svm_normalized_uncalibrated,153,0.367062
1,svm_normalized_uncalibrated,154,0.328074
1,svm_normalized_uncalibrated,155,0.442337
1,svm_normalized_uncalibrated,156,0.363756
1,svm_normalized_uncalibrated,157,0.411853
1,svm_normalized_uncalibrated,158,0.362309
1,svm_normalized_uncalibrated,159,0.318149
1,svm_normalized_uncalibrated,160,0.410666
1,svm_normalized_uncalibrated,161,0.338532
1,svm_normalized_uncalibrated,162,0.342626
1,svm_normalized_uncalibrated,163,0.389294
1,svm_normalized_uncalibrated,164,0.322243
1,svm_normalized_uncalibrated,165,0.318520
1,svm_normalized_uncalibrated,166,0.463566
1,svm_normalized_uncalibrated,167,0.372347
1,svm_normalized_uncalibrated,168,0.369653
1,svm_normalized_uncalibrated,169,0.361113
1,svm_normalized_uncalibrated,170,0.333299
1,svm_normalized_uncalibrated,171,0.397593
1,svm_normalized_uncalibrated,172,0.331131
1,svm_normalized_uncalibrated,173,0.319798
1,svm_normalized_uncalibrated,174,0.374632
1,svm_normalized_uncalibrated,175,0.317984
1,svm_normalized_uncalibrated,176,0.468389
1,svm_normalized_uncalibrated,177,0.439981
1,svm_normalized_uncalibrated,178,0.351527
1,svm_normalized_uncalibrated,179,0.395405
1,svm_normalized_uncalibrated,180,0.323102
1,svm_normalized_uncalibrated,181,0.331962
1,svm_normalized_uncalibrated,182,0.392078
1,svm_normalized_uncalibrated,183,0.330638
1,svm_normalized_uncalibrated,184,0.305501
1,svm_normalized_uncalibrated,185,0.389372
1,svm_normalized_uncalibrated,186,0.374232
1,svm_normalized_uncalibrated,187,0.409108
1,svm_normalized_uncalibrated,188,0.396221
1,svm_normalized_uncalibrated,189,0.329250
1,svm_normalized_uncalibrated,190,0.386971
1,svm_normalized_uncalibrated,191,0.334960
1,svm_normalized_uncalibrated,192,0.352988
1,svm_normalized_uncalibrated,193,0.400542
1,svm_normalized_uncalibrated,194,0.345627
1,svm_normalized_uncalibrated,195,0.366290
1,svm_normalized_uncalibrated,196,0.379432
1,svm_normalized_uncalibrated,197,0.332359
1,svm_normalized_uncalibrated,198,0.384303
1,svm_normalized_uncalibrated,199,0.400437
1,svm_normalized_uncalibrated,200,0.352187
1,svm_normalized_uncalibrated,201,0.408540
1,svm_normalized_uncalibrated,202,0.341784
1,svm_normalized_uncalibrated,203,0.315408
1,svm_normalized_uncalibrated,204,0.415281
1,svm_normalized_uncalibrated,205,0.341268
1,svm_normalized_uncalibrated,206,0.373472
1,svm_normalized_uncalibrated,207,0.359170
1,svm_normalized_uncalibrated,208,0.346147
1,svm_normalized_uncalibrated,209,0.379201
1,svm_normalized_uncalibrated,210,0.400377
1,svm_normalized_uncalibrated,211,0.320344
1,svm_normalized_uncalibrated,212,0.387476
1,svm_normalized_uncalibrated,213,0.325953
1,svm_normalized_uncalibrated,214,0.329051
1,svm_normalized_uncalibrated,215,0.386559
1,svm_normalized_uncalibrated,216,0.506370
1,svm_normalized_uncalibrated,217,0.588205
1,svm_normalized_uncalibrated,218,0.560286
1,svm_normalized_uncalibrated,219,0.623244
1,svm_normalized_uncalibrated,220,0.565839
1,svm_normalized_uncalibrated,221,0.368690
1,svm_normalized_uncalibrated,222,0.334222
1,svm_normalized_uncalibrated,223,0.402473
1,svm_normalized_uncalibrated,224,0.371774
1,svm_normalized_uncalibrated,225,0.392324
1,svm_normalized_uncalibrated,226,0.367220
1,svm_normalized_uncalibrated,227,0.407123
1,svm_normalized_uncalibrated,228,0.461862
1,svm_normalized_uncalibrated,229,0.394129
1,svm_normalized_uncalibrated,230,0.389345
1,svm_normalized_uncalibrated,231,0.339805
1,svm_normalized_uncalibrated,232,0.321038
1,svm_normalized_uncalibrated,233,0.360768
1,svm_normalized_uncalibrated,234,0.422139
1,svm_normalized_uncalibrated,235,0.374046
1,svm_normalized_uncalibrated,236,0.379480
1,svm_normalized_uncalibrated,237,0.327731
1,svm_normalized_uncalibrated,238,0.322323
1,svm_normalized_uncalibrated,239,0.478148
1,svm_normalized_uncalibrated,240,0.357277
1,svm_normalized_uncalibrated,241,0.399855
1,svm_normalized_uncalibrated,242,0.381458
1,svm_normalized_uncalibrated,243,0.329733
1,svm_normalized_uncalibrated,244,0.387563
1,svm_normalized_uncalibrated,245,0.318792
1,svm_normalized_uncalibrated,246,0.320424
1,svm_normalized_uncalibrated,247,0.400841
1,svm_normalized_uncalibrated,248,0.358337
1,svm_normalized_uncalibrated,249,0.336420
1,svm_normalized_uncalibrated,250,0.430907
1,svm_normalized_uncalibrated,251,0.368152
1,svm_normalized_uncalibrated,252,0.383334
1,svm_normalized_uncalibrated,253,0.340707
1,svm_normalized_uncalibrated,254,0.343255
1,svm_normalized_uncalibrated,255,0.404445
1,svm_normalized_uncalibrated,256,0.338422
1,svm_normalized_uncalibrated,257,0.314794
1,svm_normalized_uncalibrated,258,0.385822
1,svm_normalized_uncalibrated,259,0.463703
1,svm_normalized_uncalibrated,260,0.435558
1,svm_normalized_uncalibrated,261,0.418884
1,svm_normalized_uncalibrated,262,0.348852
2,logistic_regression_normalized,0,0.401600
2,logistic_regression_normalized,1,0.549198
2,logistic_regression_normalized,2,0.412022
2,logistic_regression_normalized,3,0.457953
2,logistic_regression_normalized,4,0.393303
2,logistic_regression_normalized,5,0.428573
2,logistic_regression_normalized,6,0.411458
2,logistic_regression_normalized,7,0.386369
2,logistic_regression_normalized,8,0.545632
2,logistic_regression_normalized,9,0.393681
2,logistic_regression_normalized,10,0.527751
2,logistic_regression_normalized,11,0.390791
2,logistic_regression_normalized,12,0.493812
2,logistic_regression_normalized,13,0.478165
2,logistic_regression_normalized,14,0.428875
2,logistic_regression_normalized,15,0.390479
2,logistic_regression_normalized,16,0.379197
2,logistic_regression_normalized,17,0.489767
2,logistic_regression_normalized,18,0.425666
2,logistic_regression_normalized,19,0.476548
2,logistic_regression_normalized,20,0.395884
2,logistic_regression_normalized,21,0.413387
2,logistic_regression_normalized,22,0.401103
2,logistic_regression_normalized,23,0.372278
2,logistic_regression_normalized,24,0.417005
2,logistic_regression_normalized,25,0.345934
2,logistic_regression_normalized,26,0.458232
2,logistic_regression_normalized,27,0.448241
2,logistic_regression_normalized,28,0.353701
2,logistic_regression_normalized,29,0.459280
2,logistic_regression_normalized,30,0.367573
2,logistic_regression_normalized,31,0.418515
2,logistic_regression_normalized,32,0.374060
2,logistic_regression_normalized,33,0.375341
2,logistic_regression_normalized,34,0.412403
2,logistic_regression_normalized,35,0.374950
2,logistic_regression_normalized,36,0.438638
2,logistic_regression_normalized,37,0.480635
2,logistic_regression_normalized,38,0.476411
2,logistic_regression_normalized,39,0.404809
2,logistic_regression_normalized,40,0.356312
2,logistic_regression_normalized,41,0.462420
2,logistic_regression_normalized,42,0.347670
2,logistic_regression_normalized,43,0.423202
2,logistic_regression_normalized,44,0.400010
2,logistic_regression_normalized,45,0.348427
2,logistic_regression_normalized,46,0.394197
2,logistic_regression_normalized,47,0.408546
2,logistic_regression_normalized,48,0.503204
2,logistic_regression_normalized,49,0.430885
2,logistic_regression_normalized,50,0.345177
2,logistic_regression_normalized,51,0.418127
2,logistic_regression_normalized,52,0.387990
2,logistic_regression_normalized,53,0.412901
2,logistic_regression_normalized,54,0.354879
2,logistic_regression_normalized,55,0.350852
2,logistic_regression_normalized,56,0.441089
2,logistic_regression_normalized,57,0.404888
2,logistic_regression_normalized,58,0.429321
2,logistic_regression_normalized,59,0.368446
2,logistic_regression_normalized,60,0.346049
2,logistic_regression_normalized,61,0.395806
2,logistic_regression_normalized,62,0.386445
2,logistic_regression_normalized,63,0.395239
2,logistic_regression_normalized,64,0.367117
2,logistic_regression_normalized,65,0.352621
2,logistic_regression_normalized,66,0.414288
2,logistic_regression_normalized,67,0.434420
2,logistic_regression_normalized,68,0.537737
2,logistic_regression_normalized,69,0.423948
2,logistic_regression_normalized,70,0.395746
2,logistic_regression_normalized,71,0.442702
2,logistic_regression_normalized,72,0.363489
2,logistic_regression_normalized,73,0.497330
2,logistic_regression_normalized,74,0.373018
2,logistic_regression_normalized,75,0.425821
2,logistic_regression_normalized,76,0.501996
2,logistic_regression_normalized,77,0.387320
2,logistic_regression_normalized,78,0.428508
2,logistic_regression_normalized,79,0.378127
2,logistic_regression_normalized,80,0.412969
2,logistic_regression_normalized,81,0.358916
2,logistic_regression_normalized,82,0.367842
2,logistic_regression_normalized,83,0.431200
2,logistic_regression_normalized,84,0.404943
2,logistic_regression_normalized,85,0.404891
2,logistic_regression_normalized,86,0.445556
2,logistic_regression_normalized,87,0.382553
2,logistic_regression_normalized,88,0.426561
2,logistic_regression_normalized,89,0.360742
2,logistic_regression_normalized,90,0.452949
2,logistic_regression_normalized,91,0.352876
2,logistic_regression_normalized,92,0.332595
2,logistic_regression_normalized,93,0.394342
2,logistic_regression_normalized,94,0.339931
2,logistic_regression_normalized,95,0.397027
2,logistic_regression_normalized,96,0.427432
2,logistic_regression_normalized,97,0.360610
2,logistic_regression_normalized,98,0.395946
2,logistic_regression_normalized,99,0.361751
2,logistic_regression_normalized,100,0.346713
2,logistic_regression_normalized,101,0.418114
2,logistic_regression_normalized,102,0.321873
2,logistic_regression_normalized,103,0.435918
2,logistic_regression_normalized,104,0.382827
2,logistic_regression_normalized,105,0.396611
2,logistic_regression_normalized,106,0.498224
2,logistic_regression_normalized,107,0.369989
2,logistic_regression_normalized,108,0.432503
2,logistic_regression_normalized,109,0.378681
2,logistic_regression_normalized,110,0.382885
2,logistic_regression_normalized,111,0.402896
2,logistic_regression_normalized,112,0.476532
2,logistic_regression_normalized,113,0.509593
2,logistic_regression_normalized,114,0.361886
2,logistic_regression_normalized,115,0.482804
2,logistic_regression_normalized,116,0.455562
2,logistic_regression_normalized,117,0.412143
2,logistic_regression_normalized,118,0.393468
2,logistic_regression_normalized,119,0.341483
2,logistic_regression_normalized,120,0.388298
2,logistic_regression_normalized,121,0.374196
2,logistic_regression_normalized,122,0.354414
2,logistic_regression_normalized,123,0.399040
2,logistic_regression_normalized,124,0.377751
2,logistic_regression_normalized,125,0.411350
2,logistic_regression_normalized,126,0.520637
2,logistic_regression_normalized,127,0.439815
2,logistic_regression_normalized,128,0.374424
2,logistic_regression_normalized,129,0.354444
2,logistic_regression_normalized,130,0.427138
2,logistic_regression_normalized,131,0.375360
2,logistic_regression_normalized,132,0.349377
2,logistic_regression_normalized,133,0.407346
2,logistic_regression_normalized,134,0.405023
2,logistic_regression_normalized,135,0.437738
2,logistic_regression_normalized,136,0.504149
2,logistic_regression_normalized,137,0.427484
2,logistic_regression_normalized,138,0.375617
2,logistic_regression_normalized,139,0.369327
2,logistic_regression_normalized,140,0.414052
2,logistic_regression_normalized,141,0.351465
2,logistic_regression_normalized,142,0.381040
2,logistic_regression_normalized,143,0.524287
2,logistic_regression_normalized,144,0.596314
2,logistic_regression_normalized,145,0.646747
2,logistic_regression_normalized,146,0.647562
2,logistic_regression_normalized,147,0.515743
2,logistic_regression_normalized,148,0.570665
2,logistic_regression_normalized,149,0.641677
2,logistic_regression_normalized,150,0.536803
2,logistic_regression_normalized,151,0.637433
2,logistic_regression_normalized,152,0.573432
2,logistic_regression_normalized,153,0.649524
2,logistic_regression_normalized,154,0.610133
2,logistic_regression_normalized,155,0.554228
2,logistic_regression_normalized,156,0.625965
2,logistic_regression_normalized,157,0.536952
2,logistic_regression_normalized,158,0.674244
2,logistic_regression_normalized,159,0.580787
2,logistic_regression_normalized,160,0.591484
2,logistic_regression_normalized,161,0.577589
2,logistic_regression_normalized,162,0.512254
2,logistic_regression_normalized,163,0.571838
2,logistic_regression_normalized,164,0.542420
2,logistic_regression_normalized,165,0.638356
2,logistic_regression_normalized,166,0.605187
2,logistic_regression_normalized,167,0.485888
2,logistic_regression_normalized,168,0.537728
2,logistic_regression_normalized,169,0.510088
2,logistic_regression_normalized,170,0.550927
2,logistic_regression_normalized,171,0.533090
2,logistic_regression_normalized,172,0.617714
2,logistic_regression_normalized,173,0.587137
2,logistic_regression_normalized,174,0.531510
2,logistic_regression_normalized,175,0.551810
2,logistic_regression_normalized,176,0.519757
2,logistic_regression_normalized,177,0.576576
2,logistic_regression_normalized,178,0.518346
2,logistic_regression_normalized,179,0.624103
2,logistic_regression_normalized,180,0.501394
2,logistic_regression_normalized,181,0.603576
2,logistic_regression_normalized,182,0.571759
2,logistic_regression_normalized,183,0.539897
2,logistic_regression_normalized,184,0.564519
2,logistic_regression_normalized,185,0.603457
2,logistic_regression_normalized,186,0.744718
2,logistic_regression_normalized,187,0.634220
2,logistic_regression_normalized,188,0.568164
2,logistic_regression_normalized,189,0.583716
2,logistic_regression_normalized,190,0.496859
2,logistic_regression_normalized,191,0.567390
2,logistic_regression_normalized,192,0.535886
2,logistic_regression_normalized,193,0.659742
2,logistic_regression_normalized,194,0.611503
2,logistic_regression_normalized,195,0.479522
2,logistic_regression_normalized,196,0.454661
2,logistic_regression_normalized,197,0.412893
2,logistic_regression_normalized,198,0.374243
2,logistic_regression_normalized,199,0.421675
2,logistic_regression_normalized,200,0.391277
2,logistic_regression_normalized,201,0.482682
2,logistic_regression_normalized,202,0.537538
2,logistic_regression_normalized,203,0.478973
2,logistic_regression_normalized,204,0.401131
2,logistic_regression_normalized,205,0.378116
2,logistic_regression_normalized,206,0.437921
2,logistic_regression_normalized,207,0.364952
2,logistic_regression_normalized,208,0.410862
2,logistic_regression_normalized,209,0.386440
2,logistic_regression_normalized,210,0.371245
2,logistic_regression_normalized,211,0.533269
2,logistic_regression_normalized,212,0.376910
2,logistic_regression_normalized,213,0.537487
2,logistic_regression_normalized,214,0.376200
2,logistic_regression_normalized,215,0.410320
2,logistic_regression_normalized,216,0.698260
2,logistic_regression_normalized,217,0.488623
2,logistic_regression_normalized,218,0.418332
2,logistic_regression_normalized,219,0.456252
2,logistic_regression_normalized,220,0.443931
2,logistic_regression_normalized,221,0.466328
2,logistic_regression_normalized,222,0.375996
2,logistic_regression_normalized,223,0.364788
2,logistic_regression_normalized,224,0.449507
2,logistic_regression_normalized,225,0.372059
2,logistic_regression_normalized,226,0.423166
2,logistic_regression_normalized,227,0.366673
2,logistic_regression_normalized,228,0.347797
2,logistic_regression_normalized,229,0.556700
2,logistic_regression_normalized,230,0.401019
2,logistic_regression_normalized,231,0.452010
2,logistic_regression_normalized,232,0.373448
2,logistic_regression_normalized,233,0.387637
2,logistic_regression_normalized,234,0.380307
2,logistic_regression_normalized,235,0.377918
2,logistic_regression_normalized,236,0.411120
2,logistic_regression_normalized,237,0.353348
2,logistic_regression_normalized,238,0.341725
2,logistic_regression_normalized,239,0.565398
2,logistic_regression_normalized,240,0.399971
2,logistic_regression_normalized,241,0.462276
2,logistic_regression_normalized,242,0.390360
2,logistic_regression_normalized,243,0.399628
2,logistic_regression_normalized,244,0.395228
2,logistic_regression_normalized,245,0.354365
2,logistic_regression_normalized,246,0.415547
2,logistic_regression_normalized,247,0.357665
2,logistic_regression_normalized,248,0.405009
2,logistic_regression_normalized,249,0.511656
2,logistic_regression_normalized,250,0.415494
2,logistic_regression_normalized,251,0.462199
2,logistic_regression_normalized,252,0.386826
2,logistic_regression_normalized,253,0.427072
2,logistic_regression_normalized,254,0.390353
2,logistic_regression_normalized,255,0.413746
2,logistic_regression_normalized,256,0.394647
2,logistic_regression_normalized,257,0.350188
2,logistic_regression_normalized,258,0.521831
2,logistic_regression_normalized,259,0.391141
2,logistic_regression_normalized,260,0.537781
2,logistic_regression_normalized,261,0.401993
2,logistic_regression_normalized,262,0.444220
2,naive_bayes_normalized,0,0.698421
2,naive_bayes_normalized,1,0.458185
2,naive_bayes_normalized,2,0.381882
2,naive_bayes_normalized,3,0.442564
2,naive_bayes_normalized,4,0.377253
2,naive_bayes_normalized,5,0.504973
2,naive_bayes_normalized,6,0.384404
2,naive_bayes_normalized,7,0.376439
2,naive_bayes_normalized,8,0.503439
2,naive_bayes_normalized,9,0.369386
2,naive_bayes_normalized,10,0.499876
2,naive_bayes_normalized,11,0.377349
2,naive_bayes_normalized,12,0.428596
2,naive_bayes_normalized,13,0.380937
2,naive_bayes_normalized,14,0.345565
2,naive_bayes_normalized,15,0.452440
2,naive_bayes_normalized,16,0.371480
2,naive_bayes_normalized,17,0.404191
2,naive_bayes_normalized,18,0.470384
2,naive_bayes_normalized,19,0.368392
2,naive_bayes_normalized,20,0.410787
2,naive_bayes_normalized,21,0.342172
2,naive_bayes_normalized,22,0.429233
2,naive_bayes_normalized,23,0.393167
2,naive_bayes_normalized,24,0.372343
2,naive_bayes_normalized,25,0.414107
2,naive_bayes_normalized,26,0.394212
2,naive_bayes_normalized,27,0.421662
2,naive_bayes_normalized,28,0.392226
2,naive_bayes_normalized,29,0.340099
2,naive_bayes_normalized,30,0.390931
2,naive_bayes_normalized,31,0.366434
2,naive_bayes_normalized,32,0.402165
2,naive_bayes_normalized,33,0.379468
2,naive_bayes_normalized,34,0.332705
2,naive_bayes_normalized,35,0.391470
2,naive_bayes_normalized,36,0.391612
2,naive_bayes_normalized,37,0.368423
2,naive_bayes_normalized,38,0.479567
2,naive_bayes_normalized,39,0.364773
2,naive_bayes_normalized,40,0.464837
2,naive_bayes_normalized,41,0.363830
2,naive_bayes_normalized,42,0.349365
2,naive_bayes_normalized,43,0.407814
2,naive_bayes_normalized,44,0.358638
2,naive_bayes_normalized,45,0.393685
2,naive_bayes_normalized,46,0.371432
2,naive_bayes_normalized,47,0.342016
2,naive_bayes_normalized,48,0.412316
2,naive_bayes_normalized,49,0.423917
2,naive_bayes_normalized,50,0.340895
2,naive_bayes_normalized,51,0.434130
2,naive_bayes_normalized,52,0.369900
2,naive_bayes_normalized,53,0.404757
2,naive_bayes_normalized,54,0.347501
2,naive_bayes_normalized,55,0.346815
2,naive_bayes_normalized,56,0.495279
2,naive_bayes_normalized,57,0.374538
2,naive_bayes_normalized,58,0.425421
2,naive_bayes_normalized,59,0.431134
2,naive_bayes_normalized,60,0.485729
2,naive_bayes_normalized,61,0.381834
2,naive_bayes_normalized,62,0.461097
2,naive_bayes_normalized,63,0.421555
2,naive_bayes_normalized,64,0.341412
2,naive_bayes_normalized,65,0.504351
2,naive_bayes_normalized,66,0.395384
2,naive_bayes_normalized,67,0.354009
2,naive_bayes_normalized,68,0.496930
2,naive_bayes_normalized,69,0.367679
2,naive_bayes_normalized,70,0.431112
2,naive_bayes_normalized,71,0.361159
2,naive_bayes_normalized,72,0.353829
2,naive_bayes_normalized,73,0.404970
2,naive_bayes_normalized,74,0.381272
2,naive_bayes_normalized,75,0.440851
2,naive_bayes_normalized,76,0.379137
2,naive_bayes_normalized,77,0.340028
2,naive_bayes_normalized,78,0.494201
2,naive_bayes_normalized,79,0.395378
2,naive_bayes_normalized,80,0.427594
2,naive_bayes_normalized,81,0.356109
2,naive_bayes_normalized,82,0.359874
2,naive_bayes_normalized,83,0.424970
2,naive_bayes_normalized,84,0.382760
2,naive_bayes_normalized,85,0.398659
2,naive_bayes_normalized,86,0.359641
2,naive_bayes_normalized,87,0.380736
2,naive_bayes_normalized,88,0.529084
2,naive_bayes_normalized,89,0.403014
2,naive_bayes_normalized,90,0.455170
2,naive_bayes_normalized,91,0.347149
2,naive_bayes_normalized,92,0.402848
2,naive_bayes_normalized,93,0.363433
2,naive_bayes_normalized,94,0.343310
2,naive_bayes_normalized,95,0.556973
2,naive_bayes_normalized,96,0.395216
2,naive_bayes_normalized,97,0.430817
2,naive_bayes_normalized,98,0.420926
2,naive_bayes_normalized,99,0.354493
2,naive_bayes_normalized,100,0.421554
2,naive_bayes_normalized,101,0.376288
2,naive_bayes_normalized,102,0.384647
2,naive_bayes_normalized,103,0.367169
2,naive_bayes_normalized,104,0.352638
2,naive_bayes_normalized,105,0.483502
2,naive_bayes_normalized,106,0.398538
2,naive_bayes_normalized,107,0.408204
2,naive_bayes_normalized,108,0.416133
2,naive_bayes_normalized,109,0.404844
2,naive_bayes_normalized,110,0.444905
2,naive_bayes_normalized,111,0.345375
2,naive_bayes_normalized,112,0.397438
2,naive_bayes_normalized,113,0.394181
2,naive_bayes_normalized,114,0.350709
2,naive_bayes_normalized,115,0.419258
2,naive_bayes_normalized,116,0.357561
2,naive_bayes_normalized,117,0.338871
2,naive_bayes_normalized,118,0.513885
2,naive_bayes_normalized,119,0.361430
2,naive_bayes_normalized,120,0.401091
2,naive_bayes_normalized,121,0.341857
2,naive_bayes_normalized,122,0.374837
2,naive_bayes_normalized,123,0.394065
2,naive_bayes_normalized,124,0.353728
2,naive_bayes_normalized,125,0.410515
2,naive_bayes_normalized,126,0.384023
2,naive_bayes_normalized,127,0.342803
2,naive_bayes_normalized,128,0.443675
2,naive_bayes_normalized,129,0.365694
2,naive_bayes_normalized,130,0.439649
2,naive_bayes_normalized,131,0.378789
2,naive_bayes_normalized,132,0.341642
2,naive_bayes_normalized,133,0.405038
2,naive_bayes_normalized,134,0.365076
2,naive_bayes_normalized,135,0.409075
2,naive_bayes_normalized,136,0.378748
2,naive_bayes_normalized,137,0.359582
2,naive_bayes_normalized,138,0.401806
2,naive_bayes_normalized,139,0.411023
2,naive_bayes_normalized,140,0.357895
2,naive_bayes_normalized,141,0.401889
2,naive_bayes_normalized,142,0.347859
2,naive_bayes_normalized,143,0.401053
2,naive_bayes_normalized,144,0.347054
2,naive_bayes_normalized,145,0.355189
2,naive_bayes_normalized,146,0.411078
2,naive_bayes_normalized,147,0.348847
2,naive_bayes_normalized,148,0.329664
2,naive_bayes_normalized,149,0.478763
2,naive_bayes_normalized,150,0.376414
2,naive_bayes_normalized,151,0.410749
2,naive_bayes_normalized,152,0.345874
2,naive_bayes_normalized,153,0.342838
2,naive_bayes_normalized,154,0.421906
2,naive_bayes_normalized,155,0.368870
2,naive_bayes_normalized,156,0.396201
2,naive_bayes_normalized,157,0.378511
2,naive_bayes_normalized,158,0.355749
2,naive_bayes_normalized,159,0.405855
2,naive_bayes_normalized,160,0.461746
2,naive_bayes_normalized,161,0.349267
2,naive_bayes_normalized,162,0.393715
2,naive_bayes_normalized,163,0.338643
2,naive_bayes_normalized,164,0.420396
2,naive_bayes_normalized,165,0.362358
2,naive_bayes_normalized,166,0.346977
2,naive_bayes_normalized,167,0.385317
2,naive_bayes_normalized,168,0.340028
2,naive_bayes_normalized,169,0.343826
2,naive_bayes_normalized,170,0.452546
2,naive_bayes_normalized,171,0.428829
2,naive_bayes_normalized,172,0.417492
2,naive_bayes_normalized,173,0.362090
2,naive_bayes_normalized,174,0.342012
2,naive_bayes_normalized,175,0.395993
2,naive_bayes_normalized,176,0.413505
2,naive_bayes_normalized,177,0.421244
2,naive_bayes_normalized,178,0.380232
2,naive_bayes_normalized,179,0.341056
2,naive_bayes_normalized,180,0.591664
2,naive_bayes_normalized,181,0.380906
2,naive_bayes_normalized,182,0.593981
2,naive_bayes_normalized,183,0.450472
2,naive_bayes_normalized,184,0.434338
2,naive_bayes_normalized,185,0.379447
2,naive_bayes_normalized,186,0.479050
2,naive_bayes_normalized,187,0.413507
2,naive_bayes_normalized,188,0.367477
2,naive_bayes_normalized,189,0.606885
2,naive_bayes_normalized,190,0.487387
2,naive_bayes_normalized,191,0.570787
2,naive_bayes_normalized,192,0.455650
2,naive_bayes_normalized,193,0.556803
2,naive_bayes_normalized,194,0.606923
2,naive_bayes_normalized,195,0.523481
2,naive_bayes_normalized,196,0.559479
2,naive_bayes_normalized,197,0.382520
2,naive_bayes_normalized,198,0.467790
2,naive_bayes_normalized,199,0.384691
2,naive_bayes_normalized,200,0.385409
2,naive_bayes_normalized,201,0.439202
2,naive_bayes_normalized,202,0.363718
2,naive_bayes_normalized,203,0.398781
2,naive_bayes_normalized,204,0.359192
2,naive_bayes_normalized,205,0.370685
2,naive_bayes_normalized,206,0.478798
2,naive_bayes_normalized,207,0.374417
2,naive_bayes_normalized,208,0.395889
2,naive_bayes_normalized,209,0.359491
2,naive_bayes_normalized,210,0.366102
2,naive_bayes_normalized,211,0.469836
2,naive_bayes_normalized,212,0.365691
2,naive_bayes_normalized,213,0.426114
2,naive_bayes_normalized,214,0.371808
2,naive_bayes_normalized,215,0.382188
2,naive_bayes_normalized,216,0.481826
2,naive_bayes_normalized,217,0.356994
2,naive_bayes_normalized,218,0.441256
2,naive_bayes_normalized,219,0.363838
2,naive_bayes_normalized,220,0.352750
2,naive_bayes_normalized,221,0.396212
2,naive_bayes_normalized,222,0.337385
2,naive_bayes_normalized,223,0.388810
2,naive_bayes_normalized,224,0.411357
2,naive_bayes_normalized,225,0.371692
2,naive_bayes_normalized,226,0.428279
2,naive_bayes_normalized,227,0.418996
2,naive_bayes_normalized,228,0.461146
2,naive_bayes_normalized,229,0.473714
2,naive_bayes_normalized,230,0.390772
2,naive_bayes_normalized,231,0.425655
2,naive_bayes_normalized,232,0.360399
2,naive_bayes_normalized,233,0.397187
2,naive_bayes_normalized,234,0.390437
2,naive_bayes_normalized,235,0.392083
2,naive_bayes_normalized,236,0.464356
2,naive_bayes_normalized,237,0.359181
2,naive_bayes_normalized,238,0.394082
2,naive_bayes_normalized,239,0.354602
2,naive_bayes_normalized,240,0.367415
2,naive_bayes_normalized,241,0.432341
2,naive_bayes_normalized,242,0.366497
2,naive_bayes_normalized,243,0.392473
2,naive_bayes_normalized,244,0.393490
2,naive_bayes_normalized,245,0.340638
2,naive_bayes_normalized,246,0.479482
2,naive_bayes_normalized,247,0.426537
2,naive_bayes_normalized,248,0.424647
2,naive_bayes_normalized,249,0.368487
2,naive_bayes_normalized,250,0.366233
2,naive_bayes_normalized,251,0.419119
2,naive_bayes_normalized,252,0.369843
2,naive_bayes_normalized,253,0.421206
2,naive_bayes_normalized,254,0.382410
2,naive_bayes_normalized,255,0.398495
2,naive_bayes_normalized,256,0.516126
2,naive_bayes_normalized,257,0.369135
2,naive_bayes_normalized,258,0.462699
2,naive_bayes_normalized,259,0.377492
2,naive_bayes_normalized,260,0.365178
2,naive_bayes_normalized,261,0.463923
2,naive_bayes_normalized,262,0.358157
2,svm_normalized,0,1.628399
2,svm_normalized,1,1.523848
2,svm_normalized,2,1.451184
2,svm_normalized,3,1.543347
2,svm_normalized,4,1.840903
2,svm_normalized,5,1.698876
2,svm_normalized,6,1.945024
2,svm_normalized,7,2.006802
2,svm_normalized,8,1.597765
2,svm_normalized,9,1.528071
2,svm_normalized,10,1.795393
2,svm_normalized,11,1.651702
2,svm_normalized,12,1.544953
2,svm_normalized,13,1.574190
2,svm_normalized,14,1.496861
2,svm_normalized,15,1.610815
2,svm_normalized,16,1.491717
2,svm_normalized,17,1.504464
2,svm_normalized,18,1.594054
2,svm_normalized,19,1.430536
2,svm_normalized,20,1.614316
2,svm_normalized,21,1.472316
2,svm_normalized,22,1.521151
2,svm_normalized,23,1.648892
2,svm_normalized,24,1.554350
2,svm_normalized,25,1.637640
2,svm_normalized,26,1.496284
2,svm_normalized,27,1.439716
2,svm_normalized,28,1.526142
2,svm_normalized,29,1.557535
2,svm_normalized,30,1.534872
2,svm_normalized,31,1.610828
2,svm_normalized,32,1.499169
2,svm_normalized,33,1.670540
2,svm_normalized,34,1.525118
2,svm_normalized,35,1.588703
2,svm_normalized,36,1.690133
2,svm_normalized,37,1.537375
2,svm_normalized,38,1.871193
2,svm_normalized,39,1.822747
2,svm_normalized,40,1.607305
2,svm_normalized,41,1.515804
2,svm_normalized,42,1.509597
2,svm_normalized,43,1.565548
2,svm_normalized,44,1.660395
2,svm_normalized,45,1.567130
2,svm_normalized,46,1.585728
2,svm_normalized,47,1.420013
2,svm_normalized,48,1.690157
2,svm_normalized,49,1.572659
2,svm_normalized,50,1.569047
2,svm_normalized,51,1.610209
2,svm_normalized,52,1.671169
2,svm_normalized,53,1.871701
2,svm_normalized,54,1.615047
2,svm_normalized,55,1.663890
2,svm_normalized,56,1.599950
2,svm_normalized,57,1.597591
2,svm_normalized,58,1.442363
2,svm_normalized,59,1.572602
2,svm_normalized,60,1.591104
2,svm_normalized,61,1.534550
2,svm_normalized,62,1.498556
2,svm_normalized,63,1.597750
2,svm_normalized,64,1.548707
2,svm_normalized,65,1.612833
2,svm_normalized,66,1.618058
2,svm_normalized,67,1.486840
2,svm_normalized,68,1.944081
2,svm_normalized,69,1.831113
2,svm_normalized,70,1.853323
2,svm_normalized,71,1.481093
2,svm_normalized,72,1.570705
2,svm_normalized,73,1.755409
2,svm_normalized,74,1.536464
2,svm_normalized,75,1.706275
2,svm_normalized,76,1.574613
2,svm_normalized,77,1.603483
2,svm_normalized,78,1.857629
2,svm_normalized,79,1.910585
2,svm_normalized,80,1.722633
2,svm_normalized,81,1.471669
2,svm_normalized,82,1.655867
2,svm_normalized,83,1.517137
2,svm_normalized,84,1.679001
2,svm_normalized,85,1.533234
2,svm_normalized,86,1.463664
2,svm_normalized,87,1.596659
2,svm_normalized,88,1.502602
2,svm_normalized,89,1.538478
2,svm_normalized,90,1.609058
2,svm_normalized,91,1.471146
2,svm_normalized,92,1.564533
2,svm_normalized,93,1.550099
2,svm_normalized,94,1.491147
2,svm_normalized,95,1.641865
2,svm_normalized,96,1.566982
2,svm_normalized,97,1.590463
2,svm_normalized,98,1.672526
2,svm_normalized,99,1.823159
2,svm_normalized,100,1.748018
2,svm_normalized,101,1.716567
2,svm_normalized,102,1.809527
2,svm_normalized,103,1.490876
2,svm_normalized,104,1.765330
2,svm_normalized,105,1.804735
2,svm_normalized,106,1.574203
2,svm_normalized,107,1.645296
2,svm_normalized,108,1.544934
2,svm_normalized,109,1.605474
2,svm_normalized,110,1.557644
2,svm_normalized,111,1.491720
2,svm_normalized,112,1.564263
2,svm_normalized,113,1.440539
2,svm_normalized,114,1.577951
2,svm_normalized,115,1.693796
2,svm_normalized,116,1.488934
2,svm_normalized,117,1.669863
2,svm_normalized,118,1.536252
2,svm_normalized,119,1.864186
2,svm_normalized,120,1.755638
2,svm_normalized,121,1.545834
2,svm_normalized,122,1.669652
2,svm_normalized,123,1.563033
2,svm_normalized,124,1.840561
2,svm_normalized,125,1.594581
2,svm_normalized,126,1.652291
2,svm_normalized,127,1.478762
2,svm_normalized,128,1.527199
2,svm_normalized,129,1.599066
2,svm_normalized,130,1.541501
2,svm_normalized,131,1.632160
2,svm_normalized,132,1.685076
2,svm_normalized,133,1.548621
2,svm_normalized,134,1.596760
2,svm_normalized,135,1.582202
2,svm_normalized,136,1.605637
2,svm_normalized,137,1.570854
2,svm_normalized,138,1.564353
2,svm_normalized,139,1.562967
2,svm_normalized,140,2.864749
2,svm_normalized,141,2.001324
2,svm_normalized,142,2.206083
2,svm_normalized,143,2.464629
2,svm_normalized,144,2.268113
2,svm_normalized,145,2.055110
2,svm_normalized,146,1.919330
2,svm_normalized,147,2.259656
2,svm_normalized,148,1.675426
2,svm_normalized,149,1.684085
2,svm_normalized,150,1.583355
2,svm_normalized,151,1.732903
2,svm_normalized,152,1.665825
2,svm_normalized,153,1.581429
2,svm_normalized,154,1.554681
2,svm_normalized,155,1.446884
2,svm_normalized,156,1.590659
2,svm_normalized,157,1.460447
2,svm_normalized,158,1.688609
2,svm_normalized,159,1.631751
2,svm_normalized,160,1.585855
2,svm_normalized,161,1.678607
2,svm_normalized,162,1.612592
2,svm_normalized,163,1.584453
2,svm_normalized,164,1.505969
2,svm_normalized,165,1.456333
2,svm_normalized,166,1.589729
2,svm_normalized,167,1.640427
2,svm_normalized,168,1.665543
2,svm_normalized,169,1.557964
2,svm_normalized,170,1.523886
2,svm_normalized,171,1.700639
2,svm_normalized,172,1.497551
2,svm_normalized,173,1.656921
2,svm_normalized,174,1.557123
2,svm_normalized,175,1.506597
2,svm_normalized,176,1.613551
2,svm_normalized,177,1.520741
2,svm_normalized,178,1.813133
2,svm_normalized,179,1.545260
2,svm_normalized,180,1.568116
2,svm_normalized,181,1.600285
2,svm_normalized,182,1.469100
2,svm_normalized,183,1.556692
2,svm_normalized,184,1.561414
2,svm_normalized,185,1.578357
2,svm_normalized,186,1.723924
2,svm_normalized,187,1.530158
2,svm_normalized,188,1.477227
2,svm_normalized,189,1.585106
2,svm_normalized,190,1.664984
2,svm_normalized,191,1.573164
2,svm_normalized,192,1.533428
2,svm_normalized,193,1.422055
2,svm_normalized,194,1.743978
2,svm_normalized,195,1.571220
2,svm_normalized,196,1.645458
2,svm_normalized,197,1.589478
2,svm_normalized,198,1.527528
2,svm_normalized,199,1.628767
2,svm_normalized,200,1.657842
2,svm_normalized,201,1.930009
2,svm_normalized,202,1.596468
2,svm_normalized,203,1.640788
2,svm_normalized,204,1.501131
2,svm_normalized,205,1.506109
2,svm_normalized,206,1.511091
2,svm_normalized,207,1.602595
2,svm_normalized,208,1.568328
2,svm_normalized,209,1.703835
2,svm_normalized,210,1.704535
2,svm_normalized,211,1.625904
2,svm_normalized,212,1.579464
2,svm_normalized,213,1.610984
2,svm_normalized,214,1.458309
2,svm_normalized,215,1.501244
2,svm_normalized,216,1.646246
2,svm_normalized,217,1.648841
2,svm_normalized,218,1.555728
2,svm_normalized,219,1.560477
2,svm_normalized,220,1.648867
2,svm_normalized,221,1.529874
2,svm_normalized,222,1.480478
2,svm_normalized,223,1.471966
2,svm_normalized,224,1.652512
2,svm_normalized,225,1.585117
2,svm_normalized,226,1.609969
2,svm_normalized,227,1.547037
2,svm_normalized,228,1.486344
2,svm_normalized,229,1.614305
2,svm_normalized,230,1.514754
2,svm_normalized,231,1.575072
2,svm_normalized,232,1.518567
2,svm_normalized,233,1.573936
2,svm_normalized,234,1.625967
2,svm_normalized,235,1.564372
2,svm_normalized,236,1.564755
2,svm_normalized,237,1.474741
2,svm_normalized,238,1.554714
2,svm_normalized,239,1.816657
2,svm_normalized,240,1.614275
2,svm_normalized,241,1.629926
2,svm_normalized,242,1.481410
2,svm_normalized,243,1.626580
2,svm_normalized,244,1.580983
2,svm_normalized,245,1.520923
2,svm_normalized,246,1.579950
2,svm_normalized,247,1.565292
2,svm_normalized,248,1.529697
2,svm_normalized,249,1.540228
2,svm_normalized,250,1.534284
2,svm_normalized,251,1.493342
2,svm_normalized,252,1.671701
2,svm_normalized,253,1.617460
2,svm_normalized,254,1.614937
2,svm_normalized,255,1.589592
2,svm_normalized,256,1.527325
2,svm_normalized,257,1.646842
2,svm_normalized,258,1.880723
2,svm_normalized,259,1.637617
2,svm_normalized,260,1.607337
2,svm_normalized,261,1.745814
2,svm_normalized,262,1.494983
2,signature_raw,0,0.009254
2,signature_raw,1,0.006566
2,signature_raw,2,0.004359
2,signature_raw,3,0.002021
2,signature_raw,4,0.004868
2,signature_raw,5,0.011018
2,signature_raw,6,0.003765
2,signature_raw,7,0.002595
2,signature_raw,8,0.035962
2,signature_raw,9,0.010141
2,signature_raw,10,0.009414
2,signature_raw,11,0.003945
2,signature_raw,12,0.003944
2,signature_raw,13,0.003090
2,signature_raw,14,0.003923
2,signature_raw,15,0.003299
2,signature_raw,16,0.004098
2,signature_raw,17,0.004113
2,signature_raw,18,0.021613
2,signature_raw,19,0.008060
2,signature_raw,20,0.008596
2,signature_raw,21,0.002946
2,signature_raw,22,0.008187
2,signature_raw,23,0.007589
2,signature_raw,24,0.014761
2,signature_raw,25,0.004287
2,signature_raw,26,0.007376
2,signature_raw,27,0.005550
2,signature_raw,28,0.003780
2,signature_raw,29,0.005961
2,signature_raw,30,0.003390
2,signature_raw,31,0.005193
2,signature_raw,32,0.007973
2,signature_raw,33,0.002738
2,signature_raw,34,0.004083
2,signature_raw,35,0.005384
2,signature_raw,36,0.003412
2,signature_raw,37,0.009084
2,signature_raw,38,0.007888
2,signature_raw,39,0.007690
2,signature_raw,40,0.006016
2,signature_raw,41,0.009418
2,signature_raw,42,0.003746
2,signature_raw,43,0.003672
2,signature_raw,44,0.010006
2,signature_raw,45,0.001603
2,signature_raw,46,0.004232
2,signature_raw,47,0.002809
2,signature_raw,48,0.008183
2,signature_raw,49,0.005564
2,signature_raw,50,0.002381
2,signature_raw,51,0.003586
2,signature_raw,52,0.006315
2,signature_raw,53,0.003347
2,signature_raw,54,0.003343
2,signature_raw,55,0.008522
2,signature_raw,56,0.003307
2,signature_raw,57,0.006330
2,signature_raw,58,0.008641
2,signature_raw,59,0.007974
2,signature_raw,60,0.008419
2,signature_raw,61,0.003993
2,signature_raw,62,0.005567
2,signature_raw,63,0.004427
2,signature_raw,64,0.003574
2,signature_raw,65,0.007418
2,signature_raw,66,0.007070
2,signature_raw,67,0.003227
2,signature_raw,68,0.006913
2,signature_raw,69,0.005982
2,signature_raw,70,0.005627
2,signature_raw,71,0.006017
2,signature_raw,72,0.006654
2,signature_raw,73,0.008650
2,signature_raw,74,0.007702
2,signature_raw,75,0.003980
2,signature_raw,76,0.007703
2,signature_raw,77,0.004145
2,signature_raw,78,0.002078
2,signature_raw,79,0.008197
2,signature_raw,80,0.009132
2,signature_raw,81,0.004578
2,signature_raw,82,0.006952
2,signature_raw,83,0.007531
2,signature_raw,84,0.010894
2,signature_raw,85,0.003226
2,signature_raw,86,0.003520
2,signature_raw,87,0.008854
2,signature_raw,88,0.008109
2,signature_raw,89,0.010431
2,signature_raw,90,0.008076
2,signature_raw,91,0.004330
2,signature_raw,92,0.003725
2,signature_raw,93,0.003294
2,signature_raw,94,0.006379
2,signature_raw,95,0.006548
2,signature_raw,96,0.006405
2,signature_raw,97,0.007158
2,signature_raw,98,0.003975
2,signature_raw,99,0.001272
2,signature_raw,100,0.003991
2,signature_raw,101,0.009474
2,signature_raw,102,0.002623
2,signature_raw,103,0.002848
2,signature_raw,104,0.002249
2,signature_raw,105,0.005606
2,signature_raw,106,0.007761
2,signature_raw,107,0.006346
2,signature_raw,108,0.006636
2,signature_raw,109,0.008168
2,signature_raw,110,0.011378
2,signature_raw,111,0.003771
2,signature_raw,112,0.006288
2,signature_raw,113,0.011331
2,signature_raw,114,0.003953
2,signature_raw,115,0.008692
2,signature_raw,116,0.008460
2,signature_raw,117,0.003541
2,signature_raw,118,0.006456
2,signature_raw,119,0.003857
2,signature_raw,120,0.003771
2,signature_raw,121,0.003671
2,signature_raw,122,0.006254
2,signature_raw,123,0.002930
2,signature_raw,124,0.002632
2,signature_raw,125,0.008832
2,signature_raw,126,0.003761
2,signature_raw,127,0.004270
2,signature_raw,128,0.003631
2,signature_raw,129,0.001959
2,signature_raw,130,0.006078
2,signature_raw,131,0.010531
2,signature_raw,132,0.003803
2,signature_raw,133,0.007612
2,signature_raw,134,0.002639
2,signature_raw,135,0.010696
2,signature_raw,136,0.005104
2,signature_raw,137,0.003778
2,signature_raw,138,0.008825
2,signature_raw,139,0.007644
2,signature_raw,140,0.003471
2,signature_raw,141,0.003859
2,signature_raw,142,0.005063
2,signature_raw,143,0.006802
2,signature_raw,144,0.005779
2,signature_raw,145,0.003269
2,signature_raw,146,0.007640
2,signature_raw,147,0.002763
2,signature_raw,148,0.005933
2,signature_raw,149,0.072489
2,signature_raw,150,0.009258
2,signature_raw,151,0.008175
2,signature_raw,152,0.004061
2,signature_raw,153,0.007695
2,signature_raw,154,0.006406
2,signature_raw,155,0.006887
2,signature_raw,156,0.042233
2,signature_raw,157,0.018329
2,signature_raw,158,0.012842
2,signature_raw,159,0.006615
2,signature_raw,160,0.020377
2,signature_raw,161,0.003975
2,signature_raw,162,0.007016
2,signature_raw,163,0.005333
2,signature_raw,164,0.006668
2,signature_raw,165,0.005720
2,signature_raw,166,0.008022
2,signature_raw,167,0.002577
2,signature_raw,168,0.003698
2,signature_raw,169,0.008422
2,signature_raw,170,0.003830
2,signature_raw,171,0.008756
2,signature_raw,172,0.005110
2,signature_raw,173,0.008614
2,signature_raw,174,0.008500
2,signature_raw,175,0.180738
2,signature_raw,176,0.010408
2,signature_raw,177,0.001905
2,signature_raw,178,0.007886
2,signature_raw,179,0.002762
2,signature_raw,180,0.003815
2,signature_raw,181,0.003409
2,signature_raw,182,0.004520
2,signature_raw,183,0.006952
2,signature_raw,184,0.004358
2,signature_raw,185,0.010333
2,signature_raw,186,0.018082
2,signature_raw,187,0.008283
2,signature_raw,188,0.005836
2,signature_raw,189,0.001724
2,signature_raw,190,0.003770
2,signature_raw,191,0.003894
2,signature_raw,192,0.002436
2,signature_raw,193,0.007634
2,signature_raw,194,0.002417
2,signature_raw,195,0.002350
2,signature_raw,196,0.007362
2,signature_raw,197,0.005340
2,signature_raw,198,0.007685
2,signature_raw,199,0.007733
2,signature_raw,200,0.007456
2,signature_raw,201,0.007168
2,signature_raw,202,0.007660
2,signature_raw,203,0.004269
2,signature_raw,204,0.007147
2,signature_raw,205,0.005480
2,signature_raw,206,0.006286
2,signature_raw,207,0.006459
2,signature_raw,208,0.001499
2,signature_raw,209,0.004059
2,signature_raw,210,0.006290
2,signature_raw,211,0.005420
2,signature_raw,212,0.002520
2,signature_raw,213,0.009077
2,signature_raw,214,0.005959
2,signature_raw,215,0.005839
2,signature_raw,216,0.008248
2,signature_raw,217,0.004667
2,signature_raw,218,0.003062
2,signature_raw,219,0.003272
2,signature_raw,220,0.002418
2,signature_raw,221,0.003490
2,signature_raw,222,0.004123
2,signature_raw,223,0.003210
2,signature_raw,224,0.012219
2,signature_raw,225,0.002409
2,signature_raw,226,0.008160
2,signature_raw,227,0.006134
2,signature_raw,228,0.002659
2,signature_raw,229,0.006984
2,signature_raw,230,0.008016
2,signature_raw,231,0.003477
2,signature_raw,232,0.006171
2,signature_raw,233,0.003556
2,signature_raw,234,0.002408
2,signature_raw,235,0.011615
2,signature_raw,236,0.003362
2,signature_raw,237,0.003260
2,signature_raw,238,0.003832
2,signature_raw,239,0.006403
2,signature_raw,240,0.002002
2,signature_raw,241,0.009246
2,signature_raw,242,0.009892
2,signature_raw,243,0.003784
2,signature_raw,244,0.009124
2,signature_raw,245,0.001654
2,signature_raw,246,0.005563
2,signature_raw,247,0.001467
2,signature_raw,248,0.009643
2,signature_raw,249,0.006135
2,signature_raw,250,0.003816
2,signature_raw,251,0.007242
2,signature_raw,252,0.003323
2,signature_raw,253,0.007426
2,signature_raw,254,0.002478
2,signature_raw,255,0.007090
2,signature_raw,256,0.005815
2,signature_raw,257,0.005461
2,signature_raw,258,0.003703
2,signature_raw,259,0.003326
2,signature_raw,260,0.005969
2,signature_raw,261,0.008329
2,signature_raw,262,0.007211
2,signature_normalized,0,0.015060
2,signature_normalized,1,0.010328
2,signature_normalized,2,0.006086
2,signature_normalized,3,0.004046
2,signature_normalized,4,0.008107
2,signature_normalized,5,0.049169
2,signature_normalized,6,0.010115
2,signature_normalized,7,0.005387
2,signature_normalized,8,0.005211
2,signature_normalized,9,0.016572
2,signature_normalized,10,0.016382
2,signature_normalized,11,0.006048
2,signature_normalized,12,0.005540
2,signature_normalized,13,0.004263
2,signature_normalized,14,0.006105
2,signature_normalized,15,0.005574
2,signature_normalized,16,0.005700
2,signature_normalized,17,0.005928
2,signature_normalized,18,0.027640
2,signature_normalized,19,0.015650
2,signature_normalized,20,0.015047
2,signature_normalized,21,0.006589
2,signature_normalized,22,0.014345
2,signature_normalized,23,0.009233
2,signature_normalized,24,0.015227
2,signature_normalized,25,0.005946
2,signature_normalized,26,0.013460
2,signature_normalized,27,0.049783
2,signature_normalized,28,0.008126
2,signature_normalized,29,0.011699
2,signature_normalized,30,0.005396
2,signature_normalized,31,0.007719
2,signature_normalized,32,0.010030
2,signature_normalized,33,0.006050
2,signature_normalized,34,0.005695
2,signature_normalized,35,0.008955
2,signature_normalized,36,0.005129
2,signature_normalized,37,0.011121
2,signature_normalized,38,0.030278
2,signature_normalized,39,0.014399
2,signature_normalized,40,0.011136
2,signature_normalized,41,0.016419
2,signature_normalized,42,0.005429
2,signature_normalized,43,0.005173
2,signature_normalized,44,0.019469
2,signature_normalized,45,0.004057
2,signature_normalized,46,0.006671
2,signature_normalized,47,0.004615
2,signature_normalized,48,0.014144
2,signature_normalized,49,0.010200
2,signature_normalized,50,0.004677
2,signature_normalized,51,0.005803
2,signature_normalized,52,0.011405
2,signature_normalized,53,0.005887
2,signature_normalized,54,0.005472
2,signature_normalized,55,0.014989
2,signature_normalized,56,0.005193
2,signature_normalized,57,0.010419
2,signature_normalized,58,0.014984
2,signature_normalized,59,0.013512
2,signature_normalized,60,0.013723
2,signature_normalized,61,0.007936
2,signature_normalized,62,0.007703
2,signature_normalized,63,0.006109
2,signature_normalized,64,0.005646
2,signature_normalized,65,0.013464
2,signature_normalized,66,0.012537
2,signature_normalized,67,0.005246
2,signature_normalized,68,0.008768
2,signature_normalized,69,0.010604
2,signature_normalized,70,0.010355
2,signature_normalized,71,0.007708
2,signature_normalized,72,0.010890
2,signature_normalized,73,0.018601
2,signature_normalized,74,0.011204
2,signature_normalized,75,0.005661
2,signature_normalized,76,0.013058
2,signature_normalized,77,0.005704
2,signature_normalized,78,0.004923
2,signature_normalized,79,0.012880
2,signature_normalized,80,0.015675
2,signature_normalized,81,0.007669
2,signature_normalized,82,0.011799
2,signature_normalized,83,0.012887
2,signature_normalized,84,0.013579
2,signature_normalized,85,0.005328
2,signature_normalized,86,0.005531
2,signature_normalized,87,0.015381
2,signature_normalized,88,0.010701
2,signature_normalized,89,0.020821
2,signature_normalized,90,0.010750
2,signature_normalized,91,0.005897
2,signature_normalized,92,0.005766
2,signature_normalized,93,0.005484
2,signature_normalized,94,0.008098
2,signature_normalized,95,0.010850
2,signature_normalized,96,0.038550
2,signature_normalized,97,0.017867
2,signature_normalized,98,0.006510
2,signature_normalized,99,0.003886
2,signature_normalized,100,0.005739
2,signature_normalized,101,0.016476
2,signature_normalized,102,0.005904
2,signature_normalized,103,0.004844
2,signature_normalized,104,0.006734
2,signature_normalized,105,0.012014
2,signature_normalized,106,0.013175
2,signature_normalized,107,0.011214
2,signature_normalized,108,0.015237
2,signature_normalized,109,0.013746
2,signature_normalized,110,0.017713
2,signature_normalized,111,0.006142
2,signature_normalized,112,0.010522
2,signature_normalized,113,0.013807
2,signature_normalized,114,0.005518
2,signature_normalized,115,0.010782
2,signature_normalized,116,0.014873
2,signature_normalized,117,0.005582
2,signature_normalized,118,0.008000
2,signature_normalized,119,0.005318
2,signature_normalized,120,0.005209
2,signature_normalized,121,0.005593
2,signature_normalized,122,0.009995
2,signature_normalized,123,0.004869
2,signature_normalized,124,0.005092
2,signature_normalized,125,0.014610
2,signature_normalized,126,0.006921
2,signature_normalized,127,0.005824
2,signature_normalized,128,0.006109
2,signature_normalized,129,0.004581
2,signature_normalized,130,0.010215
2,signature_normalized,131,0.012292
2,signature_normalized,132,0.005839
2,signature_normalized,133,0.012902
2,signature_normalized,134,0.004954
2,signature_normalized,135,0.019351
2,signature_normalized,136,0.006854
2,signature_normalized,137,0.005819
2,signature_normalized,138,0.015248
2,signature_normalized,139,0.012858
2,signature_normalized,140,0.005067
2,signature_normalized,141,0.005588
2,signature_normalized,142,0.007457
2,signature_normalized,143,0.009868
2,signature_normalized,144,0.005223
2,signature_normalized,145,0.004133
2,signature_normalized,146,0.007944
2,signature_normalized,147,0.003548
2,signature_normalized,148,0.005146
2,signature_normalized,149,0.020397
2,signature_normalized,150,0.009664
2,signature_normalized,151,0.006046
2,signature_normalized,152,0.005818
2,signature_normalized,153,0.012129
2,signature_normalized,154,0.010624
2,signature_normalized,155,0.011411
2,signature_normalized,156,0.017735
2,signature_normalized,157,0.014054
2,signature_normalized,158,0.014289
2,signature_normalized,159,0.010467
2,signature_normalized,160,0.024994
2,signature_normalized,161,0.005629
2,signature_normalized,162,0.010602
2,signature_normalized,163,0.007395
2,signature_normalized,164,0.005496
2,signature_normalized,165,0.008898
2,signature_normalized,166,0.012661
2,signature_normalized,167,0.004362
2,signature_normalized,168,0.004953
2,signature_normalized,169,0.005627
2,signature_normalized,170,0.005484
2,signature_normalized,171,0.014667
2,signature_normalized,172,0.008647
2,signature_normalized,173,0.008394
2,signature_normalized,174,0.007937
2,signature_normalized,175,0.010418
2,signature_normalized,176,0.009276
2,signature_normalized,177,0.003452
2,signature_normalized,178,0.012933
2,signature_normalized,179,0.004901
2,signature_normalized,180,0.005567
2,signature_normalized,181,0.004926
2,signature_normalized,182,0.006010
2,signature_normalized,183,0.010954
2,signature_normalized,184,0.006165
2,signature_normalized,185,0.012540
2,signature_normalized,186,0.021562
2,signature_normalized,187,0.010520
2,signature_normalized,188,0.009575
2,signature_normalized,189,0.003735
2,signature_normalized,190,0.005622
2,signature_normalized,191,0.005685
2,signature_normalized,192,0.004749
2,signature_normalized,193,0.013102
2,signature_normalized,194,0.005503
2,signature_normalized,195,0.004574
2,signature_normalized,196,0.012497
2,signature_normalized,197,0.009069
2,signature_normalized,198,0.012936
2,signature_normalized,199,0.009880
2,signature_normalized,200,0.028116
2,signature_normalized,201,0.021295
2,signature_normalized,202,0.016121
2,signature_normalized,203,0.008755
2,signature_normalized,204,0.012434
2,signature_normalized,205,0.007993
2,signature_normalized,206,0.010825
2,signature_normalized,207,0.011924
2,signature_normalized,208,0.003880
2,signature_normalized,209,0.005809
2,signature_normalized,210,0.008282
2,signature_normalized,211,0.009433
2,signature_normalized,212,0.005316
2,signature_normalized,213,0.015774
2,signature_normalized,214,0.011374
2,signature_normalized,215,0.010153
2,signature_normalized,216,0.015168
2,signature_normalized,217,0.008466
2,signature_normalized,218,0.006604
2,signature_normalized,219,0.006142
2,signature_normalized,220,0.005043
2,signature_normalized,221,0.005814
2,signature_normalized,222,0.006327
2,signature_normalized,223,0.007074
2,signature_normalized,224,0.013672
2,signature_normalized,225,0.004947
2,signature_normalized,226,0.010957
2,signature_normalized,227,0.010825
2,signature_normalized,228,0.005197
2,signature_normalized,229,0.012921
2,signature_normalized,230,0.014244
2,signature_normalized,231,0.005290
2,signature_normalized,232,0.010521
2,signature_normalized,233,0.005854
2,signature_normalized,234,0.004971
2,signature_normalized,235,0.014637
2,signature_normalized,236,0.005719
2,signature_normalized,237,0.005608
2,signature_normalized,238,0.005954
2,signature_normalized,239,0.012288
2,signature_normalized,240,0.005756
2,signature_normalized,241,0.012152
2,signature_normalized,242,0.012544
2,signature_normalized,243,0.005705
2,signature_normalized,244,0.016643
2,signature_normalized,245,0.003987
2,signature_normalized,246,0.009289
2,signature_normalized,247,0.004612
2,signature_normalized,248,0.017464
2,signature_normalized,249,0.010486
2,signature_normalized,250,0.005797
2,signature_normalized,251,0.013222
2,signature_normalized,252,0.005826
2,signature_normalized,253,0.013259
2,signature_normalized,254,0.005107
2,signature_normalized,255,0.019813
2,signature_normalized,256,0.011212
2,signature_normalized,257,0.007759
2,signature_normalized,258,0.005817
2,signature_normalized,259,0.005706
2,signature_normalized,260,0.010246
2,signature_normalized,261,0.014147
2,signature_normalized,262,0.013468
2,svm_normalized_uncalibrated,0,0.418514
2,svm_normalized_uncalibrated,1,0.335000
2,svm_normalized_uncalibrated,2,0.390738
2,svm_normalized_uncalibrated,3,0.374114
2,svm_normalized_uncalibrated,4,0.337632
2,svm_normalized_uncalibrated,5,0.397536
2,svm_normalized_uncalibrated,6,0.329947
2,svm_normalized_uncalibrated,7,0.342897
2,svm_normalized_uncalibrated,8,0.436096
2,svm_normalized_uncalibrated,9,0.363497
2,svm_normalized_uncalibrated,10,0.566496
2,svm_normalized_uncalibrated,11,0.377284
2,svm_normalized_uncalibrated,12,0.338150
2,svm_normalized_uncalibrated,13,0.413116
2,svm_normalized_uncalibrated,14,0.327098
2,svm_normalized_uncalibrated,15,0.393274
2,svm_normalized_uncalibrated,16,0.387688
2,svm_normalized_uncalibrated,17,0.335804
2,svm_normalized_uncalibrated,18,0.434533
2,svm_normalized_uncalibrated,19,0.410652
2,svm_normalized_uncalibrated,20,0.396586
2,svm_normalized_uncalibrated,21,0.369190
2,svm_normalized_uncalibrated,22,0.354258
2,svm_normalized_uncalibrated,23,0.414370
2,svm_normalized_uncalibrated,24,0.365244
2,svm_normalized_uncalibrated,25,0.334522
2,svm_normalized_uncalibrated,26,0.420375
2,svm_normalized_uncalibrated,27,0.349637
2,svm_normalized_uncalibrated,28,0.356545
2,svm_normalized_uncalibrated,29,0.456418
2,svm_normalized_uncalibrated,30,0.352590
2,svm_normalized_uncalibrated,31,0.412012
2,svm_normalized_uncalibrated,32,0.354272
2,svm_normalized_uncalibrated,33,0.335063
2,svm_normalized_uncalibrated,34,0.377922
2,svm_normalized_uncalibrated,35,0.319079
2,svm_normalized_uncalibrated,36,0.303460
2,svm_normalized_uncalibrated,37,0.411053
2,svm_normalized_uncalibrated,38,0.348038
2,svm_normalized_uncalibrated,39,0.377343
2,svm_normalized_uncalibrated,40,0.406719
2,svm_normalized_uncalibrated,41,0.334567
2,svm_normalized_uncalibrated,42,0.374346
2,svm_normalized_uncalibrated,43,0.340816
2,svm_normalized_uncalibrated,44,0.350582
2,svm_normalized_uncalibrated,45,0.404822
2,svm_normalized_uncalibrated,46,0.331580
2,svm_normalized_uncalibrated,47,0.311862
2,svm_normalized_uncalibrated,48,0.392933
2,svm_normalized_uncalibrated,49,0.320694
2,svm_normalized_uncalibrated,50,0.306314
2,svm_normalized_uncalibrated,51,0.444815
2,svm_normalized_uncalibrated,52,0.353231
2,svm_normalized_uncalibrated,53,0.733251
2,svm_normalized_uncalibrated,54,0.579483
2,svm_normalized_uncalibrated,55,0.429478
2,svm_normalized_uncalibrated,56,0.465960
2,svm_normalized_uncalibrated,57,0.537230
2,svm_normalized_uncalibrated,58,0.451458
2,svm_normalized_uncalibrated,59,0.765087
2,svm_normalized_uncalibrated,60,0.525476
2,svm_normalized_uncalibrated,61,0.376790
2,svm_normalized_uncalibrated,62,0.395391
2,svm_normalized_uncalibrated,63,0.363947
2,svm_normalized_uncalibrated,64,0.338557
2,svm_normalized_uncalibrated,65,0.408377
2,svm_normalized_uncalibrated,66,0.397752
2,svm_normalized_uncalibrated,67,0.352926
2,svm_normalized_uncalibrated,68,0.466030
2,svm_normalized_uncalibrated,69,0.364817
2,svm_normalized_uncalibrated,70,0.386173
2,svm_normalized_uncalibrated,71,0.366964
2,svm_normalized_uncalibrated,72,0.356079
2,svm_normalized_uncalibrated,73,0.457967
2,svm_normalized_uncalibrated,74,0.433582
2,svm_normalized_uncalibrated,75,0.428498
2,svm_normalized_uncalibrated,76,0.371368
2,svm_normalized_uncalibrated,77,0.441685
2,svm_normalized_uncalibrated,78,0.592599
2,svm_normalized_uncalibrated,79,0.472123
2,svm_normalized_uncalibrated,80,0.599101
2,svm_normalized_uncalibrated,81,0.547218
2,svm_normalized_uncalibrated,82,0.379566
2,svm_normalized_uncalibrated,83,0.361557
2,svm_normalized_uncalibrated,84,0.447901
2,svm_normalized_uncalibrated,85,0.364467
2,svm_normalized_uncalibrated,86,0.382789
2,svm_normalized_uncalibrated,87,0.423575
2,svm_normalized_uncalibrated,88,0.487661
2,svm_normalized_uncalibrated,89,0.403413
2,svm_normalized_uncalibrated,90,0.375972
2,svm_normalized_uncalibrated,91,0.381427
2,svm_normalized_uncalibrated,92,0.336697
2,svm_normalized_uncalibrated,93,0.329679
2,svm_normalized_uncalibrated,94,0.399518
2,svm_normalized_uncalibrated,95,0.364395
2,svm_normalized_uncalibrated,96,0.546668
2,svm_normalized_uncalibrated,97,0.559419
2,svm_normalized_uncalibrated,98,0.551084
2,svm_normalized_uncalibrated,99,0.389289
2,svm_normalized_uncalibrated,100,0.393327
2,svm_normalized_uncalibrated,101,0.436784
2,svm_normalized_uncalibrated,102,0.332701
2,svm_normalized_uncalibrated,103,0.437960
2,svm_normalized_uncalibrated,104,0.385798
2,svm_normalized_uncalibrated,105,0.453926
2,svm_normalized_uncalibrated,106,0.437752
2,svm_normalized_uncalibrated,107,0.374430
2,svm_normalized_uncalibrated,108,0.415499
2,svm_normalized_uncalibrated,109,0.388935
2,svm_normalized_uncalibrated,110,0.386676
2,svm_normalized_uncalibrated,111,0.335287
2,svm_normalized_uncalibrated,112,0.338709
2,svm_normalized_uncalibrated,113,0.422652
2,svm_normalized_uncalibrated,114,0.372431
2,svm_normalized_uncalibrated,115,0.346293
2,svm_normalized_uncalibrated,116,0.457045
2,svm_normalized_uncalibrated,117,0.351904
2,svm_normalized_uncalibrated,118,0.417632
2,svm_normalized_uncalibrated,119,0.340771
2,svm_normalized_uncalibrated,120,0.333386
2,svm_normalized_uncalibrated,121,0.382088
2,svm_normalized_uncalibrated,122,0.364896
2,svm_normalized_uncalibrated,123,0.440155
2,svm_normalized_uncalibrated,124,0.367072
2,svm_normalized_uncalibrated,125,0.354604
2,svm_normalized_uncalibrated,126,0.404990
2,svm_normalized_uncalibrated,127,0.418288
2,svm_normalized_uncalibrated,128,0.381349
2,svm_normalized_uncalibrated,129,0.393420
2,svm_normalized_uncalibrated,130,0.336276
2,svm_normalized_uncalibrated,131,0.390425
2,svm_normalized_uncalibrated,132,0.346819
2,svm_normalized_uncalibrated,133,0.465067
2,svm_normalized_uncalibrated,134,0.539824
2,svm_normalized_uncalibrated,135,0.419404
2,svm_normalized_uncalibrated,136,0.500812
2,svm_normalized_uncalibrated,137,0.366973
2,svm_normalized_uncalibrated,138,0.396880
2,svm_normalized_uncalibrated,139,0.347426
2,svm_normalized_uncalibrated,140,0.330982
2,svm_normalized_uncalibrated,141,0.399530
2,svm_normalized_uncalibrated,142,0.369684
2,svm_normalized_uncalibrated,143,0.343608
2,svm_normalized_uncalibrated,144,0.375057
2,svm_normalized_uncalibrated,145,0.334291
2,svm_normalized_uncalibrated,146,0.383188
2,svm_normalized_uncalibrated,147,0.444784
2,svm_normalized_uncalibrated,148,0.356250
2,svm_normalized_uncalibrated,149,0.412881
2,svm_normalized_uncalibrated,150,0.359973
2,svm_normalized_uncalibrated,151,0.338898
2,svm_normalized_uncalibrated,152,0.392098
2,svm_normalized_uncalibrated,153,0.364378
2,svm_normalized_uncalibrated,154,0.381892
2,svm_normalized_uncalibrated,155,0.344475
2,svm_normalized_uncalibrated,156,0.442429
2,svm_normalized_uncalibrated,157,0.522264
2,svm_normalized_uncalibrated,158,0.391072
2,svm_normalized_uncalibrated,159,0.449311
2,svm_normalized_uncalibrated,160,0.416861
2,svm_normalized_uncalibrated,161,0.375420
2,svm_normalized_uncalibrated,162,0.436495
2,svm_normalized_uncalibrated,163,0.364614
2,svm_normalized_uncalibrated,164,0.420052
2,svm_normalized_uncalibrated,165,0.388715
2,svm_normalized_uncalibrated,166,0.510025
2,svm_normalized_uncalibrated,167,0.416398
2,svm_normalized_uncalibrated,168,0.353370
2,svm_normalized_uncalibrated,169,0.395562
2,svm_normalized_uncalibrated,170,0.350607
2,svm_normalized_uncalibrated,171,0.379152
2,svm_normalized_uncalibrated,172,0.522526
2,svm_normalized_uncalibrated,173,0.493364
2,svm_normalized_uncalibrated,174,0.387181
2,svm_normalized_uncalibrated,175,0.350718
2,svm_normalized_uncalibrated,176,0.387542
2,svm_normalized_uncalibrated,177,0.440922
2,svm_normalized_uncalibrated,178,0.396956
2,svm_normalized_uncalibrated,179,0.348869
2,svm_normalized_uncalibrated,180,0.332037
2,svm_normalized_uncalibrated,181,0.362283
2,svm_normalized_uncalibrated,182,0.440427
2,svm_normalized_uncalibrated,183,0.371975
2,svm_normalized_uncalibrated,184,0.400394
2,svm_normalized_uncalibrated,185,0.373708
2,svm_normalized_uncalibrated,186,0.413481
2,svm_normalized_uncalibrated,187,0.424814
2,svm_normalized_uncalibrated,188,0.367368
2,svm_normalized_uncalibrated,189,0.386786
2,svm_normalized_uncalibrated,190,0.334153
2,svm_normalized_uncalibrated,191,0.314090
2,svm_normalized_uncalibrated,192,0.409713
2,svm_normalized_uncalibrated,193,0.477967
2,svm_normalized_uncalibrated,194,0.432179
2,svm_normalized_uncalibrated,195,0.360689
2,svm_normalized_uncalibrated,196,0.340120
2,svm_normalized_uncalibrated,197,0.456523
2,svm_normalized_uncalibrated,198,0.381668
2,svm_normalized_uncalibrated,199,0.530984
2,svm_normalized_uncalibrated,200,0.397922
2,svm_normalized_uncalibrated,201,0.404166
2,svm_normalized_uncalibrated,202,0.482239
2,svm_normalized_uncalibrated,203,0.367597
2,svm_normalized_uncalibrated,204,0.425083
2,svm_normalized_uncalibrated,205,0.351397
2,svm_normalized_uncalibrated,206,0.406354
2,svm_normalized_uncalibrated,207,0.442835
2,svm_normalized_uncalibrated,208,0.470595
2,svm_normalized_uncalibrated,209,0.536886
2,svm_normalized_uncalibrated,210,0.475716
2,svm_normalized_uncalibrated,211,0.394993
2,svm_normalized_uncalibrated,212,0.370227
2,svm_normalized_uncalibrated,213,0.402882
2,svm_normalized_uncalibrated,214,0.384614
2,svm_normalized_uncalibrated,215,0.354073
2,svm_normalized_uncalibrated,216,0.461148
2,svm_normalized_uncalibrated,217,0.510684
2,svm_normalized_uncalibrated,218,0.479556
2,svm_normalized_uncalibrated,219,0.420520
2,svm_normalized_uncalibrated,220,0.474239
2,svm_normalized_uncalibrated,221,0.365151
2,svm_normalized_uncalibrated,222,0.392907
2,svm_normalized_uncalibrated,223,0.365449
2,svm_normalized_uncalibrated,224,0.387248
2,svm_normalized_uncalibrated,225,0.406386
2,svm_normalized_uncalibrated,226,0.434549
2,svm_normalized_uncalibrated,227,0.377986
2,svm_normalized_uncalibrated,228,0.349614
2,svm_normalized_uncalibrated,229,0.344944
2,svm_normalized_uncalibrated,230,0.399191
2,svm_normalized_uncalibrated,231,0.337315
2,svm_normalized_uncalibrated,232,0.340692
2,svm_normalized_uncalibrated,233,0.401644
2,svm_normalized_uncalibrated,234,0.364630
2,svm_normalized_uncalibrated,235,0.342935
2,svm_normalized_uncalibrated,236,0.557110
2,svm_normalized_uncalibrated,237,0.388342
2,svm_normalized_uncalibrated,238,0.385491
2,svm_normalized_uncalibrated,239,0.349976
2,svm_normalized_uncalibrated,240,0.335375
2,svm_normalized_uncalibrated,241,0.421607
2,svm_normalized_uncalibrated,242,0.376115
2,svm_normalized_uncalibrated,243,0.375202
2,svm_normalized_uncalibrated,244,0.359405
2,svm_normalized_uncalibrated,245,0.337231
2,svm_normalized_uncalibrated,246,0.948088
2,svm_normalized_uncalibrated,247,0.512213
2,svm_normalized_uncalibrated,248,0.397294
2,svm_normalized_uncalibrated,249,0.397523
2,svm_normalized_uncalibrated,250,0.346886
2,svm_normalized_uncalibrated,251,0.371329
2,svm_normalized_uncalibrated,252,0.392068
2,svm_normalized_uncalibrated,253,0.352008
2,svm_normalized_uncalibrated,254,0.372647
2,svm_normalized_uncalibrated,255,0.455162
2,svm_normalized_uncalibrated,256,0.383768
2,svm_normalized_uncalibrated,257,0.408061
2,svm_normalized_uncalibrated,258,0.337376
2,svm_normalized_uncalibrated,259,0.330161
2,svm_normalized_uncalibrated,260,0.370641
2,svm_normalized_uncalibrated,261,0.349136
2,svm_normalized_uncalibrated,262,0.352828
3,logistic_regression_normalized,0,0.404581
3,logistic_regression_normalized,1,0.578674
3,logistic_regression_normalized,2,0.442946
3,logistic_regression_normalized,3,0.553930
3,logistic_regression_normalized,4,0.409243
3,logistic_regression_normalized,5,0.449845
3,logistic_regression_normalized,6,0.572402
3,logistic_regression_normalized,7,0.694175
3,logistic_regression_normalized,8,0.715293
3,logistic_regression_normalized,9,0.512926
3,logistic_regression_normalized,10,0.587536
3,logistic_regression_normalized,11,0.395017
3,logistic_regression_normalized,12,0.459498
3,logistic_regression_normalized,13,0.405313
3,logistic_regression_normalized,14,0.417116
3,logistic_regression_normalized,15,0.436923
3,logistic_regression_normalized,16,0.436044
3,logistic_regression_normalized,17,0.516787
3,logistic_regression_normalized,18,0.461230
3,logistic_regression_normalized,19,0.428588
3,logistic_regression_normalized,20,0.366434
3,logistic_regression_normalized,21,0.344931
3,logistic_regression_normalized,22,0.434116
3,logistic_regression_normalized,23,0.412152
3,logistic_regression_normalized,24,0.405029
3,logistic_regression_normalized,25,0.412069
3,logistic_regression_normalized,26,0.438005
3,logistic_regression_normalized,27,0.449977
3,logistic_regression_normalized,28,0.374718
3,logistic_regression_normalized,29,0.405969
3,logistic_regression_normalized,30,0.347666
3,logistic_regression_normalized,31,0.413901
3,logistic_regression_normalized,32,0.392287
3,logistic_regression_normalized,33,0.384336
3,logistic_regression_normalized,34,0.437132
3,logistic_regression_normalized,35,0.533638
3,logistic_regression_normalized,36,0.450011
3,logistic_regression_normalized,37,0.462843
3,logistic_regression_normalized,38,0.469637
3,logistic_regression_normalized,39,0.369841
3,logistic_regression_normalized,40,0.358458
3,logistic_regression_normalized,41,0.438950
3,logistic_regression_normalized,42,0.363860
3,logistic_regression_normalized,43,0.392539
3,logistic_regression_normalized,44,0.370122
3,logistic_regression_normalized,45,0.361739
3,logistic_regression_normalized,46,0.409010
3,logistic_regression_normalized,47,0.483199
3,logistic_regression_normalized,48,0.434302
3,logistic_regression_normalized,49,0.359951
3,logistic_regression_normalized,50,0.373094
3,logistic_regression_normalized,51,0.422566
3,logistic_regression_normalized,52,0.459493
3,logistic_regression_normalized,53,0.433839
3,logistic_regression_normalized,54,0.442031
3,logistic_regression_normalized,55,0.461004
3,logistic_regression_normalized,56,0.431446
3,logistic_regression_normalized,57,0.378008
3,logistic_regression_normalized,58,0.432537
3,logistic_regression_normalized,59,0.393743
3,logistic_regression_normalized,60,0.418165
3,logistic_regression_normalized,61,0.352447
3,logistic_regression_normalized,62,0.358379
3,logistic_regression_normalized,63,0.424889
3,logistic_regression_normalized,64,0.368617
3,logistic_regression_normalized,65,0.432070
3,logistic_regression_normalized,66,0.532739
3,logistic_regression_normalized,67,0.467181
3,logistic_regression_normalized,68,0.389433
3,logistic_regression_normalized,69,0.364722
3,logistic_regression_normalized,70,0.401744
3,logistic_regression_normalized,71,0.372307
3,logistic_regression_normalized,72,0.418327
3,logistic_regression_normalized,73,0.410424
3,logistic_regression_normalized,74,0.373186
3,logistic_regression_normalized,75,0.391990
3,logistic_regression_normalized,76,0.469471
3,logistic_regression_normalized,77,0.422409
3,logistic_regression_normalized,78,0.366308
3,logistic_regression_normalized,79,0.368773
3,logistic_regression_normalized,80,0.402747
3,logistic_regression_normalized,81,0.354144
3,logistic_regression_normalized,82,0.416948
3,logistic_regression_normalized,83,0.379534
3,logistic_regression_normalized,84,0.383670
3,logistic_regression_normalized,85,0.387303
3,logistic_regression_normalized,86,0.438575
3,logistic_regression_normalized,87,0.526009
3,logistic_regression_normalized,88,0.469327
3,logistic_regression_normalized,89,0.431473
3,logistic_regression_normalized,90,0.382433
3,logistic_regression_normalized,91,0.373359
3,logistic_regression_normalized,92,0.398760
3,logistic_regression_normalized,93,0.461028
3,logistic_regression_normalized,94,0.465320
3,logistic_regression_normalized,95,0.441864
3,logistic_regression_normalized,96,0.410853
3,logistic_regression_normalized,97,0.382410
3,logistic_regression_normalized,98,0.349941
3,logistic_regression_normalized,99,0.409939
3,logistic_regression_normalized,100,0.477813
3,logistic_regression_normalized,101,0.581916
3,logistic_regression_normalized,102,0.352329
3,logistic_regression_normalized,103,0.377012
3,logistic_regression_normalized,104,0.520608
3,logistic_regression_normalized,105,0.445214
3,logistic_regression_normalized,106,0.493781
3,logistic_regression_normalized,107,0.384384
3,logistic_regression_normalized,108,0.427604
3,logistic_regression_normalized,109,0.368504
3,logistic_regression_normalized,110,0.434823
3,logistic_regression_normalized,111,0.381177
3,logistic_regression_normalized,112,0.363659
3,logistic_regression_normalized,113,0.413834
3,logistic_regression_normalized,114,0.431266
3,logistic_regression_normalized,115,0.430058
3,logistic_regression_normalized,116,0.383336
3,logistic_regression_normalized,117,0.351053
3,logistic_regression_normalized,118,0.421113
3,logistic_regression_normalized,119,0.360203
3,logistic_regression_normalized,120,0.354160
3,logistic_regression_normalized,121,0.528740
3,logistic_regression_normalized,122,0.413792
3,logistic_regression_normalized,123,0.477748
3,logistic_regression_normalized,124,0.405267
3,logistic_regression_normalized,125,0.464512
3,logistic_regression_normalized,126,0.427540
3,logistic_regression_normalized,127,0.493136
3,logistic_regression_normalized,128,0.442600
3,logistic_regression_normalized,129,0.381045
3,logistic_regression_normalized,130,0.481528
3,logistic_regression_normalized,131,0.456923
3,logistic_regression_normalized,132,0.593500
3,logistic_regression_normalized,133,0.399625
3,logistic_regression_normalized,134,0.516825
3,logistic_regression_normalized,135,0.417045
3,logistic_regression_normalized,136,0.456704
3,logistic_regression_normalized,137,0.369130
3,logistic_regression_normalized,138,0.405407
3,logistic_regression_normalized,139,0.370585
3,logistic_regression_normalized,140,0.365569
3,logistic_regression_normalized,141,0.402963
3,logistic_regression_normalized,142,0.433573
3,logistic_regression_normalized,143,0.402648
3,logistic_regression_normalized,144,0.381687
3,logistic_regression_normalized,145,0.360165
3,logistic_regression_normalized,146,0.397185
3,logistic_regression_normalized,147,0.344094
3,logistic_regression_normalized,148,0.359915
3,logistic_regression_normalized,149,0.424336
3,logistic_regression_normalized,150,0.357492
3,logistic_regression_normalized,151,0.409007
3,logistic_regression_normalized,152,0.422429
3,logistic_regression_normalized,153,0.393270
3,logistic_regression_normalized,154,0.419707
3,logistic_regression_normalized,155,0.375175
3,logistic_regression_normalized,156,0.407158
3,logistic_regression_normalized,157,0.384675
3,logistic_regression_normalized,158,0.391601
3,logistic_regression_normalized,159,0.404502
3,logistic_regression_normalized,160,0.400137
3,logistic_regression_normalized,161,0.406695
3,logistic_regression_normalized,162,0.428502
3,logistic_regression_normalized,163,0.373843
3,logistic_regression_normalized,164,0.394277
3,logistic_regression_normalized,165,0.344584
3,logistic_regression_normalized,166,0.377796
3,logistic_regression_normalized,167,0.377964
3,logistic_regression_normalized,168,0.355542
3,logistic_regression_normalized,169,0.388748
3,logistic_regression_normalized,170,0.367246
3,logistic_regression_normalized,171,0.386405
3,logistic_regression_normalized,172,0.481101
3,logistic_regression_normalized,173,0.383595
3,logistic_regression_normalized,174,0.474034
3,logistic_regression_normalized,175,0.372394
3,logistic_regression_normalized,176,0.421082
3,logistic_regression_normalized,177,0.363827
3,logistic_regression_normalized,178,0.362331
3,logistic_regression_normalized,179,0.652226
3,logistic_regression_normalized,180,0.447933
3,logistic_regression_normalized,181,0.485869
3,logistic_regression_normalized,182,0.389325
3,logistic_regression_normalized,183,0.442962
3,logistic_regression_normalized,184,0.365460
3,logistic_regression_normalized,185,0.379892
3,logistic_regression_normalized,186,0.516046
3,logistic_regression_normalized,187,0.412013
3,logistic_regression_normalized,188,0.446238
3,logistic_regression_normalized,189,0.370932
3,logistic_regression_normalized,190,0.383323
3,logistic_regression_normalized,191,0.436175
3,logistic_regression_normalized,192,0.433936
3,logistic_regression_normalized,193,0.428154
3,logistic_regression_normalized,194,0.371078
3,logistic_regression_normalized,195,0.398514
3,logistic_regression_normalized,196,0.360342
3,logistic_regression_normalized,197,0.361735
3,logistic_regression_normalized,198,0.404237
3,logistic_regression_normalized,199,0.354159
3,logistic_regression_normalized,200,0.397637
3,logistic_regression_normalized,201,0.455959
3,logistic_regression_normalized,202,0.390465
3,logistic_regression_normalized,203,0.526013
3,logistic_regression_normalized,204,0.387560
3,logistic_regression_normalized,205,0.426035
3,logistic_regression_normalized,206,0.380859
3,logistic_regression_normalized,207,0.372963
3,logistic_regression_normalized,208,0.400736
3,logistic_regression_normalized,209,0.349726
3,logistic_regression_normalized,210,0.400504
3,logistic_regression_normalized,211,0.534094
3,logistic_regression_normalized,212,0.443077
3,logistic_regression_normalized,213,0.379249
3,logistic_regression_normalized,214,0.357267
3,logistic_regression_normalized,215,0.484404
3,logistic_regression_normalized,216,0.759848
3,logistic_regression_normalized,217,0.483808
3,logistic_regression_normalized,218,0.399431
3,logistic_regression_normalized,219,0.473714
3,logistic_regression_normalized,220,0.394455
3,logistic_regression_normalized,221,0.427817
3,logistic_regression_normalized,222,0.361952
3,logistic_regression_normalized,223,0.413119
3,logistic_regression_normalized,224,0.385699
3,logistic_regression_normalized,225,0.361509
3,logistic_regression_normalized,226,0.437037
3,logistic_regression_normalized,227,0.374006
3,logistic_regression_normalized,228,0.368075
3,logistic_regression_normalized,229,0.477574
3,logistic_regression_normalized,230,0.396355
3,logistic_regression_normalized,231,0.414062
3,logistic_regression_normalized,232,0.363220
3,logistic_regression_normalized,233,0.350560
3,logistic_regression_normalized,234,0.409345
3,logistic_regression_normalized,235,0.381166
3,logistic_regression_normalized,236,0.401898
3,logistic_regression_normalized,237,0.349685
3,logistic_regression_normalized,238,0.352058
3,logistic_regression_normalized,239,0.402534
3,logistic_regression_normalized,240,0.475880
3,logistic_regression_normalized,241,0.435329
3,logistic_regression_normalized,242,0.389595
3,logistic_regression_normalized,243,0.358055
3,logistic_regression_normalized,244,0.439974
3,logistic_regression_normalized,245,0.368494
3,logistic_regression_normalized,246,0.404789
3,logistic_regression_normalized,247,0.359564
3,logistic_regression_normalized,248,0.626411
3,logistic_regression_normalized,249,0.467394
3,logistic_regression_normalized,250,0.443395
3,logistic_regression_normalized,251,0.393277
3,logistic_regression_normalized,252,0.357555
3,logistic_regression_normalized,253,0.583735
3,logistic_regression_normalized,254,0.453444
3,logistic_regression_normalized,255,0.604275
3,logistic_regression_normalized,256,0.382706
3,logistic_regression_normalized,257,0.449066
3,logistic_regression_normalized,258,0.406743
3,logistic_regression_normalized,259,0.408919
3,logistic_regression_normalized,260,0.363174
3,logistic_regression_normalized,261,0.364877
3,logistic_regression_normalized,262,0.399336
3,naive_bayes_normalized,0,0.431480
3,naive_bayes_normalized,1,0.384002
3,naive_bayes_normalized,2,0.372545
3,naive_bayes_normalized,3,0.405072
3,naive_bayes_normalized,4,0.359712
3,naive_bayes_normalized,5,0.402781
3,naive_bayes_normalized,6,0.360361
3,naive_bayes_normalized,7,0.440601
3,naive_bayes_normalized,8,0.489740
3,naive_bayes_normalized,9,0.381382
3,naive_bayes_normalized,10,0.406084
3,naive_bayes_normalized,11,0.336790
3,naive_bayes_normalized,12,0.364548
3,naive_bayes_normalized,13,0.416775
3,naive_bayes_normalized,14,0.354328
3,naive_bayes_normalized,15,0.408368
3,naive_bayes_normalized,16,0.368874
3,naive_bayes_normalized,17,0.372845
3,naive_bayes_normalized,18,0.568369
3,naive_bayes_normalized,19,0.380526
3,naive_bayes_normalized,20,0.419818
3,naive_bayes_normalized,21,0.339024
3,naive_bayes_normalized,22,0.370676
3,naive_bayes_normalized,23,0.403743
3,naive_bayes_normalized,24,0.379727
3,naive_bayes_normalized,25,0.392293
3,naive_bayes_normalized,26,0.357329
3,naive_bayes_normalized,27,0.356817
3,naive_bayes_normalized,28,0.397108
3,naive_bayes_normalized,29,0.440055
3,naive_bayes_normalized,30,0.470025
3,naive_bayes_normalized,31,0.358374
3,naive_bayes_normalized,32,0.355808
3,naive_bayes_normalized,33,0.427570
3,naive_bayes_normalized,34,0.357587
3,naive_bayes_normalized,35,0.377672
3,naive_bayes_normalized,36,0.375735
3,naive_bayes_normalized,37,0.371562
3,naive_bayes_normalized,38,0.403514
3,naive_bayes_normalized,39,0.430382
3,naive_bayes_normalized,40,0.354779
3,naive_bayes_normalized,41,0.472515
3,naive_bayes_normalized,42,0.377043
3,naive_bayes_normalized,43,0.392673
3,naive_bayes_normalized,44,0.353453
3,naive_bayes_normalized,45,0.343379
3,naive_bayes_normalized,46,0.388165
3,naive_bayes_normalized,47,0.500089
3,naive_bayes_normalized,48,0.459262
3,naive_bayes_normalized,49,0.442355
3,naive_bayes_normalized,50,0.375090
3,naive_bayes_normalized,51,0.374931
3,naive_bayes_normalized,52,0.370958
3,naive_bayes_normalized,53,0.385801
3,naive_bayes_normalized,54,0.332217
3,naive_bayes_normalized,55,0.377493
3,naive_bayes_normalized,56,0.407293
3,naive_bayes_normalized,57,0.438486
3,naive_bayes_normalized,58,0.438888
3,naive_bayes_normalized,59,0.439907
3,naive_bayes_normalized,60,0.420231
3,naive_bayes_normalized,61,0.370802
3,naive_bayes_normalized,62,0.360346
3,naive_bayes_normalized,63,0.377099
3,naive_bayes_normalized,64,0.332989
3,naive_bayes_normalized,65,0.371894
3,naive_bayes_normalized,66,0.409267
3,naive_bayes_normalized,67,0.336490
3,naive_bayes_normalized,68,0.483121
3,naive_bayes_normalized,69,0.437670
3,naive_bayes_normalized,70,0.436293
3,naive_bayes_normalized,71,0.422507
3,naive_bayes_normalized,72,0.350871
3,naive_bayes_normalized,73,0.427408
3,naive_bayes_normalized,74,0.368961
3,naive_bayes_normalized,75,0.351540
3,naive_bayes_normalized,76,0.396522
3,naive_bayes_normalized,77,0.343402
3,naive_bayes_normalized,78,0.404619
3,naive_bayes_normalized,79,0.470606
3,naive_bayes_normalized,80,0.380087
3,naive_bayes_normalized,81,0.470040
3,naive_bayes_normalized,82,0.380186
3,naive_bayes_normalized,83,0.407917
3,naive_bayes_normalized,84,0.375742
3,naive_bayes_normalized,85,0.343579
3,naive_bayes_normalized,86,0.386321
3,naive_bayes_normalized,87,0.373918
3,naive_bayes_normalized,88,0.502660
3,naive_bayes_normalized,89,0.500635
3,naive_bayes_normalized,90,0.487399
3,naive_bayes_normalized,91,0.364960
3,naive_bayes_normalized,92,0.354055
3,naive_bayes_normalized,93,0.384173
3,naive_bayes_normalized,94,0.360683
3,naive_bayes_normalized,95,0.365953
3,naive_bayes_normalized,96,0.400678
3,naive_bayes_normalized,97,0.381417
3,naive_bayes_normalized,98,0.382424
3,naive_bayes_normalized,99,0.439446
3,naive_bayes_normalized,100,0.465232
3,naive_bayes_normalized,101,0.390458
3,naive_bayes_normalized,102,0.328402
3,naive_bayes_normalized,103,0.411103
3,naive_bayes_normalized,104,0.348353
3,naive_bayes_normalized,105,0.402701
3,naive_bayes_normalized,106,0.403192
3,naive_bayes_normalized,107,0.366200
3,naive_bayes_normalized,108,0.399998
3,naive_bayes_normalized,109,0.431030
3,naive_bayes_normalized,110,0.429009
3,naive_bayes_normalized,111,0.404054
3,naive_bayes_normalized,112,0.366553
3,naive_bayes_normalized,113,0.408397
3,naive_bayes_normalized,114,0.338336
3,naive_bayes_normalized,115,0.355489
3,naive_bayes_normalized,116,0.413001
3,naive_bayes_normalized,117,0.350918
3,naive_bayes_normalized,118,0.362077
3,naive_bayes_normalized,119,0.448922
3,naive_bayes_normalized,120,0.365038
3,naive_bayes_normalized,121,0.456703
3,naive_bayes_normalized,122,0.347089
3,naive_bayes_normalized,123,0.333961
3,naive_bayes_normalized,124,0.428183
3,naive_bayes_normalized,125,0.377389
3,naive_bayes_normalized,126,0.407749
3,naive_bayes_normalized,127,0.339424
3,naive_bayes_normalized,128,0.343148
3,naive_bayes_normalized,129,0.424895
3,naive_bayes_normalized,130,0.470190
3,naive_bayes_normalized,131,0.428876
3,naive_bayes_normalized,132,0.403590
3,naive_bayes_normalized,133,0.415103
3,naive_bayes_normalized,134,0.454472
3,naive_bayes_normalized,135,0.444454
3,naive_bayes_normalized,136,0.449895
3,naive_bayes_normalized,137,0.379049
3,naive_bayes_normalized,138,0.427346
3,naive_bayes_normalized,139,0.471599
3,naive_bayes_normalized,140,0.371291
3,naive_bayes_normalized,141,0.402971
3,naive_bayes_normalized,142,0.376997
3,naive_bayes_normalized,143,0.472993
3,naive_bayes_normalized,144,0.356968
3,naive_bayes_normalized,145,0.356587
3,naive_bayes_normalized,146,0.391297
3,naive_bayes_normalized,147,0.385354
3,naive_bayes_normalized,148,0.412801
3,naive_bayes_normalized,149,0.444534
3,naive_bayes_normalized,150,0.402825
3,naive_bayes_normalized,151,0.457241
3,naive_bayes_normalized,152,0.390658
3,naive_bayes_normalized,153,0.444546
3,naive_bayes_normalized,154,0.379278
3,naive_bayes_normalized,155,0.472820
3,naive_bayes_normalized,156,0.487663
3,naive_bayes_normalized,157,0.536229
3,naive_bayes_normalized,158,0.476886
3,naive_bayes_normalized,159,0.472324
3,naive_bayes_normalized,160,0.435138
3,naive_bayes_normalized,161,0.372657
3,naive_bayes_normalized,162,0.414486
3,naive_bayes_normalized,163,0.363593
3,naive_bayes_normalized,164,0.390764
3,naive_bayes_normalized,165,0.387931
3,naive_bayes_normalized,166,0.371977
3,naive_bayes_normalized,167,0.397574
3,naive_bayes_normalized,168,0.454586
3,naive_bayes_normalized,169,0.445641
3,naive_bayes_normalized,170,0.365541
3,naive_bayes_normalized,171,0.372386
3,naive_bayes_normalized,172,0.393218
3,naive_bayes_normalized,173,0.376516
3,naive_bayes_normalized,174,0.397243
3,naive_bayes_normalized,175,0.362646
3,naive_bayes_normalized,176,0.359113
3,naive_bayes_normalized,177,0.490193
3,naive_bayes_normalized,178,0.483219
3,naive_bayes_normalized,179,0.402935
3,naive_bayes_normalized,180,0.351202
3,naive_bayes_normalized,181,0.346560
3,naive_bayes_normalized,182,0.412802
3,naive_bayes_normalized,183,0.372958
3,naive_bayes_normalized,184,0.372540
3,naive_bayes_normalized,185,0.382685
3,naive_bayes_normalized,186,0.413362
3,naive_bayes_normalized,187,0.438540
3,naive_bayes_normalized,188,0.448950
3,naive_bayes_normalized,189,0.404636
3,naive_bayes_normalized,190,0.347986
3,naive_bayes_normalized,191,0.344633
3,naive_bayes_normalized,192,0.414467
3,naive_bayes_normalized,193,0.367373
3,naive_bayes_normalized,194,0.560829
3,naive_bayes_normalized,195,0.432756
3,naive_bayes_normalized,196,0.560371
3,naive_bayes_normalized,197,0.501510
3,naive_bayes_normalized,198,0.454372
3,naive_bayes_normalized,199,0.385166
3,naive_bayes_normalized,200,0.382852
3,naive_bayes_normalized,201,0.429432
3,naive_bayes_normalized,202,0.374495
3,naive_bayes_normalized,203,0.393656
3,naive_bayes_normalized,204,0.370827
3,naive_bayes_normalized,205,0.403498
3,naive_bayes_normalized,206,0.526946
3,naive_bayes_normalized,207,0.395066
3,naive_bayes_normalized,208,0.398836
3,naive_bayes_normalized,209,0.351132
3,naive_bayes_normalized,210,0.376720
3,naive_bayes_normalized,211,0.401942
3,naive_bayes_normalized,212,0.443726
3,naive_bayes_normalized,213,0.433592
3,naive_bayes_normalized,214,0.393086
3,naive_bayes_normalized,215,0.376175
3,naive_bayes_normalized,216,0.588836
3,naive_bayes_normalized,217,0.370534
3,naive_bayes_normalized,218,0.466235
3,naive_bayes_normalized,219,0.372557
3,naive_bayes_normalized,220,0.413283
3,naive_bayes_normalized,221,0.347122
3,naive_bayes_normalized,222,0.344431
3,naive_bayes_normalized,223,0.431156
3,naive_bayes_normalized,224,0.387633
3,naive_bayes_normalized,225,0.407764
3,naive_bayes_normalized,226,0.447239
3,naive_bayes_normalized,227,0.384819
3,naive_bayes_normalized,228,0.426447
3,naive_bayes_normalized,229,0.370337
3,naive_bayes_normalized,230,0.396639
3,naive_bayes_normalized,231,0.357008
3,naive_bayes_normalized,232,0.406015
3,naive_bayes_normalized,233,0.468049
3,naive_bayes_normalized,234,0.369463
3,naive_bayes_normalized,235,0.406557
3,naive_bayes_normalized,236,0.421587
3,naive_bayes_normalized,237,0.393068
3,naive_bayes_normalized,238,0.400697
3,naive_bayes_normalized,239,0.354616
3,naive_bayes_normalized,240,0.391552
3,naive_bayes_normalized,241,0.384563
3,naive_bayes_normalized,242,0.375510
3,naive_bayes_normalized,243,0.385734
3,naive_bayes_normalized,244,0.405178
3,naive_bayes_normalized,245,0.392772
3,naive_bayes_normalized,246,0.570741
3,naive_bayes_normalized,247,0.528039
3,naive_bayes_normalized,248,0.402521
3,naive_bayes_normalized,249,0.369565
3,naive_bayes_normalized,250,0.397617
3,naive_bayes_normalized,251,0.361690
3,naive_bayes_normalized,252,0.376499
3,naive_bayes_normalized,253,0.384904
3,naive_bayes_normalized,254,0.390061
3,naive_bayes_normalized,255,0.587077
3,naive_bayes_normalized,256,0.383921
3,naive_bayes_normalized,257,0.434751
3,naive_bayes_normalized,258,0.379462
3,naive_bayes_normalized,259,0.363336
3,naive_bayes_normalized,260,0.406330
3,naive_bayes_normalized,261,0.362838
3,naive_bayes_normalized,262,0.412026
3,svm_normalized,0,1.662434
3,svm_normalized,1,1.517120
3,svm_normalized,2,1.522670
3,svm_normalized,3,1.531013
3,svm_normalized,4,1.532182
3,svm_normalized,5,1.656616
3,svm_normalized,6,1.579720
3,svm_normalized,7,1.502266
3,svm_normalized,8,1.633659
3,svm_normalized,9,1.515350
3,svm_normalized,10,1.547624
3,svm_normalized,11,1.584421
3,svm_normalized,12,1.512647
3,svm_normalized,13,1.996448
3,svm_normalized,14,1.570351
3,svm_normalized,15,1.814573
3,svm_normalized,16,1.523198
3,svm_normalized,17,1.531350
3,svm_normalized,18,1.650803
3,svm_normalized,19,1.560286
3,svm_normalized,20,1.671850
3,svm_normalized,21,1.593774
3,svm_normalized,22,1.722184
3,svm_normalized,23,1.779858
3,svm_normalized,24,1.538314
3,svm_normalized,25,1.626708
3,svm_normalized,26,1.560675
3,svm_normalized,27,1.622808
3,svm_normalized,28,1.551887
3,svm_normalized,29,1.549346
3,svm_normalized,30,1.615110
3,svm_normalized,31,1.509845
3,svm_normalized,32,1.782821
3,svm_normalized,33,1.614650
3,svm_normalized,34,1.509851
3,svm_normalized,35,1.587028
3,svm_normalized,36,1.476817
3,svm_normalized,37,1.737424
3,svm_normalized,38,1.498517
3,svm_normalized,39,2.380053
3,svm_normalized,40,1.616242
3,svm_normalized,41,1.734434
3,svm_normalized,42,1.620723
3,svm_normalized,43,2.148470
3,svm_normalized,44,1.828266
3,svm_normalized,45,1.553044
3,svm_normalized,46,1.723214
3,svm_normalized,47,1.629575
3,svm_normalized,48,1.609603
3,svm_normalized,49,1.689549
3,svm_normalized,50,1.554994
3,svm_normalized,51,2.203828
3,svm_normalized,52,1.628093
3,svm_normalized,53,1.758349
3,svm_normalized,54,1.511860
3,svm_normalized,55,1.482608
3,svm_normalized,56,1.692019
3,svm_normalized,57,1.580220
3,svm_normalized,58,1.851147
3,svm_normalized,59,1.707118
3,svm_normalized,60,1.713323
3,svm_normalized,61,1.607762
3,svm_normalized,62,1.581191
3,svm_normalized,63,1.656490
3,svm_normalized,64,1.538383
3,svm_normalized,65,1.626081
3,svm_normalized,66,1.663625
3,svm_normalized,67,1.501687
3,svm_normalized,68,1.864380
3,svm_normalized,69,1.659700
3,svm_normalized,70,1.779045
3,svm_normalized,71,1.589741
3,svm_normalized,72,1.479944
3,svm_normalized,73,1.590281
3,svm_normalized,74,1.760539
3,svm_normalized,75,1.627119
3,svm_normalized,76,1.676073
3,svm_normalized,77,1.527936
3,svm_normalized,78,1.613170
3,svm_normalized,79,1.837687
3,svm_normalized,80,2.194466
3,svm_normalized,81,1.821959
3,svm_normalized,82,1.862605
3,svm_normalized,83,1.575196
3,svm_normalized,84,1.845251
3,svm_normalized,85,1.564575
3,svm_normalized,86,1.505220
3,svm_normalized,87,1.734740
3,svm_normalized,88,1.630926
3,svm_normalized,89,1.672143
3,svm_normalized,90,1.556779
3,svm_normalized,91,1.452552
3,svm_normalized,92,1.568432
3,svm_normalized,93,1.531290
3,svm_normalized,94,1.660521
3,svm_normalized,95,1.557060
3,svm_normalized,96,1.514708
3,svm_normalized,97,1.609537
3,svm_normalized,98,1.698981
3,svm_normalized,99,1.661824
3,svm_normalized,100,1.537537
3,svm_normalized,101,1.557475
3,svm_normalized,102,1.705175
3,svm_normalized,103,1.449852
3,svm_normalized,104,1.681535
3,svm_normalized,105,1.591399
3,svm_normalized,106,1.453200
3,svm_normalized,107,1.675684
3,svm_normalized,108,1.587824
3,svm_normalized,109,1.847042
3,svm_normalized,110,1.637712
3,svm_normalized,111,1.496034
3,svm_normalized,112,1.638962
3,svm_normalized,113,1.607429
3,svm_normalized,114,1.586321
3,svm_normalized,115,1.582785
3,svm_normalized,116,1.574599
3,svm_normalized,117,1.687309
3,svm_normalized,118,1.595852
3,svm_normalized,119,1.566860
3,svm_normalized,120,1.532891
3,svm_normalized,121,1.434359
3,svm_normalized,122,1.665033
3,svm_normalized,123,1.521991
3,svm_normalized,124,1.773219
3,svm_normalized,125,1.602394
3,svm_normalized,126,1.566557
3,svm_normalized,127,1.635234
3,svm_normalized,128,1.486923
3,svm_normalized,129,1.704754
3,svm_normalized,130,1.589977
3,svm_normalized,131,1.510766
3,svm_normalized,132,1.609854
3,svm_normalized,133,1.547884
3,svm_normalized,134,1.666674
3,svm_normalized,135,1.750770
3,svm_normalized,136,1.751928
3,svm_normalized,137,1.631925
3,svm_normalized,138,1.880802
3,svm_normalized,139,1.764817
3,svm_normalized,140,1.535049
3,svm_normalized,141,1.887398
3,svm_normalized,142,1.564605
3,svm_normalized,143,1.529418
3,svm_normalized,144,1.586668
3,svm_normalized,145,1.487170
3,svm_normalized,146,1.785303
3,svm_normalized,147,1.625153
3,svm_normalized,148,1.500208
3,svm_normalized,149,1.906257
3,svm_normalized,150,1.514806
3,svm_normalized,151,1.635827
3,svm_normalized,152,1.591295
3,svm_normalized,153,1.607608
3,svm_normalized,154,1.589851
3,svm_normalized,155,1.583639
3,svm_normalized,156,1.666318
3,svm_normalized,157,1.683550
3,svm_normalized,158,1.803161
3,svm_normalized,159,1.677879
3,svm_normalized,160,1.650491
3,svm_normalized,161,1.753548
3,svm_normalized,162,1.553021
3,svm_normalized,163,1.647057
3,svm_normalized,164,1.603393
3,svm_normalized,165,1.511359
3,svm_normalized,166,1.653131
3,svm_normalized,167,1.457293
3,svm_normalized,168,1.681910
3,svm_normalized,169,1.499009
3,svm_normalized,170,1.572404
3,svm_normalized,171,1.644504
3,svm_normalized,172,1.508160
3,svm_normalized,173,1.641707
3,svm_normalized,174,1.448351
3,svm_normalized,175,1.497662
3,svm_normalized,176,1.768931
3,svm_normalized,177,1.524266
3,svm_normalized,178,1.699146
3,svm_normalized,179,1.504902
3,svm_normalized,180,1.548471
3,svm_normalized,181,1.849171
3,svm_normalized,182,1.575731
3,svm_normalized,183,1.736036
3,svm_normalized,184,1.578612
3,svm_normalized,185,1.519394
3,svm_normalized,186,1.769179
3,svm_normalized,187,1.643745
3,svm_normalized,188,1.615758
3,svm_normalized,189,1.654760
3,svm_normalized,190,1.651831
3,svm_normalized,191,1.636511
3,svm_normalized,192,1.596906
3,svm_normalized,193,1.591631
3,svm_normalized,194,1.579329
3,svm_normalized,195,1.582842
3,svm_normalized,196,1.632617
3,svm_normalized,197,1.569322
3,svm_normalized,198,1.603703
3,svm_normalized,199,1.518172
3,svm_normalized,200,1.539190
3,svm_normalized,201,1.647372
3,svm_normalized,202,1.650663
3,svm_normalized,203,1.650390
3,svm_normalized,204,1.901582
3,svm_normalized,205,1.880860
3,svm_normalized,206,1.651472
3,svm_normalized,207,1.574980
3,svm_normalized,208,1.678966
3,svm_normalized,209,1.582914
3,svm_normalized,210,1.682846
3,svm_normalized,211,1.594901
3,svm_normalized,212,1.691313
3,svm_normalized,213,1.653936
3,svm_normalized,214,1.581962
3,svm_normalized,215,1.658528
3,svm_normalized,216,1.528830
3,svm_normalized,217,1.546578
3,svm_normalized,218,1.618778
3,svm_normalized,219,1.540696
3,svm_normalized,220,1.581784
3,svm_normalized,221,1.569141
3,svm_normalized,222,1.779778
3,svm_normalized,223,1.585836
3,svm_normalized,224,1.624562
3,svm_normalized,225,1.680580
3,svm_normalized,226,1.604152
3,svm_normalized,227,1.612360
3,svm_normalized,228,1.809294
3,svm_normalized,229,1.619349
3,svm_normalized,230,1.739999
3,svm_normalized,231,1.551299
3,svm_normalized,232,1.653535
3,svm_normalized,233,1.620181
3,svm_normalized,234,1.999297
3,svm_normalized,235,1.570221
3,svm_normalized,236,1.863126
3,svm_normalized,237,1.769515
3,svm_normalized,238,1.727601
3,svm_normalized,239,1.676687
3,svm_normalized,240,1.653286
3,svm_normalized,241,1.562679
3,svm_normalized,242,1.671460
3,svm_normalized,243,1.575072
3,svm_normalized,244,1.699003
3,svm_normalized,245,1.489332
3,svm_normalized,246,2.193004
3,svm_normalized,247,1.651767
3,svm_normalized,248,1.827270
3,svm_normalized,249,1.613823
3,svm_normalized,250,1.664637
3,svm_normalized,251,1.624947
3,svm_normalized,252,1.434404
3,svm_normalized,253,1.830101
3,svm_normalized,254,1.657590
3,svm_normalized,255,1.718206
3,svm_normalized,256,1.668522
3,svm_normalized,257,1.462462
3,svm_normalized,258,1.777471
3,svm_normalized,259,1.500376
3,svm_normalized,260,1.474068
3,svm_normalized,261,1.696524
3,svm_normalized,262,1.533180
3,signature_raw,0,0.045784
3,signature_raw,1,0.007357
3,signature_raw,2,0.004923
3,signature_raw,3,0.002423
3,signature_raw,4,0.004911
3,signature_raw,5,0.011280
3,signature_raw,6,0.003653
3,signature_raw,7,0.002752
3,signature_raw,8,0.003542
3,signature_raw,9,0.008242
3,signature_raw,10,0.009029
3,signature_raw,11,0.004190
3,signature_raw,12,0.004049
3,signature_raw,13,0.002312
3,signature_raw,14,0.003906
3,signature_raw,15,0.002858
3,signature_raw,16,0.004092
3,signature_raw,17,0.004303
3,signature_raw,18,0.021108
3,signature_raw,19,0.008085
3,signature_raw,20,0.008464
3,signature_raw,21,0.003085
3,signature_raw,22,0.008251
3,signature_raw,23,0.007534
3,signature_raw,24,0.008342
3,signature_raw,25,0.004254
3,signature_raw,26,0.007412
3,signature_raw,27,0.005589
3,signature_raw,28,0.003795
3,signature_raw,29,0.005931
3,signature_raw,30,0.003468
3,signature_raw,31,0.005312
3,signature_raw,32,0.008275
3,signature_raw,33,0.002710
3,signature_raw,34,0.004119
3,signature_raw,35,0.005478
3,signature_raw,36,0.003494
3,signature_raw,37,0.009114
3,signature_raw,38,0.007648
3,signature_raw,39,0.007459
3,signature_raw,40,0.005919
3,signature_raw,41,0.009306
3,signature_raw,42,0.003816
3,signature_raw,43,0.003786
3,signature_raw,44,0.010232
3,signature_raw,45,0.001496
3,signature_raw,46,0.004279
3,signature_raw,47,0.002879
3,signature_raw,48,0.008121
3,signature_raw,49,0.005556
3,signature_raw,50,0.002393
3,signature_raw,51,0.003635
3,signature_raw,52,0.006573
3,signature_raw,53,0.003380
3,signature_raw,54,0.003182
3,signature_raw,55,0.008582
3,signature_raw,56,0.003146
3,signature_raw,57,0.006363
3,signature_raw,58,0.008670
3,signature_raw,59,0.007970
3,signature_raw,60,0.008437
3,signature_raw,61,0.003964
3,signature_raw,62,0.005571
3,signature_raw,63,0.004462
3,signature_raw,64,0.003602
3,signature_raw,65,0.007374
3,signature_raw,66,0.007026
3,signature_raw,67,0.003257
3,signature_raw,68,0.006827
3,signature_raw,69,0.005911
3,signature_raw,70,0.005744
3,signature_raw,71,0.006081
3,signature_raw,72,0.006577
3,signature_raw,73,0.008318
3,signature_raw,74,0.007663
3,signature_raw,75,0.004002
3,signature_raw,76,0.007723
3,signature_raw,77,0.004103
3,signature_raw,78,0.001910
3,signature_raw,79,0.008168
3,signature_raw,80,0.009169
3,signature_raw,81,0.004530
3,signature_raw,82,0.006930
3,signature_raw,83,0.007559
3,signature_raw,84,0.011153
3,signature_raw,85,0.003230
3,signature_raw,86,0.003548
3,signature_raw,87,0.008717
3,signature_raw,88,0.008057
3,signature_raw,89,0.010524
3,signature_raw,90,0.008229
3,signature_raw,91,0.004356
3,signature_raw,92,0.003719
3,signature_raw,93,0.003297
3,signature_raw,94,0.006466
3,signature_raw,95,0.006594
3,signature_raw,96,0.006418
3,signature_raw,97,0.007176
3,signature_raw,98,0.003849
3,signature_raw,99,0.001266
3,signature_raw,100,0.003920
3,signature_raw,101,0.009437
3,signature_raw,102,0.002629
3,signature_raw,103,0.002850
3,signature_raw,104,0.002140
3,signature_raw,105,0.012687
3,signature_raw,106,0.007781
3,signature_raw,107,0.006140
3,signature_raw,108,0.006643
3,signature_raw,109,0.008124
3,signature_raw,110,0.011509
3,signature_raw,111,0.003873
3,signature_raw,112,0.006280
3,signature_raw,113,0.011404
3,signature_raw,114,0.004024
3,signature_raw,115,0.008809
3,signature_raw,116,0.008608
3,signature_raw,117,0.003444
3,signature_raw,118,0.006189
3,signature_raw,119,0.003856
3,signature_raw,120,0.003728
3,signature_raw,121,0.003702
3,signature_raw,122,0.006203
3,signature_raw,123,0.003026
3,signature_raw,124,0.002640
3,signature_raw,125,0.008805
3,signature_raw,126,0.003555
3,signature_raw,127,0.004335
3,signature_raw,128,0.003717
3,signature_raw,129,0.001942
3,signature_raw,130,0.006112
3,signature_raw,131,0.010400
3,signature_raw,132,0.003871
3,signature_raw,133,0.007782
3,signature_raw,134,0.002664
3,signature_raw,135,0.010732
3,signature_raw,136,0.004961
3,signature_raw,137,0.003761
3,signature_raw,138,0.008821
3,signature_raw,139,0.007574
3,signature_raw,140,0.003493
3,signature_raw,141,0.003630
3,signature_raw,142,0.004920
3,signature_raw,143,0.006721
3,signature_raw,144,0.003744
3,signature_raw,145,0.002077
3,signature_raw,146,0.004399
3,signature_raw,147,0.001639
3,signature_raw,148,0.003816
3,signature_raw,149,0.011927
3,signature_raw,150,0.005849
3,signature_raw,151,0.006444
3,signature_raw,152,0.003718
3,signature_raw,153,0.007612
3,signature_raw,154,0.006124
3,signature_raw,155,0.006798
3,signature_raw,156,0.010401
3,signature_raw,157,0.011311
3,signature_raw,158,0.038389
3,signature_raw,159,0.007650
3,signature_raw,160,0.020829
3,signature_raw,161,0.004009
3,signature_raw,162,0.006863
3,signature_raw,163,0.005238
3,signature_raw,164,0.006560
3,signature_raw,165,0.005782
3,signature_raw,166,0.007827
3,signature_raw,167,0.002414
3,signature_raw,168,0.003452
3,signature_raw,169,0.003721
3,signature_raw,170,0.003741
3,signature_raw,171,0.008553
3,signature_raw,172,0.005010
3,signature_raw,173,0.006880
3,signature_raw,174,0.004795
3,signature_raw,175,0.006749
3,signature_raw,176,0.007675
3,signature_raw,177,0.001764
3,signature_raw,178,0.007736
3,signature_raw,179,0.002692
3,signature_raw,180,0.003648
3,signature_raw,181,0.003341
3,signature_raw,182,0.004582
3,signature_raw,183,0.007170
3,signature_raw,184,0.004510
3,signature_raw,185,0.010480
3,signature_raw,186,0.018557
3,signature_raw,187,0.008740
3,signature_raw,188,0.005957
3,signature_raw,189,0.001799
3,signature_raw,190,0.003981
3,signature_raw,191,0.004095
3,signature_raw,192,0.002574
3,signature_raw,193,0.008105
3,signature_raw,194,0.002618
3,signature_raw,195,0.002520
3,signature_raw,196,0.007920
3,signature_raw,197,0.005769
3,signature_raw,198,0.008258
3,signature_raw,199,0.007981
3,signature_raw,200,0.050712
3,signature_raw,201,0.009617
3,signature_raw,202,0.008846
3,signature_raw,203,0.004724
3,signature_raw,204,0.007596
3,signature_raw,205,0.005988
3,signature_raw,206,0.006910
3,signature_raw,207,0.007047
3,signature_raw,208,0.001767
3,signature_raw,209,0.004167
3,signature_raw,210,0.006613
3,signature_raw,211,0.005800
3,signature_raw,212,0.002708
3,signature_raw,213,0.009639
3,signature_raw,214,0.006354
3,signature_raw,215,0.006363
3,signature_raw,216,0.008779
3,signature_raw,217,0.005113
3,signature_raw,218,0.003331
3,signature_raw,219,0.003401
3,signature_raw,220,0.002576
3,signature_raw,221,0.003692
3,signature_raw,222,0.004632
3,signature_raw,223,0.003445
3,signature_raw,224,0.010515
3,signature_raw,225,0.002512
3,signature_raw,226,0.008485
3,signature_raw,227,0.006514
3,signature_raw,228,0.002793
3,signature_raw,229,0.007606
3,signature_raw,230,0.008489
3,signature_raw,231,0.003756
3,signature_raw,232,0.006688
3,signature_raw,233,0.003745
3,signature_raw,234,0.002477
3,signature_raw,235,0.012599
3,signature_raw,236,0.003495
3,signature_raw,237,0.003380
3,signature_raw,238,0.003834
3,signature_raw,239,0.006575
3,signature_raw,240,0.002056
3,signature_raw,241,0.009381
3,signature_raw,242,0.009636
3,signature_raw,243,0.003864
3,signature_raw,244,0.009247
3,signature_raw,245,0.001711
3,signature_raw,246,0.005510
3,signature_raw,247,0.001455
3,signature_raw,248,0.009542
3,signature_raw,249,0.006206
3,signature_raw,250,0.003851
3,signature_raw,251,0.007201
3,signature_raw,252,0.003389
3,signature_raw,253,0.007626
3,signature_raw,254,0.002481
3,signature_raw,255,0.007062
3,signature_raw,256,0.005959
3,signature_raw,257,0.010378
3,signature_raw,258,0.003839
3,signature_raw,259,0.003391
3,signature_raw,260,0.006090
3,signature_raw,261,0.008475
3,signature_raw,262,0.007369
3,signature_normalized,0,0.014937
3,signature_normalized,1,0.010124
3,signature_normalized,2,0.006073
3,signature_normalized,3,0.003952
3,signature_normalized,4,0.008029
3,signature_normalized,5,0.013474
3,signature_normalized,6,0.006040
3,signature_normalized,7,0.004583
3,signature_normalized,8,0.005188
3,signature_normalized,9,0.015221
3,signature_normalized,10,0.015166
3,signature_normalized,11,0.005939
3,signature_normalized,12,0.005500
3,signature_normalized,13,0.004276
3,signature_normalized,14,0.006107
3,signature_normalized,15,0.005111
3,signature_normalized,16,0.005617
3,signature_normalized,17,0.005769
3,signature_normalized,18,0.022386
3,signature_normalized,19,0.015266
3,signature_normalized,20,0.015182
3,signature_normalized,21,0.028434
3,signature_normalized,22,0.020078
3,signature_normalized,23,0.010443
3,signature_normalized,24,0.015799
3,signature_normalized,25,0.006136
3,signature_normalized,26,0.012847
3,signature_normalized,27,0.010404
3,signature_normalized,28,0.006041
3,signature_normalized,29,0.010040
3,signature_normalized,30,0.005043
3,signature_normalized,31,0.007646
3,signature_normalized,32,0.009510
3,signature_normalized,33,0.005635
3,signature_normalized,34,0.005662
3,signature_normalized,35,0.008767
3,signature_normalized,36,0.005019
3,signature_normalized,37,0.010899
3,signature_normalized,38,0.030713
3,signature_normalized,39,0.014250
3,signature_normalized,40,0.010229
3,signature_normalized,41,0.015894
3,signature_normalized,42,0.005459
3,signature_normalized,43,0.005210
3,signature_normalized,44,0.019157
3,signature_normalized,45,0.004031
3,signature_normalized,46,0.006599
3,signature_normalized,47,0.004757
3,signature_normalized,48,0.013509
3,signature_normalized,49,0.011515
3,signature_normalized,50,0.004752
3,signature_normalized,51,0.005724
3,signature_normalized,52,0.011237
3,signature_normalized,53,0.005717
3,signature_normalized,54,0.005422
3,signature_normalized,55,0.015613
3,signature_normalized,56,0.005346
3,signature_normalized,57,0.010952
3,signature_normalized,58,0.014849
3,signature_normalized,59,0.013837
3,signature_normalized,60,0.013597
3,signature_normalized,61,0.005768
3,signature_normalized,62,0.007394
3,signature_normalized,63,0.006149
3,signature_normalized,64,0.005542
3,signature_normalized,65,0.013421
3,signature_normalized,66,0.011957
3,signature_normalized,67,0.005407
3,signature_normalized,68,0.008463
3,signature_normalized,69,0.010327
3,signature_normalized,70,0.010462
3,signature_normalized,71,0.007736
3,signature_normalized,72,0.010677
3,signature_normalized,73,0.010870
3,signature_normalized,74,0.009619
3,signature_normalized,75,0.005478
3,signature_normalized,76,0.012268
3,signature_normalized,77,0.005673
3,signature_normalized,78,0.004896
3,signature_normalized,79,0.013211
3,signature_normalized,80,0.015557
3,signature_normalized,81,0.007725
3,signature_normalized,82,0.011665
3,signature_normalized,83,0.013069
3,signature_normalized,84,0.013313
3,signature_normalized,85,0.005225
3,signature_normalized,86,0.009802
3,signature_normalized,87,0.016522
3,signature_normalized,88,0.010414
3,signature_normalized,89,0.020755
3,signature_normalized,90,0.010597
3,signature_normalized,91,0.005829
3,signature_normalized,92,0.005662
3,signature_normalized,93,0.005194
3,signature_normalized,94,0.007865
3,signature_normalized,95,0.010493
3,signature_normalized,96,0.009934
3,signature_normalized,97,0.011836
3,signature_normalized,98,0.005556
3,signature_normalized,99,0.003327
3,signature_normalized,100,0.005489
3,signature_normalized,101,0.016118
3,signature_normalized,102,0.005936
3,signature_normalized,103,0.004737
3,signature_normalized,104,0.006721
3,signature_normalized,105,0.011206
3,signature_normalized,106,0.013181
3,signature_normalized,107,0.010667
3,signature_normalized,108,0.011486
3,signature_normalized,109,0.013110
3,signature_normalized,110,0.017871
3,signature_normalized,111,0.005880
3,signature_normalized,112,0.010498
3,signature_normalized,113,0.013509
3,signature_normalized,114,0.005416
3,signature_normalized,115,0.010532
3,signature_normalized,116,0.014525
3,signature_normalized,117,0.005419
3,signature_normalized,118,0.007729
3,signature_normalized,119,0.005361
3,signature_normalized,120,0.005074
3,signature_normalized,121,0.032268
3,signature_normalized,122,0.014157
3,signature_normalized,123,0.005733
3,signature_normalized,124,0.005722
3,signature_normalized,125,0.015923
3,signature_normalized,126,0.007126
3,signature_normalized,127,0.005957
3,signature_normalized,128,0.006411
3,signature_normalized,129,0.004680
3,signature_normalized,130,0.010586
3,signature_normalized,131,0.012305
3,signature_normalized,132,0.005954
3,signature_normalized,133,0.013056
3,signature_normalized,134,0.005166
3,signature_normalized,135,0.019557
3,signature_normalized,136,0.006746
3,signature_normalized,137,0.005669
3,signature_normalized,138,0.015278
3,signature_normalized,139,0.013177
3,signature_normalized,140,0.005022
3,signature_normalized,141,0.005535
3,signature_normalized,142,0.007197
3,signature_normalized,143,0.009943
3,signature_normalized,144,0.005433
3,signature_normalized,145,0.004219
3,signature_normalized,146,0.007950
3,signature_normalized,147,0.003561
3,signature_normalized,148,0.005257
3,signature_normalized,149,0.020532
3,signature_normalized,150,0.009381
3,signature_normalized,151,0.006277
3,signature_normalized,152,0.005673
3,signature_normalized,153,0.011770
3,signature_normalized,154,0.010612
3,signature_normalized,155,0.011090
3,signature_normalized,156,0.017838
3,signature_normalized,157,0.014129
3,signature_normalized,158,0.014386
3,signature_normalized,159,0.010516
3,signature_normalized,160,0.023208
3,signature_normalized,161,0.005592
3,signature_normalized,162,0.010911
3,signature_normalized,163,0.007352
3,signature_normalized,164,0.005610
3,signature_normalized,165,0.009060
3,signature_normalized,166,0.012428
3,signature_normalized,167,0.004609
3,signature_normalized,168,0.004905
3,signature_normalized,169,0.005599
3,signature_normalized,170,0.005510
3,signature_normalized,171,0.014467
3,signature_normalized,172,0.008214
3,signature_normalized,173,0.008247
3,signature_normalized,174,0.008045
3,signature_normalized,175,0.010978
3,signature_normalized,176,0.009376
3,signature_normalized,177,0.003633
3,signature_normalized,178,0.012873
3,signature_normalized,179,0.005346
3,signature_normalized,180,0.005960
3,signature_normalized,181,0.004904
3,signature_normalized,182,0.006281
3,signature_normalized,183,0.011081
3,signature_normalized,184,0.006133
3,signature_normalized,185,0.012456
3,signature_normalized,186,0.021689
3,signature_normalized,187,0.010468
3,signature_normalized,188,0.009519
3,signature_normalized,189,0.003744
3,signature_normalized,190,0.005703
3,signature_normalized,191,0.005840
3,signature_normalized,192,0.004694
3,signature_normalized,193,0.012981
3,signature_normalized,194,0.005552
3,signature_normalized,195,0.004721
3,signature_normalized,196,0.013307
3,signature_normalized,197,0.009364
3,signature_normalized,198,0.012897
3,signature_normalized,199,0.010076
3,signature_normalized,200,0.009476
3,signature_normalized,201,0.012353
3,signature_normalized,202,0.013725
3,signature_normalized,203,0.008255
3,signature_normalized,204,0.011951
3,signature_normalized,205,0.007288
3,signature_normalized,206,0.010355
3,signature_normalized,207,0.011444
3,signature_normalized,208,0.003605
3,signature_normalized,209,0.005799
3,signature_normalized,210,0.008018
3,signature_normalized,211,0.008993
3,signature_normalized,212,0.005565
3,signature_normalized,213,0.011296
3,signature_normalized,214,0.010303
3,signature_normalized,215,0.010077
3,signature_normalized,216,0.014902
3,signature_normalized,217,0.008580
3,signature_normalized,218,0.006606
3,signature_normalized,219,0.005479
3,signature_normalized,220,0.005015
3,signature_normalized,221,0.005718
3,signature_normalized,222,0.006161
3,signature_normalized,223,0.006669
3,signature_normalized,224,0.013300
3,signature_normalized,225,0.004734
3,signature_normalized,226,0.010821
3,signature_normalized,227,0.031846
3,signature_normalized,228,0.009853
3,signature_normalized,229,0.016598
3,signature_normalized,230,0.015037
3,signature_normalized,231,0.005662
3,signature_normalized,232,0.010476
3,signature_normalized,233,0.006006
3,signature_normalized,234,0.005245
3,signature_normalized,235,0.014567
3,signature_normalized,236,0.005721
3,signature_normalized,237,0.005572
3,signature_normalized,238,0.005654
3,signature_normalized,239,0.011893
3,signature_normalized,240,0.005975
3,signature_normalized,241,0.012037
3,signature_normalized,242,0.012324
3,signature_normalized,243,0.005848
3,signature_normalized,244,0.016956
3,signature_normalized,245,0.004126
3,signature_normalized,246,0.009316
3,signature_normalized,247,0.004690
3,signature_normalized,248,0.017731
3,signature_normalized,249,0.010405
3,signature_normalized,250,0.005713
3,signature_normalized,251,0.013009
3,signature_normalized,252,0.005622
3,signature_normalized,253,0.013278
3,signature_normalized,254,0.004977
3,signature_normalized,255,0.018830
3,signature_normalized,256,0.010751
3,signature_normalized,257,0.007791
3,signature_normalized,258,0.005706
3,signature_normalized,259,0.005706
3,signature_normalized,260,0.010177
3,signature_normalized,261,0.014264
3,signature_normalized,262,0.013563
3,svm_normalized_uncalibrated,0,0.383550
3,svm_normalized_uncalibrated,1,0.361352
3,svm_normalized_uncalibrated,2,0.357482
3,svm_normalized_uncalibrated,3,0.406021
3,svm_normalized_uncalibrated,4,0.348182
3,svm_normalized_uncalibrated,5,0.359678
3,svm_normalized_uncalibrated,6,0.395912
3,svm_normalized_uncalibrated,7,0.438193
3,svm_normalized_uncalibrated,8,0.421565
3,svm_normalized_uncalibrated,9,0.374654
3,svm_normalized_uncalibrated,10,0.362402
3,svm_normalized_uncalibrated,11,0.374960
3,svm_normalized_uncalibrated,12,0.320109
3,svm_normalized_uncalibrated,13,0.339351
3,svm_normalized_uncalibrated,14,0.384427
3,svm_normalized_uncalibrated,15,0.385958
3,svm_normalized_uncalibrated,16,0.380106
3,svm_normalized_uncalibrated,17,0.409047
3,svm_normalized_uncalibrated,18,0.433169
3,svm_normalized_uncalibrated,19,0.413277
3,svm_normalized_uncalibrated,20,0.354656
3,svm_normalized_uncalibrated,21,0.340094
3,svm_normalized_uncalibrated,22,0.381189
3,svm_normalized_uncalibrated,23,0.380616
3,svm_normalized_uncalibrated,24,0.374236
3,svm_normalized_uncalibrated,25,0.322981
3,svm_normalized_uncalibrated,26,0.333601
3,svm_normalized_uncalibrated,27,0.374941
3,svm_normalized_uncalibrated,28,0.429463
3,svm_normalized_uncalibrated,29,0.349649
3,svm_normalized_uncalibrated,30,0.366480
3,svm_normalized_uncalibrated,31,0.354762
3,svm_normalized_uncalibrated,32,0.392239
3,svm_normalized_uncalibrated,33,0.464970
3,svm_normalized_uncalibrated,34,0.370036
3,svm_normalized_uncalibrated,35,0.406169
3,svm_normalized_uncalibrated,36,0.318536
3,svm_normalized_uncalibrated,37,0.504304
3,svm_normalized_uncalibrated,38,0.439943
3,svm_normalized_uncalibrated,39,0.364590
3,svm_normalized_uncalibrated,40,0.381272
3,svm_normalized_uncalibrated,41,0.348617
3,svm_normalized_uncalibrated,42,0.435810
3,svm_normalized_uncalibrated,43,0.356577
3,svm_normalized_uncalibrated,44,0.361140
3,svm_normalized_uncalibrated,45,0.383048
3,svm_normalized_uncalibrated,46,0.339661
3,svm_normalized_uncalibrated,47,0.331392
3,svm_normalized_uncalibrated,48,0.456762
3,svm_normalized_uncalibrated,49,0.358446
3,svm_normalized_uncalibrated,50,0.384684
3,svm_normalized_uncalibrated,51,0.328663
3,svm_normalized_uncalibrated,52,0.334570
3,svm_normalized_uncalibrated,53,0.408909
3,svm_normalized_uncalibrated,54,0.359867
3,svm_normalized_uncalibrated,55,0.342732
3,svm_normalized_uncalibrated,56,0.366166
3,svm_normalized_uncalibrated,57,0.319323
3,svm_normalized_uncalibrated,58,0.401361
3,svm_normalized_uncalibrated,59,0.496599
3,svm_normalized_uncalibrated,60,0.368512
3,svm_normalized_uncalibrated,61,0.373036
3,svm_normalized_uncalibrated,62,0.346090
3,svm_normalized_uncalibrated,63,0.335930
3,svm_normalized_uncalibrated,64,0.375033
3,svm_normalized_uncalibrated,65,0.334228
3,svm_normalized_uncalibrated,66,0.333408
3,svm_normalized_uncalibrated,67,0.374076
3,svm_normalized_uncalibrated,68,0.377844
3,svm_normalized_uncalibrated,69,0.368775
3,svm_normalized_uncalibrated,70,0.397563
3,svm_normalized_uncalibrated,71,0.341047
3,svm_normalized_uncalibrated,72,0.384892
3,svm_normalized_uncalibrated,73,0.347713
3,svm_normalized_uncalibrated,74,0.401428
3,svm_normalized_uncalibrated,75,0.397778
3,svm_normalized_uncalibrated,76,0.356400
3,svm_normalized_uncalibrated,77,0.371290
3,svm_normalized_uncalibrated,78,0.340683
3,svm_normalized_uncalibrated,79,0.336980
3,svm_normalized_uncalibrated,80,0.377907
3,svm_normalized_uncalibrated,81,0.528263
3,svm_normalized_uncalibrated,82,0.406920
3,svm_normalized_uncalibrated,83,0.347776
3,svm_normalized_uncalibrated,84,0.373680
3,svm_normalized_uncalibrated,85,0.380285
3,svm_normalized_uncalibrated,86,0.326245
3,svm_normalized_uncalibrated,87,0.345542
3,svm_normalized_uncalibrated,88,0.412233
3,svm_normalized_uncalibrated,89,0.361603
3,svm_normalized_uncalibrated,90,0.347012
3,svm_normalized_uncalibrated,91,0.435805
3,svm_normalized_uncalibrated,92,0.373232
3,svm_normalized_uncalibrated,93,0.381049
3,svm_normalized_uncalibrated,94,0.334475
3,svm_normalized_uncalibrated,95,0.326733
3,svm_normalized_uncalibrated,96,0.364084
3,svm_normalized_uncalibrated,97,0.349024
3,svm_normalized_uncalibrated,98,0.339939
3,svm_normalized_uncalibrated,99,1.752057
3,svm_normalized_uncalibrated,100,0.606113
3,svm_normalized_uncalibrated,101,0.455287
3,svm_normalized_uncalibrated,102,0.398509
3,svm_normalized_uncalibrated,103,0.393752
3,svm_normalized_uncalibrated,104,0.364580
3,svm_normalized_uncalibrated,105,0.817869
3,svm_normalized_uncalibrated,106,0.475985
3,svm_normalized_uncalibrated,107,0.458924
3,svm_normalized_uncalibrated,108,0.360726
3,svm_normalized_uncalibrated,109,0.416738
3,svm_normalized_uncalibrated,110,0.391045
3,svm_normalized_uncalibrated,111,0.428571
3,svm_normalized_uncalibrated,112,0.356989
3,svm_normalized_uncalibrated,113,0.635748
3,svm_normalized_uncalibrated,114,0.528715
3,svm_normalized_uncalibrated,115,0.451237
3,svm_normalized_uncalibrated,116,0.474961
3,svm_normalized_uncalibrated,117,0.386244
3,svm_normalized_uncalibrated,118,0.408797
3,svm_normalized_uncalibrated,119,0.455017
3,svm_normalized_uncalibrated,120,0.419872
3,svm_normalized_uncalibrated,121,0.348954
3,svm_normalized_uncalibrated,122,0.441637
3,svm_normalized_uncalibrated,123,0.468239
3,svm_normalized_uncalibrated,124,0.375651
3,svm_normalized_uncalibrated,125,0.590701
3,svm_normalized_uncalibrated,126,0.430559
3,svm_normalized_uncalibrated,127,0.411926
3,svm_normalized_uncalibrated,128,0.335902
3,svm_normalized_uncalibrated,129,0.396964
3,svm_normalized_uncalibrated,130,0.359410
3,svm_normalized_uncalibrated,131,0.358035
3,svm_normalized_uncalibrated,132,0.499904
3,svm_normalized_uncalibrated,133,0.407261
3,svm_normalized_uncalibrated,134,0.454460
3,svm_normalized_uncalibrated,135,0.459754
3,svm_normalized_uncalibrated,136,0.426187
3,svm_normalized_uncalibrated,137,0.367628
3,svm_normalized_uncalibrated,138,0.343031
3,svm_normalized_uncalibrated,139,0.387998
3,svm_normalized_uncalibrated,140,0.340834
3,svm_normalized_uncalibrated,141,0.328531
3,svm_normalized_uncalibrated,142,0.436723
3,svm_normalized_uncalibrated,143,0.481406
3,svm_normalized_uncalibrated,144,0.967075
3,svm_normalized_uncalibrated,145,0.783908
3,svm_normalized_uncalibrated,146,0.798267
3,svm_normalized_uncalibrated,147,0.531824
3,svm_normalized_uncalibrated,148,0.475090
3,svm_normalized_uncalibrated,149,0.378924
3,svm_normalized_uncalibrated,150,0.508953
3,svm_normalized_uncalibrated,151,0.544616
3,svm_normalized_uncalibrated,152,0.384841
3,svm_normalized_uncalibrated,153,0.378711
3,svm_normalized_uncalibrated,154,0.352558
3,svm_normalized_uncalibrated,155,0.393334
3,svm_normalized_uncalibrated,156,0.352224
3,svm_normalized_uncalibrated,157,0.402788
3,svm_normalized_uncalibrated,158,0.410223
3,svm_normalized_uncalibrated,159,0.337692
3,svm_normalized_uncalibrated,160,0.425104
3,svm_normalized_uncalibrated,161,0.422450
3,svm_normalized_uncalibrated,162,1.274222
3,svm_normalized_uncalibrated,163,0.453771
3,svm_normalized_uncalibrated,164,0.413557
3,svm_normalized_uncalibrated,165,0.417623
3,svm_normalized_uncalibrated,166,0.370347
3,svm_normalized_uncalibrated,167,0.370758
3,svm_normalized_uncalibrated,168,0.508208
3,svm_normalized_uncalibrated,169,0.367955
3,svm_normalized_uncalibrated,170,0.396414
3,svm_normalized_uncalibrated,171,0.371466
3,svm_normalized_uncalibrated,172,0.457383
3,svm_normalized_uncalibrated,173,0.384725
3,svm_normalized_uncalibrated,174,0.329621
3,svm_normalized_uncalibrated,175,0.398482
3,svm_normalized_uncalibrated,176,0.365478
3,svm_normalized_uncalibrated,177,0.325976
3,svm_normalized_uncalibrated,178,0.508102
3,svm_normalized_uncalibrated,179,0.379372
3,svm_normalized_uncalibrated,180,0.406077
3,svm_normalized_uncalibrated,181,0.366104
3,svm_normalized_uncalibrated,182,0.332850
3,svm_normalized_uncalibrated,183,0.377669
3,svm_normalized_uncalibrated,184,0.333397
3,svm_normalized_uncalibrated,185,0.591783
3,svm_normalized_uncalibrated,186,0.420119
3,svm_normalized_uncalibrated,187,0.353442
3,svm_normalized_uncalibrated,188,0.519381
3,svm_normalized_uncalibrated,189,0.368694
3,svm_normalized_uncalibrated,190,0.386206
3,svm_normalized_uncalibrated,191,0.336943
3,svm_normalized_uncalibrated,192,0.335591
3,svm_normalized_uncalibrated,193,0.397055
3,svm_normalized_uncalibrated,194,0.365766
3,svm_normalized_uncalibrated,195,0.331464
3,svm_normalized_uncalibrated,196,0.627868
3,svm_normalized_uncalibrated,197,0.634576
3,svm_normalized_uncalibrated,198,0.457636
3,svm_normalized_uncalibrated,199,0.425850
3,svm_normalized_uncalibrated,200,0.397978
3,svm_normalized_uncalibrated,201,0.370704
3,svm_normalized_uncalibrated,202,0.400462
3,svm_normalized_uncalibrated,203,0.444859
3,svm_normalized_uncalibrated,204,0.417781
3,svm_normalized_uncalibrated,205,0.451248
3,svm_normalized_uncalibrated,206,0.407047
3,svm_normalized_uncalibrated,207,0.442884
3,svm_normalized_uncalibrated,208,0.339337
3,svm_normalized_uncalibrated,209,0.372357
3,svm_normalized_uncalibrated,210,0.375584
3,svm_normalized_uncalibrated,211,0.344095
3,svm_normalized_uncalibrated,212,0.446260
3,svm_normalized_uncalibrated,213,0.442705
3,svm_normalized_uncalibrated,214,0.429064
3,svm_normalized_uncalibrated,215,0.359511
3,svm_normalized_uncalibrated,216,0.336901
3,svm_normalized_uncalibrated,217,0.464931
3,svm_normalized_uncalibrated,218,0.528989
3,svm_normalized_uncalibrated,219,0.851090
3,svm_normalized_uncalibrated,220,0.878661
3,svm_normalized_uncalibrated,221,0.870678
3,svm_normalized_uncalibrated,222,0.953158
3,svm_normalized_uncalibrated,223,0.898272
3,svm_normalized_uncalibrated,224,0.844678
3,svm_normalized_uncalibrated,225,0.839884
3,svm_normalized_uncalibrated,226,0.594903
3,svm_normalized_uncalibrated,227,0.427922
3,svm_normalized_uncalibrated,228,0.447173
3,svm_normalized_uncalibrated,229,0.369066
3,svm_normalized_uncalibrated,230,0.478253
3,svm_normalized_uncalibrated,231,0.341768
3,svm_normalized_uncalibrated,232,0.382826
3,svm_normalized_uncalibrated,233,0.410618
3,svm_normalized_uncalibrated,234,0.349364
3,svm_normalized_uncalibrated,235,0.406252
3,svm_normalized_uncalibrated,236,0.348554
3,svm_normalized_uncalibrated,237,0.320951
3,svm_normalized_uncalibrated,238,0.427161
3,svm_normalized_uncalibrated,239,0.382102
3,svm_normalized_uncalibrated,240,0.397433
3,svm_normalized_uncalibrated,241,0.370062
3,svm_normalized_uncalibrated,242,0.344393
3,svm_normalized_uncalibrated,243,0.363890
3,svm_normalized_uncalibrated,244,0.366772
3,svm_normalized_uncalibrated,245,0.315012
3,svm_normalized_uncalibrated,246,0.368247
3,svm_normalized_uncalibrated,247,0.377294
3,svm_normalized_uncalibrated,248,0.412271
3,svm_normalized_uncalibrated,249,0.419367
3,svm_normalized_uncalibrated,250,0.326794
3,svm_normalized_uncalibrated,251,0.374231
3,svm_normalized_uncalibrated,252,0.329637
3,svm_normalized_uncalibrated,253,0.336572
3,svm_normalized_uncalibrated,254,0.409958
3,svm_normalized_uncalibrated,255,0.369022
3,svm_normalized_uncalibrated,256,0.333022
3,svm_normalized_uncalibrated,257,0.383786
3,svm_normalized_uncalibrated,258,0.313717
3,svm_normalized_uncalibrated,259,0.346641
3,svm_normalized_uncalibrated,260,0.425990
3,svm_normalized_uncalibrated,261,0.349149
3,svm_normalized_uncalibrated,262,0.368989
4,logistic_regression_normalized,0,0.416172
4,logistic_regression_normalized,1,0.388834
4,logistic_regression_normalized,2,0.372463
4,logistic_regression_normalized,3,0.445518
4,logistic_regression_normalized,4,0.455536
4,logistic_regression_normalized,5,0.431764
4,logistic_regression_normalized,6,0.374106
4,logistic_regression_normalized,7,0.371276
4,logistic_regression_normalized,8,0.441674
4,logistic_regression_normalized,9,0.393982
4,logistic_regression_normalized,10,0.461116
4,logistic_regression_normalized,11,0.379411
4,logistic_regression_normalized,12,0.357606
4,logistic_regression_normalized,13,0.512492
4,logistic_regression_normalized,14,0.368936
4,logistic_regression_normalized,15,0.469745
4,logistic_regression_normalized,16,0.510458
4,logistic_regression_normalized,17,0.464395
4,logistic_regression_normalized,18,0.444468
4,logistic_regression_normalized,19,0.432618
4,logistic_regression_normalized,20,0.454988
4,logistic_regression_normalized,21,0.420627
4,logistic_regression_normalized,22,0.490419
4,logistic_regression_normalized,23,0.377839
4,logistic_regression_normalized,24,0.432758
4,logistic_regression_normalized,25,0.352203
4,logistic_regression_normalized,26,0.407802
4,logistic_regression_normalized,27,0.400900
4,logistic_regression_normalized,28,0.358207
4,logistic_regression_normalized,29,0.414382
4,logistic_regression_normalized,30,0.366775
4,logistic_regression_normalized,31,0.385476
4,logistic_regression_normalized,32,0.480783
4,logistic_regression_normalized,33,0.387581
4,logistic_regression_normalized,34,0.414374
4,logistic_regression_normalized,35,0.355947
4,logistic_regression_normalized,36,0.378272
4,logistic_regression_normalized,37,0.408991
4,logistic_regression_normalized,38,0.373869
4,logistic_regression_normalized,39,0.417567
4,logistic_regression_normalized,40,0.350047
4,logistic_regression_normalized,41,0.343862
4,logistic_regression_normalized,42,0.485669
4,logistic_regression_normalized,43,0.366660
4,logistic_regression_normalized,44,0.418993
4,logistic_regression_normalized,45,0.360389
4,logistic_regression_normalized,46,0.331286
4,logistic_regression_normalized,47,0.416689
4,logistic_regression_normalized,48,0.380574
4,logistic_regression_normalized,49,0.472255
4,logistic_regression_normalized,50,0.417264
4,logistic_regression_normalized,51,0.358086
4,logistic_regression_normalized,52,0.494190
4,logistic_regression_normalized,53,0.362080
4,logistic_regression_normalized,54,0.411606
4,logistic_regression_normalized,55,0.393590
4,logistic_regression_normalized,56,0.394681
4,logistic_regression_normalized,57,0.382931
4,logistic_regression_normalized,58,0.359078
4,logistic_regression_normalized,59,0.413424
4,logistic_regression_normalized,60,0.376980
4,logistic_regression_normalized,61,0.336146
4,logistic_regression_normalized,62,0.451518
4,logistic_regression_normalized,63,0.392106
4,logistic_regression_normalized,64,0.405524
4,logistic_regression_normalized,65,0.379270
4,logistic_regression_normalized,66,0.347792
4,logistic_regression_normalized,67,0.667611
4,logistic_regression_normalized,68,0.416449
4,logistic_regression_normalized,69,0.455724
4,logistic_regression_normalized,70,0.544645
4,logistic_regression_normalized,71,0.552553
4,logistic_regression_normalized,72,0.526357
4,logistic_regression_normalized,73,0.428678
4,logistic_regression_normalized,74,0.374885
4,logistic_regression_normalized,75,0.403651
4,logistic_regression_normalized,76,0.399600
4,logistic_regression_normalized,77,0.408354
4,logistic_regression_normalized,78,0.403592
4,logistic_regression_normalized,79,0.374288
4,logistic_regression_normalized,80,0.408394
4,logistic_regression_normalized,81,0.453274
4,logistic_regression_normalized,82,0.417211
4,logistic_regression_normalized,83,0.375447
4,logistic_regression_normalized,84,0.391235
4,logistic_regression_normalized,85,0.411139
4,logistic_regression_normalized,86,0.363803
4,logistic_regression_normalized,87,0.418762
4,logistic_regression_normalized,88,0.407651
4,logistic_regression_normalized,89,0.365947
4,logistic_regression_normalized,90,0.427772
4,logistic_regression_normalized,91,0.433626
4,logistic_regression_normalized,92,0.396116
4,logistic_regression_normalized,93,0.360867
4,logistic_regression_normalized,94,0.357292
4,logistic_regression_normalized,95,0.413384
4,logistic_regression_normalized,96,0.366623
4,logistic_regression_normalized,97,0.385490
4,logistic_regression_normalized,98,0.388777
4,logistic_regression_normalized,99,0.360316
4,logistic_regression_normalized,100,0.384716
4,logistic_regression_normalized,101,0.563547
4,logistic_regression_normalized,102,0.415353
4,logistic_regression_normalized,103,0.397034
4,logistic_regression_normalized,104,0.411234
4,logistic_regression_normalized,105,0.512393
4,logistic_regression_normalized,106,0.399373
4,logistic_regression_normalized,107,0.442188
4,logistic_regression_normalized,108,0.341422
4,logistic_regression_normalized,109,0.414932
4,logistic_regression_normalized,110,0.468673
4,logistic_regression_normalized,111,0.369230
4,logistic_regression_normalized,112,0.415347
4,logistic_regression_normalized,113,0.365279
4,logistic_regression_normalized,114,0.378130
4,logistic_regression_normalized,115,0.556389
4,logistic_regression_normalized,116,0.727161
4,logistic_regression_normalized,117,0.468816
4,logistic_regression_normalized,118,0.577581
4,logistic_regression_normalized,119,0.401864
4,logistic_regression_normalized,120,0.409086
4,logistic_regression_normalized,121,0.406962
4,logistic_regression_normalized,122,0.561275
4,logistic_regression_normalized,123,0.390953
4,logistic_regression_normalized,124,0.407054
4,logistic_regression_normalized,125,0.461807
4,logistic_regression_normalized,126,0.395370
4,logistic_regression_normalized,127,0.412632
4,logistic_regression_normalized,128,0.456725
4,logistic_regression_normalized,129,0.507387
4,logistic_regression_normalized,130,0.385775
4,logistic_regression_normalized,131,0.363146
4,logistic_regression_normalized,132,0.430848
4,logistic_regression_normalized,133,0.380725
4,logistic_regression_normalized,134,0.420728
4,logistic_regression_normalized,135,0.401477
4,logistic_regression_normalized,136,0.371012
4,logistic_regression_normalized,137,0.481488
4,logistic_regression_normalized,138,0.375434
4,logistic_regression_normalized,139,0.400824
4,logistic_regression_normalized,140,0.363362
4,logistic_regression_normalized,141,0.342680
4,logistic_regression_normalized,142,0.406496
4,logistic_regression_normalized,143,0.352147
4,logistic_regression_normalized,144,0.455304
4,logistic_regression_normalized,145,0.396337
4,logistic_regression_normalized,146,0.352128
4,logistic_regression_normalized,147,0.397061
4,logistic_regression_normalized,148,0.438989
4,logistic_regression_normalized,149,0.420365
4,logistic_regression_normalized,150,0.368314
4,logistic_regression_normalized,151,0.344398
4,logistic_regression_normalized,152,0.416146
4,logistic_regression_normalized,153,0.388126
4,logistic_regression_normalized,154,0.399057
4,logistic_regression_normalized,155,0.379774
4,logistic_regression_normalized,156,0.362062
4,logistic_regression_normalized,157,0.430460
4,logistic_regression_normalized,158,0.459634
4,logistic_regression_normalized,159,0.405742
4,logistic_regression_normalized,160,0.467824
4,logistic_regression_normalized,161,0.388398
4,logistic_regression_normalized,162,0.426778
4,logistic_regression_normalized,163,0.360129
4,logistic_regression_normalized,164,0.407651
4,logistic_regression_normalized,165,0.388635
4,logistic_regression_normalized,166,0.362562
4,logistic_regression_normalized,167,0.449420
4,logistic_regression_normalized,168,0.444546
4,logistic_regression_normalized,169,0.572324
4,logistic_regression_normalized,170,0.446833
4,logistic_regression_normalized,171,0.453807
4,logistic_regression_normalized,172,0.367175
4,logistic_regression_normalized,173,0.479814
4,logistic_regression_normalized,174,0.494886
4,logistic_regression_normalized,175,0.574718
4,logistic_regression_normalized,176,0.579029
4,logistic_regression_normalized,177,0.545547
4,logistic_regression_normalized,178,0.499792
4,logistic_regression_normalized,179,0.475718
4,logistic_regression_normalized,180,0.357125
4,logistic_regression_normalized,181,0.418455
4,logistic_regression_normalized,182,0.463064
4,logistic_regression_normalized,183,0.387391
4,logistic_regression_normalized,184,0.562342
4,logistic_regression_normalized,185,0.395812
4,logistic_regression_normalized,186,0.520822
4,logistic_regression_normalized,187,0.403834
4,logistic_regression_normalized,188,0.415281
4,logistic_regression_normalized,189,0.368976
4,logistic_regression_normalized,190,0.340064
4,logistic_regression_normalized,191,0.465128
4,logistic_regression_normalized,192,0.381634
4,logistic_regression_normalized,193,0.412467
4,logistic_regression_normalized,194,0.444155
4,logistic_regression_normalized,195,0.414037
4,logistic_regression_normalized,196,0.396380
4,logistic_regression_normalized,197,0.353928
4,logistic_regression_normalized,198,0.405652
4,logistic_regression_normalized,199,0.387566
4,logistic_regression_normalized,200,0.419470
4,logistic_regression_normalized,201,0.426494
4,logistic_regression_normalized,202,0.356357
4,logistic_regression_normalized,203,0.394646
4,logistic_regression_normalized,204,0.450861
4,logistic_regression_normalized,205,0.423921
4,logistic_regression_normalized,206,0.374758
4,logistic_regression_normalized,207,0.347838
4,logistic_regression_normalized,208,0.378936
4,logistic_regression_normalized,209,0.344301
4,logistic_regression_normalized,210,0.357766
4,logistic_regression_normalized,211,0.424686
4,logistic_regression_normalized,212,0.363068
4,logistic_regression_normalized,213,0.408235
4,logistic_regression_normalized,214,0.445025
4,logistic_regression_normalized,215,0.366705
4,logistic_regression_normalized,216,0.844015
4,logistic_regression_normalized,217,0.506802
4,logistic_regression_normalized,218,0.428993
4,logistic_regression_normalized,219,0.439549
4,logistic_regression_normalized,220,0.434692
4,logistic_regression_normalized,221,0.353234
4,logistic_regression_normalized,222,0.484216
4,logistic_regression_normalized,223,0.412185
4,logistic_regression_normalized,224,0.429648
4,logistic_regression_normalized,225,0.377823
4,logistic_regression_normalized,226,0.397388
4,logistic_regression_normalized,227,0.410174
4,logistic_regression_normalized,228,0.368371
4,logistic_regression_normalized,229,0.405414
4,logistic_regression_normalized,230,0.370832
4,logistic_regression_normalized,231,0.345447
4,logistic_regression_normalized,232,0.483323
4,logistic_regression_normalized,233,0.365700
4,logistic_regression_normalized,234,0.406897
4,logistic_regression_normalized,235,0.395841
4,logistic_regression_normalized,236,0.352381
4,logistic_regression_normalized,237,0.458327
4,logistic_regression_normalized,238,0.362036
4,logistic_regression_normalized,239,0.401810
4,logistic_regression_normalized,240,0.395460
4,logistic_regression_normalized,241,0.376528
4,logistic_regression_normalized,242,0.509738
4,logistic_regression_normalized,243,0.363146
4,logistic_regression_normalized,244,0.398113
4,logistic_regression_normalized,245,0.370617
4,logistic_regression_normalized,246,0.353117
4,logistic_regression_normalized,247,0.409142
4,logistic_regression_normalized,248,0.357013
4,logistic_regression_normalized,249,0.375161
4,logistic_regression_normalized,250,0.366150
4,logistic_regression_normalized,251,0.364097
4,logistic_regression_normalized,252,0.387030
4,logistic_regression_normalized,253,0.470006
4,logistic_regression_normalized,254,0.552203
4,logistic_regression_normalized,255,0.417605
4,logistic_regression_normalized,256,0.419225
4,logistic_regression_normalized,257,0.395596
4,logistic_regression_normalized,258,0.348666
4,logistic_regression_normalized,259,0.482454
4,logistic_regression_normalized,260,0.384135
4,logistic_regression_normalized,261,0.428668
4,logistic_regression_normalized,262,0.489417
4,naive_bayes_normalized,0,0.416836
4,naive_bayes_normalized,1,0.390354
4,naive_bayes_normalized,2,0.553655
4,naive_bayes_normalized,3,0.478465
4,naive_bayes_normalized,4,0.374937
4,naive_bayes_normalized,5,0.430198
4,naive_bayes_normalized,6,0.350710
4,naive_bayes_normalized,7,0.426304
4,naive_bayes_normalized,8,0.380912
4,naive_bayes_normalized,9,0.363314
4,naive_bayes_normalized,10,0.416446
4,naive_bayes_normalized,11,0.356803
4,naive_bayes_normalized,12,0.390821
4,naive_bayes_normalized,13,0.446772
4,naive_bayes_normalized,14,0.348259
4,naive_bayes_normalized,15,0.420419
4,naive_bayes_normalized,16,0.390934
4,naive_bayes_normalized,17,0.340582
4,naive_bayes_normalized,18,0.429098
4,naive_bayes_normalized,19,0.351415
4,naive_bayes_normalized,20,0.415577
4,naive_bayes_normalized,21,0.414704
4,naive_bayes_normalized,22,0.422537
4,naive_bayes_normalized,23,0.489860
4,naive_bayes_normalized,24,0.348047
4,naive_bayes_normalized,25,0.427688
4,naive_bayes_normalized,26,0.422552
4,naive_bayes_normalized,27,0.397091
4,naive_bayes_normalized,28,0.357327
4,naive_bayes_normalized,29,0.347394
4,naive_bayes_normalized,30,0.423199
4,naive_bayes_normalized,31,0.372589
4,naive_bayes_normalized,32,0.398481
4,naive_bayes_normalized,33,0.448507
4,naive_bayes_normalized,34,0.350819
4,naive_bayes_normalized,35,0.423799
4,naive_bayes_normalized,36,0.351514
4,naive_bayes_normalized,37,0.350964
4,naive_bayes_normalized,38,0.417840
4,naive_bayes_normalized,39,0.373503
4,naive_bayes_normalized,40,0.398527
4,naive_bayes_normalized,41,0.371026
4,naive_bayes_normalized,42,0.444156
4,naive_bayes_normalized,43,0.523294
4,naive_bayes_normalized,44,0.461296
4,naive_bayes_normalized,45,0.447322
4,naive_bayes_normalized,46,0.351574
4,naive_bayes_normalized,47,0.393370
4,naive_bayes_normalized,48,0.399359
4,naive_bayes_normalized,49,0.357328
4,naive_bayes_normalized,50,0.463758
4,naive_bayes_normalized,51,0.368335
4,naive_bayes_normalized,52,0.405578
4,naive_bayes_normalized,53,0.450328
4,naive_bayes_normalized,54,0.353923
4,naive_bayes_normalized,55,0.523099
4,naive_bayes_normalized,56,0.349055
4,naive_bayes_normalized,57,0.405062
4,naive_bayes_normalized,58,0.397739
4,naive_bayes_normalized,59,0.404396
4,naive_bayes_normalized,60,0.416640
4,naive_bayes_normalized,61,0.347017
4,naive_bayes_normalized,62,0.414015
4,naive_bayes_normalized,63,0.602230
4,naive_bayes_normalized,64,0.550191
4,naive_bayes_normalized,65,0.413553
4,naive_bayes_normalized,66,0.459912
4,naive_bayes_normalized,67,0.369857
4,naive_bayes_normalized,68,0.444147
4,naive_bayes_normalized,69,0.378464
4,naive_bayes_normalized,70,0.348008
4,naive_bayes_normalized,71,0.391932
4,naive_bayes_normalized,72,0.479176
4,naive_bayes_normalized,73,0.440970
4,naive_bayes_normalized,74,0.425091
4,naive_bayes_normalized,75,0.426635
4,naive_bayes_normalized,76,0.477356
4,naive_bayes_normalized,77,0.369009
4,naive_bayes_normalized,78,0.411305
4,naive_bayes_normalized,79,0.386431
4,naive_bayes_normalized,80,0.360433
4,naive_bayes_normalized,81,0.469249
4,naive_bayes_normalized,82,0.398074
4,naive_bayes_normalized,83,0.429767
4,naive_bayes_normalized,84,0.385044
4,naive_bayes_normalized,85,0.374508
4,naive_bayes_normalized,86,0.368744
4,naive_bayes_normalized,87,0.371222
4,naive_bayes_normalized,88,0.419362
4,naive_bayes_normalized,89,0.383107
4,naive_bayes_normalized,90,0.374547
4,naive_bayes_normalized,91,0.498005
4,naive_bayes_normalized,92,0.377356
4,naive_bayes_normalized,93,0.386563
4,naive_bayes_normalized,94,0.374409
4,naive_bayes_normalized,95,0.355110
4,naive_bayes_normalized,96,0.456542
4,naive_bayes_normalized,97,0.385884
4,naive_bayes_normalized,98,0.388982
4,naive_bayes_normalized,99,0.408389
4,naive_bayes_normalized,100,0.352485
4,naive_bayes_normalized,101,0.547932
4,naive_bayes_normalized,102,0.344596
4,naive_bayes_normalized,103,0.434579
4,naive_bayes_normalized,104,0.359048
4,naive_bayes_normalized,105,0.428774
4,naive_bayes_normalized,106,0.392743
4,naive_bayes_normalized,107,0.366436
4,naive_bayes_normalized,108,0.399553
4,naive_bayes_normalized,109,0.365863
4,naive_bayes_normalized,110,0.357915
4,naive_bayes_normalized,111,0.509155
4,naive_bayes_normalized,112,0.396949
4,naive_bayes_normalized,113,0.481349
4,naive_bayes_normalized,114,0.350739
4,naive_bayes_normalized,115,0.409122
4,naive_bayes_normalized,116,0.401109
4,naive_bayes_normalized,117,0.350085
4,naive_bayes_normalized,118,0.412960
4,naive_bayes_normalized,119,0.340951
4,naive_bayes_normalized,120,0.329058
4,naive_bayes_normalized,121,0.481027
4,naive_bayes_normalized,122,0.369408
4,naive_bayes_normalized,123,0.387712
4,naive_bayes_normalized,124,0.394388
4,naive_bayes_normalized,125,0.373442
4,naive_bayes_normalized,126,0.428282
4,naive_bayes_normalized,127,0.351951
4,naive_bayes_normalized,128,0.551592
4,naive_bayes_normalized,129,0.395446
4,naive_bayes_normalized,130,0.428506
4,naive_bayes_normalized,131,0.471885
4,naive_bayes_normalized,132,0.362241
4,naive_bayes_normalized,133,0.515273
4,naive_bayes_normalized,134,0.432214
4,naive_bayes_normalized,135,0.459818
4,naive_bayes_normalized,136,0.368784
4,naive_bayes_normalized,137,0.392021
4,naive_bayes_normalized,138,0.390876
4,naive_bayes_normalized,139,0.376927
4,naive_bayes_normalized,140,0.405870
4,naive_bayes_normalized,141,0.421487
4,naive_bayes_normalized,142,0.522593
4,naive_bayes_normalized,143,0.412294
4,naive_bayes_normalized,144,0.400985
4,naive_bayes_normalized,145,0.384038
4,naive_bayes_normalized,146,0.360395
4,naive_bayes_normalized,147,0.410149
4,naive_bayes_normalized,148,0.383723
4,naive_bayes_normalized,149,0.365793
4,naive_bayes_normalized,150,0.570490
4,naive_bayes_normalized,151,0.518207
4,naive_bayes_normalized,152,0.399376
4,naive_bayes_normalized,153,0.394217
4,naive_bayes_normalized,154,0.426054
4,naive_bayes_normalized,155,0.384810
4,naive_bayes_normalized,156,0.458369
4,naive_bayes_normalized,157,0.414671
4,naive_bayes_normalized,158,0.378527
4,naive_bayes_normalized,159,0.477000
4,naive_bayes_normalized,160,0.427832
4,naive_bayes_normalized,161,0.425119
4,naive_bayes_normalized,162,0.379133
4,naive_bayes_normalized,163,0.415473
4,naive_bayes_normalized,164,0.380418
4,naive_bayes_normalized,165,0.334724
4,naive_bayes_normalized,166,0.404403
4,naive_bayes_normalized,167,0.363653
4,naive_bayes_normalized,168,0.328570
4,naive_bayes_normalized,169,0.375982
4,naive_bayes_normalized,170,0.504867
4,naive_bayes_normalized,171,0.590673
4,naive_bayes_normalized,172,0.477613
4,naive_bayes_normalized,173,0.438745
4,naive_bayes_normalized,174,0.368056
4,naive_bayes_normalized,175,0.410244
4,naive_bayes_normalized,176,0.474065
4,naive_bayes_normalized,177,0.369542
4,naive_bayes_normalized,178,0.428910
4,naive_bayes_normalized,179,0.413091
4,naive_bayes_normalized,180,0.394035
4,naive_bayes_normalized,181,0.378512
4,naive_bayes_normalized,182,0.398273
4,naive_bayes_normalized,183,0.422079
4,naive_bayes_normalized,184,0.339250
4,naive_bayes_normalized,185,0.420898
4,naive_bayes_normalized,186,0.498043
4,naive_bayes_normalized,187,0.582216
4,naive_bayes_normalized,188,0.445800
4,naive_bayes_normalized,189,0.377683
4,naive_bayes_normalized,190,0.419864
4,naive_bayes_normalized,191,0.391980
4,naive_bayes_normalized,192,0.415453
4,naive_bayes_normalized,193,0.406175
4,naive_bayes_normalized,194,0.466154
4,naive_bayes_normalized,195,0.411873
4,naive_bayes_normalized,196,0.372949
4,naive_bayes_normalized,197,0.422342
4,naive_bayes_normalized,198,0.587778
4,naive_bayes_normalized,199,0.480778
4,naive_bayes_normalized,200,0.527675
4,naive_bayes_normalized,201,0.468993
4,naive_bayes_normalized,202,0.382422
4,naive_bayes_normalized,203,0.410064
4,naive_bayes_normalized,204,0.440816
4,naive_bayes_normalized,205,0.372697
4,naive_bayes_normalized,206,0.510519
4,naive_bayes_normalized,207,0.386582
4,naive_bayes_normalized,208,0.407060
4,naive_bayes_normalized,209,0.345409
4,naive_bayes_normalized,210,0.358672
4,naive_bayes_normalized,211,0.421038
4,naive_bayes_normalized,212,0.365808
4,naive_bayes_normalized,213,0.405715
4,naive_bayes_normalized,214,0.359734
4,naive_bayes_normalized,215,0.370894
4,naive_bayes_normalized,216,0.533485
4,naive_bayes_normalized,217,0.427026
4,naive_bayes_normalized,218,0.437929
4,naive_bayes_normalized,219,0.363059
4,naive_bayes_normalized,220,0.400120
4,naive_bayes_normalized,221,0.364618
4,naive_bayes_normalized,222,0.335982
4,naive_bayes_normalized,223,0.412684
4,naive_bayes_normalized,224,0.392209
4,naive_bayes_normalized,225,0.361416
4,naive_bayes_normalized,226,0.480171
4,naive_bayes_normalized,227,0.365458
4,naive_bayes_normalized,228,0.416833
4,naive_bayes_normalized,229,0.386694
4,naive_bayes_normalized,230,0.353233
4,naive_bayes_normalized,231,0.401509
4,naive_bayes_normalized,232,0.359978
4,naive_bayes_normalized,233,0.454067
4,naive_bayes_normalized,234,0.412912
4,naive_bayes_normalized,235,0.357079
4,naive_bayes_normalized,236,0.490142
4,naive_bayes_normalized,237,0.409139
4,naive_bayes_normalized,238,0.437967
4,naive_bayes_normalized,239,0.383043
4,naive_bayes_normalized,240,0.427319
4,naive_bayes_normalized,241,0.444930
4,naive_bayes_normalized,242,0.383230
4,naive_bayes_normalized,243,0.462258
4,naive_bayes_normalized,244,0.461013
4,naive_bayes_normalized,245,0.439952
4,naive_bayes_normalized,246,0.442652
4,naive_bayes_normalized,247,0.437833
4,naive_bayes_normalized,248,0.384484
4,naive_bayes_normalized,249,0.366803
4,naive_bayes_normalized,250,0.440971
4,naive_bayes_normalized,251,0.493912
4,naive_bayes_normalized,252,0.641968
4,naive_bayes_normalized,253,0.595710
4,naive_bayes_normalized,254,0.518209
4,naive_bayes_normalized,255,0.463117
4,naive_bayes_normalized,256,0.475366
4,naive_bayes_normalized,257,0.391384
4,naive_bayes_normalized,258,0.434868
4,naive_bayes_normalized,259,0.352706
4,naive_bayes_normalized,260,0.402401
4,naive_bayes_normalized,261,0.396556
4,naive_bayes_normalized,262,0.429796
4,svm_normalized,0,2.782546
4,svm_normalized,1,2.633277
4,svm_normalized,2,2.664477
4,svm_normalized,3,1.868380
4,svm_normalized,4,1.631433
4,svm_normalized,5,1.646324
4,svm_normalized,6,1.545596
4,svm_normalized,7,1.795192
4,svm_normalized,8,2.714013
4,svm_normalized,9,1.944853
4,svm_normalized,10,2.900793
4,svm_normalized,11,2.605294
4,svm_normalized,12,1.665669
4,svm_normalized,13,1.765579
4,svm_normalized,14,1.499342
4,svm_normalized,15,1.710484
4,svm_normalized,16,1.606408
4,svm_normalized,17,2.040631
4,svm_normalized,18,1.688602
4,svm_normalized,19,1.911812
4,svm_normalized,20,1.730884
4,svm_normalized,21,2.122025
4,svm_normalized,22,1.723307
4,svm_normalized,23,1.519000
4,svm_normalized,24,2.024960
4,svm_normalized,25,2.635020
4,svm_normalized,26,2.698785
4,svm_normalized,27,2.355346
4,svm_normalized,28,2.529407
4,svm_normalized,29,2.553623
4,svm_normalized,30,2.576060
4,svm_normalized,31,2.441878
4,svm_normalized,32,2.105550
4,svm_normalized,33,2.058445
4,svm_normalized,34,2.742301
4,svm_normalized,35,1.757986
4,svm_normalized,36,1.817164
4,svm_normalized,37,1.584574
4,svm_normalized,38,1.696995
4,svm_normalized,39,1.727037
4,svm_normalized,40,2.297135
4,svm_normalized,41,2.691548
4,svm_normalized,42,2.159086
4,svm_normalized,43,1.532018
4,svm_normalized,44,1.646926
4,svm_normalized,45,1.547311
4,svm_normalized,46,1.627917
4,svm_normalized,47,1.830904
4,svm_normalized,48,1.616522
4,svm_normalized,49,1.679819
4,svm_normalized,50,1.588883
4,svm_normalized,51,1.668818
4,svm_normalized,52,1.606123
4,svm_normalized,53,1.501394
4,svm_normalized,54,1.526585
4,svm_normalized,55,1.521276
4,svm_normalized,56,1.421500
4,svm_normalized,57,1.682163
4,svm_normalized,58,1.683095
4,svm_normalized,59,1.582188
4,svm_normalized,60,1.875526
4,svm_normalized,61,1.665511
4,svm_normalized,62,1.605111
4,svm_normalized,63,1.508023
4,svm_normalized,64,1.537112
4,svm_normalized,65,1.501206
4,svm_normalized,66,1.513382
4,svm_normalized,67,1.632542
4,svm_normalized,68,1.616632
4,svm_normalized,69,1.582551
4,svm_normalized,70,1.953138
4,svm_normalized,71,1.607995
4,svm_normalized,72,2.035084
4,svm_normalized,73,1.586085
4,svm_normalized,74,1.771921
4,svm_normalized,75,1.640733
4,svm_normalized,76,1.812342
4,svm_normalized,77,1.470105
4,svm_normalized,78,1.878447
4,svm_normalized,79,1.659138
4,svm_normalized,80,1.560251
4,svm_normalized,81,1.706924
4,svm_normalized,82,1.503897
4,svm_normalized,83,1.763589
4,svm_normalized,84,1.637043
4,svm_normalized,85,1.616669
4,svm_normalized,86,1.602243
4,svm_normalized,87,1.589080
4,svm_normalized,88,1.989365
4,svm_normalized,89,2.318014
4,svm_normalized,90,1.712593
4,svm_normalized,91,1.543185
4,svm_normalized,92,1.522683
4,svm_normalized,93,1.579662
4,svm_normalized,94,1.550217
4,svm_normalized,95,1.678065
4,svm_normalized,96,1.574937
4,svm_normalized,97,1.540335
4,svm_normalized,98,1.560176
4,svm_normalized,99,1.463235
4,svm_normalized,100,1.539680
4,svm_normalized,101,1.709339
4,svm_normalized,102,1.630718
4,svm_normalized,103,1.667833
4,svm_normalized,104,1.523910
4,svm_normalized,105,1.804373
4,svm_normalized,106,1.495530
4,svm_normalized,107,1.435273
4,svm_normalized,108,1.646953
4,svm_normalized,109,1.728869
4,svm_normalized,110,1.695820
4,svm_normalized,111,1.527173
4,svm_normalized,112,1.628507
4,svm_normalized,113,1.606238
4,svm_normalized,114,1.500310
4,svm_normalized,115,1.969226
4,svm_normalized,116,1.553635
4,svm_normalized,117,1.695742
4,svm_normalized,118,1.600513
4,svm_normalized,119,1.505451
4,svm_normalized,120,1.745569
4,svm_normalized,121,1.810732
4,svm_normalized,122,1.632586
4,svm_normalized,123,1.564307
4,svm_normalized,124,1.538629
4,svm_normalized,125,1.768577
4,svm_normalized,126,1.557121
4,svm_normalized,127,1.527345
4,svm_normalized,128,1.506882
4,svm_normalized,129,1.446651
4,svm_normalized,130,1.625410
4,svm_normalized,131,1.477572
4,svm_normalized,132,1.550254
4,svm_normalized,133,1.483480
4,svm_normalized,134,1.480040
4,svm_normalized,135,1.547233
4,svm_normalized,136,1.668101
4,svm_normalized,137,1.702566
4,svm_normalized,138,1.669150
4,svm_normalized,139,1.606934
4,svm_normalized,140,1.669195
4,svm_normalized,141,1.684106
4,svm_normalized,142,1.688116
4,svm_normalized,143,1.550578
4,svm_normalized,144,1.451893
4,svm_normalized,145,1.683175
4,svm_normalized,146,1.469993
4,svm_normalized,147,4.517540
4,svm_normalized,148,1.655083
4,svm_normalized,149,1.653202
4,svm_normalized,150,1.630671
4,svm_normalized,151,1.634593
4,svm_normalized,152,1.529376
4,svm_normalized,153,2.208307
4,svm_normalized,154,2.135283
4,svm_normalized,155,2.546975
4,svm_normalized,156,2.840775
4,svm_normalized,157,2.073291
4,svm_normalized,158,1.669444
4,svm_normalized,159,1.597064
4,svm_normalized,160,1.628453
4,svm_normalized,161,1.593173
4,svm_normalized,162,1.485769
4,svm_normalized,163,1.619583
4,svm_normalized,164,1.735653
4,svm_normalized,165,1.560679
4,svm_normalized,166,1.517605
4,svm_normalized,167,1.556004
4,svm_normalized,168,1.609790
4,svm_normalized,169,1.501003
4,svm_normalized,170,1.489399
4,svm_normalized,171,1.613144
4,svm_normalized,172,1.520764
4,svm_normalized,173,1.639143
4,svm_normalized,174,1.610925
4,svm_normalized,175,1.526355
4,svm_normalized,176,2.132230
4,svm_normalized,177,1.598589
4,svm_normalized,178,1.628308
4,svm_normalized,179,1.509287
4,svm_normalized,180,1.591838
4,svm_normalized,181,1.703941
4,svm_normalized,182,2.018810
4,svm_normalized,183,1.719297
4,svm_normalized,184,1.588664
4,svm_normalized,185,1.664336
4,svm_normalized,186,1.623672
4,svm_normalized,187,1.627689
4,svm_normalized,188,1.637960
4,svm_normalized,189,1.601842
4,svm_normalized,190,1.540945
4,svm_normalized,191,1.570242
4,svm_normalized,192,1.563357
4,svm_normalized,193,1.532906
4,svm_normalized,194,1.582734
4,svm_normalized,195,1.650881
4,svm_normalized,196,1.559797
4,svm_normalized,197,1.516126
4,svm_normalized,198,1.673385
4,svm_normalized,199,1.589195
4,svm_normalized,200,1.758807
4,svm_normalized,201,1.720428
4,svm_normalized,202,1.675824
4,svm_normalized,203,1.621079
4,svm_normalized,204,1.601249
4,svm_normalized,205,1.678420
4,svm_normalized,206,1.740654
4,svm_normalized,207,2.216676
4,svm_normalized,208,2.523618
4,svm_normalized,209,1.804618
4,svm_normalized,210,1.486331
4,svm_normalized,211,1.858645
4,svm_normalized,212,1.592214
4,svm_normalized,213,1.625377
4,svm_normalized,214,2.039966
4,svm_normalized,215,1.612512
4,svm_normalized,216,1.600933
4,svm_normalized,217,1.588160
4,svm_normalized,218,1.783122
4,svm_normalized,219,1.530457
4,svm_normalized,220,1.440234
4,svm_normalized,221,1.696238
4,svm_normalized,222,1.602768
4,svm_normalized,223,1.615561
4,svm_normalized,224,1.519792
4,svm_normalized,225,1.637116
4,svm_normalized,226,1.646282
4,svm_normalized,227,1.483120
4,svm_normalized,228,1.643953
4,svm_normalized,229,1.570896
4,svm_normalized,230,1.510193
4,svm_normalized,231,1.571407
4,svm_normalized,232,1.423900
4,svm_normalized,233,1.613015
4,svm_normalized,234,1.820482
4,svm_normalized,235,1.567473
4,svm_normalized,236,1.915870
4,svm_normalized,237,2.086333
4,svm_normalized,238,1.955298
4,svm_normalized,239,1.552877
4,svm_normalized,240,1.707999
4,svm_normalized,241,1.615581
4,svm_normalized,242,1.620338
4,svm_normalized,243,1.602230
4,svm_normalized,244,1.580299
4,svm_normalized,245,1.575883
4,svm_normalized,246,1.527071
4,svm_normalized,247,1.550192
4,svm_normalized,248,1.829799
4,svm_normalized,249,2.235135
4,svm_normalized,250,1.892159
4,svm_normalized,251,1.656108
4,svm_normalized,252,1.781590
4,svm_normalized,253,1.739672
4,svm_normalized,254,1.708712
4,svm_normalized,255,1.859241
4,svm_normalized,256,1.654612
4,svm_normalized,257,1.703446
4,svm_normalized,258,1.531608
4,svm_normalized,259,1.693190
4,svm_normalized,260,1.631227
4,svm_normalized,261,1.665380
4,svm_normalized,262,1.571032
4,signature_raw,0,0.009293
4,signature_raw,1,0.006284
4,signature_raw,2,0.004296
4,signature_raw,3,0.001942
4,signature_raw,4,0.004784
4,signature_raw,5,0.011390
4,signature_raw,6,0.003603
4,signature_raw,7,0.002617
4,signature_raw,8,0.003528
4,signature_raw,9,0.008371
4,signature_raw,10,0.008910
4,signature_raw,11,0.004005
4,signature_raw,12,0.003916
4,signature_raw,13,0.002387
4,signature_raw,14,0.003879
4,signature_raw,15,0.002766
4,signature_raw,16,0.004147
4,signature_raw,17,0.004107
4,signature_raw,18,0.020389
4,signature_raw,19,0.008263
4,signature_raw,20,0.008596
4,signature_raw,21,0.003114
4,signature_raw,22,0.008059
4,signature_raw,23,0.007918
4,signature_raw,24,0.008254
4,signature_raw,25,0.004308
4,signature_raw,26,0.007382
4,signature_raw,27,0.005658
4,signature_raw,28,0.003850
4,signature_raw,29,0.005891
4,signature_raw,30,0.003515
4,signature_raw,31,0.005293
4,signature_raw,32,0.007726
4,signature_raw,33,0.002701
4,signature_raw,34,0.004030
4,signature_raw,35,0.005623
4,signature_raw,36,0.003467
4,signature_raw,37,0.009030
4,signature_raw,38,0.007759
4,signature_raw,39,0.007580
4,signature_raw,40,0.005990
4,signature_raw,41,0.009445
4,signature_raw,42,0.003915
4,signature_raw,43,0.003771
4,signature_raw,44,0.010274
4,signature_raw,45,0.001590
4,signature_raw,46,0.004370
4,signature_raw,47,0.003016
4,signature_raw,48,0.008194
4,signature_raw,49,0.005623
4,signature_raw,50,0.002641
4,signature_raw,51,0.003599
4,signature_raw,52,0.006490
4,signature_raw,53,0.003508
4,signature_raw,54,0.003460
4,signature_raw,55,0.008524
4,signature_raw,56,0.003363
4,signature_raw,57,0.006476
4,signature_raw,58,0.008549
4,signature_raw,59,0.008122
4,signature_raw,60,0.008346
4,signature_raw,61,0.004085
4,signature_raw,62,0.005609
4,signature_raw,63,0.004518
4,signature_raw,64,0.003573
4,signature_raw,65,0.007450
4,signature_raw,66,0.007082
4,signature_raw,67,0.003246
4,signature_raw,68,0.006844
4,signature_raw,69,0.005892
4,signature_raw,70,0.005760
4,signature_raw,71,0.006062
4,signature_raw,72,0.006665
4,signature_raw,73,0.008421
4,signature_raw,74,0.007763
4,signature_raw,75,0.003931
4,signature_raw,76,0.007697
4,signature_raw,77,0.004533
4,signature_raw,78,0.002024
4,signature_raw,79,0.008158
4,signature_raw,80,0.009342
4,signature_raw,81,0.004626
4,signature_raw,82,0.006923
4,signature_raw,83,0.007692
4,signature_raw,84,0.010945
4,signature_raw,85,0.003336
4,signature_raw,86,0.003592
4,signature_raw,87,0.008797
4,signature_raw,88,0.007964
4,signature_raw,89,0.018392
4,signature_raw,90,0.008274
4,signature_raw,91,0.010939
4,signature_raw,92,0.004512
4,signature_raw,93,0.003227
4,signature_raw,94,0.006456
4,signature_raw,95,0.006717
4,signature_raw,96,0.006398
4,signature_raw,97,0.007076
4,signature_raw,98,0.003917
4,signature_raw,99,0.001364
4,signature_raw,100,0.003991
4,signature_raw,101,0.009568
4,signature_raw,102,0.002667
4,signature_raw,103,0.002952
4,signature_raw,104,0.002120
4,signature_raw,105,0.005535
4,signature_raw,106,0.007775
4,signature_raw,107,0.006179
4,signature_raw,108,0.006560
4,signature_raw,109,0.007994
4,signature_raw,110,0.011154
4,signature_raw,111,0.003787
4,signature_raw,112,0.006301
4,signature_raw,113,0.011515
4,signature_raw,114,0.003910
4,signature_raw,115,0.008665
4,signature_raw,116,0.008536
4,signature_raw,117,0.003399
4,signature_raw,118,0.006084
4,signature_raw,119,0.003795
4,signature_raw,120,0.003754
4,signature_raw,121,0.003634
4,signature_raw,122,0.006243
4,signature_raw,123,0.002900
4,signature_raw,124,0.002701
4,signature_raw,125,0.009033
4,signature_raw,126,0.003574
4,signature_raw,127,0.004321
4,signature_raw,128,0.003685
4,signature_raw,129,0.001965
4,signature_raw,130,0.006067
4,signature_raw,131,0.010352
4,signature_raw,132,0.003853
4,signature_raw,133,0.007572
4,signature_raw,134,0.002604
4,signature_raw,135,0.011060
4,signature_raw,136,0.005031
4,signature_raw,137,0.003859
4,signature_raw,138,0.008835
4,signature_raw,139,0.007669
4,signature_raw,140,0.003454
4,signature_raw,141,0.003681
4,signature_raw,142,0.005151
4,signature_raw,143,0.037267
4,signature_raw,144,0.005566
4,signature_raw,145,0.002957
4,signature_raw,146,0.004725
4,signature_raw,147,0.001532
4,signature_raw,148,0.003908
4,signature_raw,149,0.012586
4,signature_raw,150,0.006099
4,signature_raw,151,0.007185
4,signature_raw,152,0.003826
4,signature_raw,153,0.007881
4,signature_raw,154,0.006218
4,signature_raw,155,0.006888
4,signature_raw,156,0.010490
4,signature_raw,157,0.012126
4,signature_raw,158,0.012482
4,signature_raw,159,0.006433
4,signature_raw,160,0.020179
4,signature_raw,161,0.003951
4,signature_raw,162,0.006770
4,signature_raw,163,0.005186
4,signature_raw,164,0.006220
4,signature_raw,165,0.005604
4,signature_raw,166,0.007848
4,signature_raw,167,0.002450
4,signature_raw,168,0.003480
4,signature_raw,169,0.003711
4,signature_raw,170,0.003669
4,signature_raw,171,0.008631
4,signature_raw,172,0.004954
4,signature_raw,173,0.007089
4,signature_raw,174,0.004828
4,signature_raw,175,0.006643
4,signature_raw,176,0.007710
4,signature_raw,177,0.001665
4,signature_raw,178,0.007800
4,signature_raw,179,0.002761
4,signature_raw,180,0.003686
4,signature_raw,181,0.003418
4,signature_raw,182,0.004585
4,signature_raw,183,0.007029
4,signature_raw,184,0.004517
4,signature_raw,185,0.010553
4,signature_raw,186,0.018390
4,signature_raw,187,0.008151
4,signature_raw,188,0.005569
4,signature_raw,189,0.001634
4,signature_raw,190,0.003758
4,signature_raw,191,0.003911
4,signature_raw,192,0.002394
4,signature_raw,193,0.007546
4,signature_raw,194,0.002412
4,signature_raw,195,0.002338
4,signature_raw,196,0.007445
4,signature_raw,197,0.005303
4,signature_raw,198,0.007776
4,signature_raw,199,0.007452
4,signature_raw,200,0.007612
4,signature_raw,201,0.007214
4,signature_raw,202,0.007790
4,signature_raw,203,0.004320
4,signature_raw,204,0.687495
4,signature_raw,205,0.009870
4,signature_raw,206,0.007610
4,signature_raw,207,0.006874
4,signature_raw,208,0.001797
4,signature_raw,209,0.004112
4,signature_raw,210,0.006268
4,signature_raw,211,0.005701
4,signature_raw,212,0.002646
4,signature_raw,213,0.009319
4,signature_raw,214,0.006092
4,signature_raw,215,0.006068
4,signature_raw,216,0.008217
4,signature_raw,217,0.004815
4,signature_raw,218,0.003038
4,signature_raw,219,0.003284
4,signature_raw,220,0.002449
4,signature_raw,221,0.003523
4,signature_raw,222,0.004232
4,signature_raw,223,0.003290
4,signature_raw,224,0.010040
4,signature_raw,225,0.002380
4,signature_raw,226,0.008059
4,signature_raw,227,0.006179
4,signature_raw,228,0.002678
4,signature_raw,229,0.007283
4,signature_raw,230,0.008225
4,signature_raw,231,0.003511
4,signature_raw,232,0.006280
4,signature_raw,233,0.003659
4,signature_raw,234,0.002535
4,signature_raw,235,0.011771
4,signature_raw,236,0.003498
4,signature_raw,237,0.003396
4,signature_raw,238,0.003903
4,signature_raw,239,0.006721
4,signature_raw,240,0.002021
4,signature_raw,241,0.009229
4,signature_raw,242,0.009900
4,signature_raw,243,0.003945
4,signature_raw,244,0.053733
4,signature_raw,245,0.003278
4,signature_raw,246,0.006000
4,signature_raw,247,0.001647
4,signature_raw,248,0.009594
4,signature_raw,249,0.006299
4,signature_raw,250,0.003956
4,signature_raw,251,0.007348
4,signature_raw,252,0.003560
4,signature_raw,253,0.007580
4,signature_raw,254,0.002642
4,signature_raw,255,0.007189
4,signature_raw,256,0.005994
4,signature_raw,257,0.005654
4,signature_raw,258,0.003841
4,signature_raw,259,0.003474
4,signature_raw,260,0.005968
4,signature_raw,261,0.008383
4,signature_raw,262,0.007417
4,signature_normalized,0,0.015822
4,signature_normalized,1,0.010881
4,signature_normalized,2,0.006541
4,signature_normalized,3,0.004567
4,signature_normalized,4,0.008684
4,signature_normalized,5,0.013875
4,signature_normalized,6,0.006166
4,signature_normalized,7,0.004932
4,signature_normalized,8,0.005345
4,signature_normalized,9,0.015842
4,signature_normalized,10,0.021622
4,signature_normalized,11,0.006159
4,signature_normalized,12,0.005899
4,signature_normalized,13,0.004829
4,signature_normalized,14,0.006339
4,signature_normalized,15,0.005805
4,signature_normalized,16,0.006099
4,signature_normalized,17,0.006218
4,signature_normalized,18,0.022803
4,signature_normalized,19,0.016693
4,signature_normalized,20,0.015780
4,signature_normalized,21,0.006339
4,signature_normalized,22,0.013807
4,signature_normalized,23,0.009193
4,signature_normalized,24,0.014616
4,signature_normalized,25,0.005939
4,signature_normalized,26,0.013478
4,signature_normalized,27,0.009436
4,signature_normalized,28,0.006053
4,signature_normalized,29,0.009843
4,signature_normalized,30,0.005103
4,signature_normalized,31,0.007510
4,signature_normalized,32,0.009497
4,signature_normalized,33,0.005850
4,signature_normalized,34,0.005662
4,signature_normalized,35,0.008845
4,signature_normalized,36,0.005076
4,signature_normalized,37,0.010784
4,signature_normalized,38,0.031498
4,signature_normalized,39,0.013807
4,signature_normalized,40,0.011149
4,signature_normalized,41,0.044239
4,signature_normalized,42,0.007367
4,signature_normalized,43,0.005510
4,signature_normalized,44,0.018810
4,signature_normalized,45,0.004407
4,signature_normalized,46,0.006790
4,signature_normalized,47,0.004911
4,signature_normalized,48,0.014395
4,signature_normalized,49,0.011366
4,signature_normalized,50,0.004635
4,signature_normalized,51,0.005779
4,signature_normalized,52,0.011457
4,signature_normalized,53,0.005891
4,signature_normalized,54,0.005536
4,signature_normalized,55,0.016331
4,signature_normalized,56,0.005233
4,signature_normalized,57,0.010973
4,signature_normalized,58,0.016229
4,signature_normalized,59,0.013901
4,signature_normalized,60,0.013915
4,signature_normalized,61,0.005853
4,signature_normalized,62,0.007415
4,signature_normalized,63,0.006062
4,signature_normalized,64,0.005627
4,signature_normalized,65,0.013516
4,signature_normalized,66,0.012597
4,signature_normalized,67,0.005554
4,signature_normalized,68,0.008645
4,signature_normalized,69,0.010091
4,signature_normalized,70,0.010363
4,signature_normalized,71,0.007614
4,signature_normalized,72,0.011112
4,signature_normalized,73,0.010707
4,signature_normalized,74,0.009596
4,signature_normalized,75,0.005558
4,signature_normalized,76,0.012564
4,signature_normalized,77,0.005743
4,signature_normalized,78,0.004679
4,signature_normalized,79,0.013141
4,signature_normalized,80,0.016171
4,signature_normalized,81,0.007783
4,signature_normalized,82,0.012039
4,signature_normalized,83,0.014699
4,signature_normalized,84,0.019534
4,signature_normalized,85,0.009160
4,signature_normalized,86,0.008748
4,signature_normalized,87,0.025103
4,signature_normalized,88,0.015422
4,signature_normalized,89,0.033450
4,signature_normalized,90,0.018724
4,signature_normalized,91,0.008993
4,signature_normalized,92,0.008307
4,signature_normalized,93,0.007453
4,signature_normalized,94,0.010855
4,signature_normalized,95,0.016867
4,signature_normalized,96,0.020560
4,signature_normalized,97,0.018501
4,signature_normalized,98,0.014442
4,signature_normalized,99,0.004949
4,signature_normalized,100,0.010572
4,signature_normalized,101,0.027610
4,signature_normalized,102,0.007967
4,signature_normalized,103,0.007210
4,signature_normalized,104,0.009080
4,signature_normalized,105,0.017965
4,signature_normalized,106,0.022019
4,signature_normalized,107,0.017838
4,signature_normalized,108,0.020612
4,signature_normalized,109,0.021925
4,signature_normalized,110,0.018697
4,signature_normalized,111,0.006020
4,signature_normalized,112,0.010533
4,signature_normalized,113,0.013815
4,signature_normalized,114,0.005451
4,signature_normalized,115,0.010760
4,signature_normalized,116,0.014700
4,signature_normalized,117,0.005914
4,signature_normalized,118,0.007870
4,signature_normalized,119,0.005220
4,signature_normalized,120,0.005601
4,signature_normalized,121,0.005623
4,signature_normalized,122,0.010446
4,signature_normalized,123,0.004835
4,signature_normalized,124,0.004939
4,signature_normalized,125,0.051545
4,signature_normalized,126,0.013318
4,signature_normalized,127,0.006587
4,signature_normalized,128,0.006656
4,signature_normalized,129,0.004679
4,signature_normalized,130,0.012285
4,signature_normalized,131,0.012285
4,signature_normalized,132,0.005878
4,signature_normalized,133,0.013607
4,signature_normalized,134,0.005382
4,signature_normalized,135,0.021392
4,signature_normalized,136,0.006864
4,signature_normalized,137,0.005851
4,signature_normalized,138,0.018773
4,signature_normalized,139,0.016666
4,signature_normalized,140,0.005214
4,signature_normalized,141,0.005702
4,signature_normalized,142,0.007542
4,signature_normalized,143,0.010245
4,signature_normalized,144,0.005358
4,signature_normalized,145,0.004270
4,signature_normalized,146,0.008043
4,signature_normalized,147,0.003576
4,signature_normalized,148,0.005250
4,signature_normalized,149,0.020435
4,signature_normalized,150,0.009656
4,signature_normalized,151,0.006372
4,signature_normalized,152,0.005666
4,signature_normalized,153,0.012102
4,signature_normalized,154,0.010744
4,signature_normalized,155,0.011360
4,signature_normalized,156,0.018618
4,signature_normalized,157,0.014401
4,signature_normalized,158,0.020000
4,signature_normalized,159,0.018323
4,signature_normalized,160,0.037960
4,signature_normalized,161,0.007349
4,signature_normalized,162,0.011610
4,signature_normalized,163,0.007482
4,signature_normalized,164,0.005751
4,signature_normalized,165,0.009298
4,signature_normalized,166,0.012891
4,signature_normalized,167,0.004429
4,signature_normalized,168,0.005004
4,signature_normalized,169,0.005709
4,signature_normalized,170,0.008331
4,signature_normalized,171,0.022497
4,signature_normalized,172,0.013367
4,signature_normalized,173,0.014790
4,signature_normalized,174,0.014565
4,signature_normalized,175,0.018523
4,signature_normalized,176,0.014299
4,signature_normalized,177,0.005276
4,signature_normalized,178,0.026418
4,signature_normalized,179,0.009273
4,signature_normalized,180,0.010483
4,signature_normalized,181,0.014984
4,signature_normalized,182,0.006595
4,signature_normalized,183,0.018082
4,signature_normalized,184,0.010697
4,signature_normalized,185,0.022774
4,signature_normalized,186,0.041294
4,signature_normalized,187,0.023969
4,signature_normalized,188,0.017909
4,signature_normalized,189,0.006628
4,signature_normalized,190,0.009634
4,signature_normalized,191,0.011472
4,signature_normalized,192,0.010384
4,signature_normalized,193,0.026552
4,signature_normalized,194,0.010062
4,signature_normalized,195,0.007896
4,signature_normalized,196,0.023049
4,signature_normalized,197,0.015544
4,signature_normalized,198,0.025460
4,signature_normalized,199,0.019470
4,signature_normalized,200,0.045126
4,signature_normalized,201,0.030360
4,signature_normalized,202,0.025984
4,signature_normalized,203,0.013830
4,signature_normalized,204,0.022855
4,signature_normalized,205,0.013556
4,signature_normalized,206,0.016339
4,signature_normalized,207,0.013734
4,signature_normalized,208,0.005128
4,signature_normalized,209,0.005829
4,signature_normalized,210,0.008297
4,signature_normalized,211,0.009376
4,signature_normalized,212,0.005416
4,signature_normalized,213,0.011764
4,signature_normalized,214,0.011218
4,signature_normalized,215,0.010523
4,signature_normalized,216,0.024535
4,signature_normalized,217,0.017230
4,signature_normalized,218,0.012517
4,signature_normalized,219,0.011248
4,signature_normalized,220,0.010063
4,signature_normalized,221,0.012783
4,signature_normalized,222,0.012027
4,signature_normalized,223,0.012360
4,signature_normalized,224,0.022860
4,signature_normalized,225,0.008152
4,signature_normalized,226,0.014638
4,signature_normalized,227,0.011430
4,signature_normalized,228,0.005276
4,signature_normalized,229,0.013265
4,signature_normalized,230,0.014465
4,signature_normalized,231,0.005238
4,signature_normalized,232,0.010589
4,signature_normalized,233,0.005726
4,signature_normalized,234,0.004943
4,signature_normalized,235,0.014648
4,signature_normalized,236,0.005716
4,signature_normalized,237,0.005589
4,signature_normalized,238,0.006114
4,signature_normalized,239,0.012212
4,signature_normalized,240,0.005792
4,signature_normalized,241,0.012311
4,signature_normalized,242,0.012657
4,signature_normalized,243,0.005863
4,signature_normalized,244,0.016385
4,signature_normalized,245,0.004081
4,signature_normalized,246,0.009200
4,signature_normalized,247,0.004690
4,signature_normalized,248,0.019398
4,signature_normalized,249,0.011713
4,signature_normalized,250,0.005895
4,signature_normalized,251,0.013470
4,signature_normalized,252,0.005613
4,signature_normalized,253,0.013628
4,signature_normalized,254,0.005025
4,signature_normalized,255,0.032972
4,signature_normalized,256,0.010965
4,signature_normalized,257,0.007898
4,signature_normalized,258,0.005646
4,signature_normalized,259,0.005562
4,signature_normalized,260,0.010187
4,signature_normalized,261,0.014853
4,signature_normalized,262,0.013837
4,svm_normalized_uncalibrated,0,0.406971
4,svm_normalized_uncalibrated,1,0.357962
4,svm_normalized_uncalibrated,2,0.378305
4,svm_normalized_uncalibrated,3,0.525108
4,svm_normalized_uncalibrated,4,0.387570
4,svm_normalized_uncalibrated,5,0.434381
4,svm_normalized_uncalibrated,6,0.362972
4,svm_normalized_uncalibrated,7,0.378943
4,svm_normalized_uncalibrated,8,0.386503
4,svm_normalized_uncalibrated,9,0.347831
4,svm_normalized_uncalibrated,10,0.385159
4,svm_normalized_uncalibrated,11,0.356056
4,svm_normalized_uncalibrated,12,0.339686
4,svm_normalized_uncalibrated,13,0.386748
4,svm_normalized_uncalibrated,14,0.403512
4,svm_normalized_uncalibrated,15,0.398462
4,svm_normalized_uncalibrated,16,0.401353
4,svm_normalized_uncalibrated,17,0.510869
4,svm_normalized_uncalibrated,18,0.523136
4,svm_normalized_uncalibrated,19,0.391174
4,svm_normalized_uncalibrated,20,0.406442
4,svm_normalized_uncalibrated,21,0.321265
4,svm_normalized_uncalibrated,22,0.356454
4,svm_normalized_uncalibrated,23,0.417167
4,svm_normalized_uncalibrated,24,0.509550
4,svm_normalized_uncalibrated,25,0.416715
4,svm_normalized_uncalibrated,26,0.424147
4,svm_normalized_uncalibrated,27,0.441324
4,svm_normalized_uncalibrated,28,0.358801
4,svm_normalized_uncalibrated,29,0.365474
4,svm_normalized_uncalibrated,30,0.535314
4,svm_normalized_uncalibrated,31,0.454145
4,svm_normalized_uncalibrated,32,0.682315
4,svm_normalized_uncalibrated,33,0.406174
4,svm_normalized_uncalibrated,34,0.423665
4,svm_normalized_uncalibrated,35,0.357452
4,svm_normalized_uncalibrated,36,0.372126
4,svm_normalized_uncalibrated,37,0.383039
4,svm_normalized_uncalibrated,38,0.377516
4,svm_normalized_uncalibrated,39,0.427100
4,svm_normalized_uncalibrated,40,0.341453
4,svm_normalized_uncalibrated,41,0.350244
4,svm_normalized_uncalibrated,42,0.433996
4,svm_normalized_uncalibrated,43,0.388881
4,svm_normalized_uncalibrated,44,0.447900
4,svm_normalized_uncalibrated,45,0.402923
4,svm_normalized_uncalibrated,46,0.340819
4,svm_normalized_uncalibrated,47,0.435009
4,svm_normalized_uncalibrated,48,0.372773
4,svm_normalized_uncalibrated,49,0.530973
4,svm_normalized_uncalibrated,50,0.398418
4,svm_normalized_uncalibrated,51,0.417135
4,svm_normalized_uncalibrated,52,0.457924
4,svm_normalized_uncalibrated,53,0.363013
4,svm_normalized_uncalibrated,54,0.456266
4,svm_normalized_uncalibrated,55,0.368983
4,svm_normalized_uncalibrated,56,0.389318
4,svm_normalized_uncalibrated,57,0.382413
4,svm_normalized_uncalibrated,58,0.361890
4,svm_normalized_uncalibrated,59,0.423240
4,svm_normalized_uncalibrated,60,0.511189
4,svm_normalized_uncalibrated,61,0.539583
4,svm_normalized_uncalibrated,62,0.527516
4,svm_normalized_uncalibrated,63,0.426371
4,svm_normalized_uncalibrated,64,0.347270
4,svm_normalized_uncalibrated,65,0.385031
4,svm_normalized_uncalibrated,66,0.387281
4,svm_normalized_uncalibrated,67,0.412837
4,svm_normalized_uncalibrated,68,0.607682
4,svm_normalized_uncalibrated,69,0.427111
4,svm_normalized_uncalibrated,70,0.490945
4,svm_normalized_uncalibrated,71,0.383107
4,svm_normalized_uncalibrated,72,0.444448
4,svm_normalized_uncalibrated,73,0.451563
4,svm_normalized_uncalibrated,74,0.430956
4,svm_normalized_uncalibrated,75,0.360676
4,svm_normalized_uncalibrated,76,0.355143
4,svm_normalized_uncalibrated,77,0.372957
4,svm_normalized_uncalibrated,78,0.387437
4,svm_normalized_uncalibrated,79,0.380181
4,svm_normalized_uncalibrated,80,0.539124
4,svm_normalized_uncalibrated,81,0.361381
4,svm_normalized_uncalibrated,82,0.482197
4,svm_normalized_uncalibrated,83,0.389903
4,svm_normalized_uncalibrated,84,0.442093
4,svm_normalized_uncalibrated,85,0.344758
4,svm_normalized_uncalibrated,86,0.335794
4,svm_normalized_uncalibrated,87,0.421438
4,svm_normalized_uncalibrated,88,0.451679
4,svm_normalized_uncalibrated,89,0.424155
4,svm_normalized_uncalibrated,90,0.434942
4,svm_normalized_uncalibrated,91,0.386224
4,svm_normalized_uncalibrated,92,0.466950
4,svm_normalized_uncalibrated,93,0.466973
4,svm_normalized_uncalibrated,94,0.426992
4,svm_normalized_uncalibrated,95,0.354309
4,svm_normalized_uncalibrated,96,0.399500
4,svm_normalized_uncalibrated,97,0.377474
4,svm_normalized_uncalibrated,98,0.345784
4,svm_normalized_uncalibrated,99,0.373659
4,svm_normalized_uncalibrated,100,0.399825
4,svm_normalized_uncalibrated,101,0.367536
4,svm_normalized_uncalibrated,102,0.427894
4,svm_normalized_uncalibrated,103,0.374706
4,svm_normalized_uncalibrated,104,0.388335
4,svm_normalized_uncalibrated,105,0.413808
4,svm_normalized_uncalibrated,106,0.360703
4,svm_normalized_uncalibrated,107,0.383933
4,svm_normalized_uncalibrated,108,0.319968
4,svm_normalized_uncalibrated,109,0.408595
4,svm_normalized_uncalibrated,110,0.455223
4,svm_normalized_uncalibrated,111,0.355786
4,svm_normalized_uncalibrated,112,0.379779
4,svm_normalized_uncalibrated,113,0.340673
4,svm_normalized_uncalibrated,114,0.340677
4,svm_normalized_uncalibrated,115,0.397677
4,svm_normalized_uncalibrated,116,0.343655
4,svm_normalized_uncalibrated,117,0.350826
4,svm_normalized_uncalibrated,118,0.367891
4,svm_normalized_uncalibrated,119,0.391857
4,svm_normalized_uncalibrated,120,0.615851
4,svm_normalized_uncalibrated,121,0.674928
4,svm_normalized_uncalibrated,122,0.494991
4,svm_normalized_uncalibrated,123,0.355773
4,svm_normalized_uncalibrated,124,0.462540
4,svm_normalized_uncalibrated,125,0.399055
4,svm_normalized_uncalibrated,126,0.419799
4,svm_normalized_uncalibrated,127,0.361323
4,svm_normalized_uncalibrated,128,0.336490
4,svm_normalized_uncalibrated,129,0.565911
4,svm_normalized_uncalibrated,130,0.390378
4,svm_normalized_uncalibrated,131,0.494586
4,svm_normalized_uncalibrated,132,0.364515
4,svm_normalized_uncalibrated,133,0.417036
4,svm_normalized_uncalibrated,134,0.362467
4,svm_normalized_uncalibrated,135,0.384371
4,svm_normalized_uncalibrated,136,0.416027
4,svm_normalized_uncalibrated,137,0.360797
4,svm_normalized_uncalibrated,138,0.541005
4,svm_normalized_uncalibrated,139,0.505162
4,svm_normalized_uncalibrated,140,0.417537
4,svm_normalized_uncalibrated,141,0.350505
4,svm_normalized_uncalibrated,142,0.346323
4,svm_normalized_uncalibrated,143,0.419921
4,svm_normalized_uncalibrated,144,0.337649
4,svm_normalized_uncalibrated,145,0.364003
4,svm_normalized_uncalibrated,146,0.440302
4,svm_normalized_uncalibrated,147,0.386651
4,svm_normalized_uncalibrated,148,0.405141
4,svm_normalized_uncalibrated,149,0.451827
4,svm_normalized_uncalibrated,150,0.381913
4,svm_normalized_uncalibrated,151,0.442088
4,svm_normalized_uncalibrated,152,0.370214
4,svm_normalized_uncalibrated,153,0.420625
4,svm_normalized_uncalibrated,154,0.345983
4,svm_normalized_uncalibrated,155,0.344173
4,svm_normalized_uncalibrated,156,0.419780
4,svm_normalized_uncalibrated,157,0.371917
4,svm_normalized_uncalibrated,158,0.409267
4,svm_normalized_uncalibrated,159,0.399751
4,svm_normalized_uncalibrated,160,0.424397
4,svm_normalized_uncalibrated,161,0.426036
4,svm_normalized_uncalibrated,162,0.478027
4,svm_normalized_uncalibrated,163,0.450436
4,svm_normalized_uncalibrated,164,0.434530
4,svm_normalized_uncalibrated,165,0.410033
4,svm_normalized_uncalibrated,166,0.357394
4,svm_normalized_uncalibrated,167,0.325982
4,svm_normalized_uncalibrated,168,0.387366
4,svm_normalized_uncalibrated,169,0.413850
4,svm_normalized_uncalibrated,170,0.372554
4,svm_normalized_uncalibrated,171,0.435484
4,svm_normalized_uncalibrated,172,0.349689
4,svm_normalized_uncalibrated,173,0.442607
4,svm_normalized_uncalibrated,174,0.357549
4,svm_normalized_uncalibrated,175,0.346392
4,svm_normalized_uncalibrated,176,0.395461
4,svm_normalized_uncalibrated,177,0.376319
4,svm_normalized_uncalibrated,178,0.398179
4,svm_normalized_uncalibrated,179,0.411524
4,svm_normalized_uncalibrated,180,0.364170
4,svm_normalized_uncalibrated,181,0.456290
4,svm_normalized_uncalibrated,182,0.360390
4,svm_normalized_uncalibrated,183,0.405576
4,svm_normalized_uncalibrated,184,0.334891
4,svm_normalized_uncalibrated,185,0.382684
4,svm_normalized_uncalibrated,186,0.544987
4,svm_normalized_uncalibrated,187,0.399117
4,svm_normalized_uncalibrated,188,0.411068
4,svm_normalized_uncalibrated,189,0.549103
4,svm_normalized_uncalibrated,190,0.410219
4,svm_normalized_uncalibrated,191,0.337857
4,svm_normalized_uncalibrated,192,0.347620
4,svm_normalized_uncalibrated,193,0.402682
4,svm_normalized_uncalibrated,194,0.357305
4,svm_normalized_uncalibrated,195,0.391128
4,svm_normalized_uncalibrated,196,0.354564
4,svm_normalized_uncalibrated,197,0.326984
4,svm_normalized_uncalibrated,198,0.386239
4,svm_normalized_uncalibrated,199,0.447428
4,svm_normalized_uncalibrated,200,0.375167
4,svm_normalized_uncalibrated,201,0.395970
4,svm_normalized_uncalibrated,202,0.451164
4,svm_normalized_uncalibrated,203,0.456852
4,svm_normalized_uncalibrated,204,0.374146
4,svm_normalized_uncalibrated,205,0.354045
4,svm_normalized_uncalibrated,206,0.511437
4,svm_normalized_uncalibrated,207,0.389040
4,svm_normalized_uncalibrated,208,0.417141
4,svm_normalized_uncalibrated,209,0.416616
4,svm_normalized_uncalibrated,210,0.502195
4,svm_normalized_uncalibrated,211,0.385051
4,svm_normalized_uncalibrated,212,0.367959
4,svm_normalized_uncalibrated,213,0.435197
4,svm_normalized_uncalibrated,214,0.476175
4,svm_normalized_uncalibrated,215,0.566195
4,svm_normalized_uncalibrated,216,0.395181
4,svm_normalized_uncalibrated,217,0.422234
4,svm_normalized_uncalibrated,218,0.446601
4,svm_normalized_uncalibrated,219,0.487937
4,svm_normalized_uncalibrated,220,0.377898
4,svm_normalized_uncalibrated,221,0.362545
4,svm_normalized_uncalibrated,222,0.444540
4,svm_normalized_uncalibrated,223,0.358482
4,svm_normalized_uncalibrated,224,0.420792
4,svm_normalized_uncalibrated,225,1.139375
4,svm_normalized_uncalibrated,226,0.516554
4,svm_normalized_uncalibrated,227,0.428908
4,svm_normalized_uncalibrated,228,0.366659
4,svm_normalized_uncalibrated,229,0.358833
4,svm_normalized_uncalibrated,230,0.404837
4,svm_normalized_uncalibrated,231,0.340226
4,svm_normalized_uncalibrated,232,0.405934
4,svm_normalized_uncalibrated,233,0.344474
4,svm_normalized_uncalibrated,234,0.370287
4,svm_normalized_uncalibrated,235,0.517242
4,svm_normalized_uncalibrated,236,0.393441
4,svm_normalized_uncalibrated,237,0.404440
4,svm_normalized_uncalibrated,238,0.342391
4,svm_normalized_uncalibrated,239,0.344715
4,svm_normalized_uncalibrated,240,0.398601
4,svm_normalized_uncalibrated,241,0.369339
4,svm_normalized_uncalibrated,242,0.367620
4,svm_normalized_uncalibrated,243,0.451913
4,svm_normalized_uncalibrated,244,0.397235
4,svm_normalized_uncalibrated,245,0.413773
4,svm_normalized_uncalibrated,246,0.425605
4,svm_normalized_uncalibrated,247,0.389379
4,svm_normalized_uncalibrated,248,0.356143
4,svm_normalized_uncalibrated,249,0.343991
4,svm_normalized_uncalibrated,250,0.381506
4,svm_normalized_uncalibrated,251,0.360580
4,svm_normalized_uncalibrated,252,0.324246
4,svm_normalized_uncalibrated,253,0.389521
4,svm_normalized_uncalibrated,254,0.348303
4,svm_normalized_uncalibrated,255,0.337999
4,svm_normalized_uncalibrated,256,0.367699
4,svm_normalized_uncalibrated,257,0.420458
4,svm_normalized_uncalibrated,258,0.393959
4,svm_normalized_uncalibrated,259,0.332923
4,svm_normalized_uncalibrated,260,0.328519
4,svm_normalized_uncalibrated,261,0.389708
4,svm_normalized_uncalibrated,262,0.346725
5,logistic_regression_normalized,0,2.925969
5,logistic_regression_normalized,1,0.862702
5,logistic_regression_normalized,2,0.802342
5,logistic_regression_normalized,3,0.827187
5,logistic_regression_normalized,4,0.719527
5,logistic_regression_normalized,5,0.698724
5,logistic_regression_normalized,6,0.740650
5,logistic_regression_normalized,7,0.750525
5,logistic_regression_normalized,8,0.646025
5,logistic_regression_normalized,9,0.741744
5,logistic_regression_normalized,10,0.751685
5,logistic_regression_normalized,11,0.736047
5,logistic_regression_normalized,12,0.766362
5,logistic_regression_normalized,13,0.730226
5,logistic_regression_normalized,14,0.707795
5,logistic_regression_normalized,15,0.712920
5,logistic_regression_normalized,16,0.645510
5,logistic_regression_normalized,17,0.813798
5,logistic_regression_normalized,18,0.868400
5,logistic_regression_normalized,19,0.778001
5,logistic_regression_normalized,20,0.705899
5,logistic_regression_normalized,21,0.710052
5,logistic_regression_normalized,22,0.697442
5,logistic_regression_normalized,23,0.773426
5,logistic_regression_normalized,24,0.677420
5,logistic_regression_normalized,25,0.717169
5,logistic_regression_normalized,26,0.792471
5,logistic_regression_normalized,27,0.712207
5,logistic_regression_normalized,28,0.727289
5,logistic_regression_normalized,29,0.708829
5,logistic_regression_normalized,30,0.704204
5,logistic_regression_normalized,31,0.675108
5,logistic_regression_normalized,32,0.724514
5,logistic_regression_normalized,33,0.718483
5,logistic_regression_normalized,34,0.753581
5,logistic_regression_normalized,35,0.745465
5,logistic_regression_normalized,36,0.722904
5,logistic_regression_normalized,37,0.762538
5,logistic_regression_normalized,38,0.698486
5,logistic_regression_normalized,39,0.759556
5,logistic_regression_normalized,40,0.746766
5,logistic_regression_normalized,41,0.655363
5,logistic_regression_normalized,42,0.631602
5,logistic_regression_normalized,43,0.709690
5,logistic_regression_normalized,44,0.688394
5,logistic_regression_normalized,45,0.702080
5,logistic_regression_normalized,46,0.690218
5,logistic_regression_normalized,47,0.731748
5,logistic_regression_normalized,48,0.688769
5,logistic_regression_normalized,49,0.749292
5,logistic_regression_normalized,50,0.783458
5,logistic_regression_normalized,51,0.654702
5,logistic_regression_normalized,52,0.686708
5,logistic_regression_normalized,53,0.618664
5,logistic_regression_normalized,54,0.635986
5,logistic_regression_normalized,55,0.655151
5,logistic_regression_normalized,56,0.773438
5,logistic_regression_normalized,57,0.723520
5,logistic_regression_normalized,58,0.725840
5,logistic_regression_normalized,59,0.705775
5,logistic_regression_normalized,60,0.928362
5,logistic_regression_normalized,61,0.942088
5,logistic_regression_normalized,62,0.856718
5,logistic_regression_normalized,63,0.707423
5,logistic_regression_normalized,64,0.711351
5,logistic_regression_normalized,65,0.763250
5,logistic_regression_normalized,66,0.775036
5,logistic_regression_normalized,67,0.828274
5,logistic_regression_normalized,68,0.644733
5,logistic_regression_normalized,69,0.833759
5,logistic_regression_normalized,70,0.836959
5,logistic_regression_normalized,71,0.790671
5,logistic_regression_normalized,72,0.801131
5,logistic_regression_normalized,73,0.748136
5,logistic_regression_normalized,74,0.735332
5,logistic_regression_normalized,75,0.706310
5,logistic_regression_normalized,76,0.690274
5,logistic_regression_normalized,77,0.793479
5,logistic_regression_normalized,78,0.723702
5,logistic_regression_normalized,79,0.761685
5,logistic_regression_normalized,80,0.808269
5,logistic_regression_normalized,81,0.740367
5,logistic_regression_normalized,82,0.824134
5,logistic_regression_normalized,83,0.751004
5,logistic_regression_normalized,84,0.830316
5,logistic_regression_normalized,85,0.725960
5,logistic_regression_normalized,86,0.700708
5,logistic_regression_normalized,87,0.835473
5,logistic_regression_normalized,88,0.783739
5,logistic_regression_normalized,89,0.703729
5,logistic_regression_normalized,90,0.731001
5,logistic_regression_normalized,91,0.742618
5,logistic_regression_normalized,92,0.746792
5,logistic_regression_normalized,93,0.766416
5,logistic_regression_normalized,94,0.706255
5,logistic_regression_normalized,95,0.696322
5,logistic_regression_normalized,96,0.680472
5,logistic_regression_normalized,97,0.675738
5,logistic_regression_normalized,98,0.819224
5,logistic_regression_normalized,99,0.690236
5,logistic_regression_normalized,100,0.692766
5,logistic_regression_normalized,101,0.699469
5,logistic_regression_normalized,102,0.690727
5,logistic_regression_normalized,103,0.781793
5,logistic_regression_normalized,104,0.881803
5,logistic_regression_normalized,105,0.824347
5,logistic_regression_normalized,106,0.717772
5,logistic_regression_normalized,107,0.764263
5,logistic_regression_normalized,108,0.765416
5,logistic_regression_normalized,109,0.777285
5,logistic_regression_normalized,110,0.758763
5,logistic_regression_normalized,111,0.671897
5,logistic_regression_normalized,112,0.668185
5,logistic_regression_normalized,113,0.691050
5,logistic_regression_normalized,114,0.668979
5,logistic_regression_normalized,115,0.524007
5,logistic_regression_normalized,116,0.619848
5,logistic_regression_normalized,117,0.713161
5,logistic_regression_normalized,118,0.719690
5,logistic_regression_normalized,119,0.714320
5,logistic_regression_normalized,120,0.836521
5,logistic_regression_normalized,121,0.752088
5,logistic_regression_normalized,122,0.712493
5,logistic_regression_normalized,123,0.729285
5,logistic_regression_normalized,124,0.795674
5,logistic_regression_normalized,125,0.770901
5,logistic_regression_normalized,126,0.737568
5,logistic_regression_normalized,127,0.698527
5,logistic_regression_normalized,128,0.687225
5,logistic_regression_normalized,129,0.754748
5,logistic_regression_normalized,130,0.772294
5,logistic_regression_normalized,131,0.790463
5,logistic_regression_normalized,132,0.732978
5,logistic_regression_normalized,133,0.725792
5,logistic_regression_normalized,134,0.664739
5,logistic_regression_normalized,135,0.753731
5,logistic_regression_normalized,136,0.744872
5,logistic_regression_normalized,137,0.847963
5,logistic_regression_normalized,138,0.680730
5,logistic_regression_normalized,139,0.740660
5,logistic_regression_normalized,140,0.777944
5,logistic_regression_normalized,141,0.665497
5,logistic_regression_normalized,142,0.797259
5,logistic_regression_normalized,143,0.712198
5,logistic_regression_normalized,144,0.725153
5,logistic_regression_normalized,145,0.652429
5,logistic_regression_normalized,146,0.780933
5,logistic_regression_normalized,147,0.958764
5,logistic_regression_normalized,148,0.748748
5,logistic_regression_normalized,149,0.746675
5,logistic_regression_normalized,150,0.595957
5,logistic_regression_normalized,151,0.771778
5,logistic_regression_normalized,152,0.752677
5,logistic_regression_normalized,153,0.863862
5,logistic_regression_normalized,154,0.764776
5,logistic_regression_normalized,155,0.696931
5,logistic_regression_normalized,156,0.795645
5,logistic_regression_normalized,157,0.749516
5,logistic_regression_normalized,158,0.841513
5,logistic_regression_normalized,159,0.789090
5,logistic_regression_normalized,160,0.888100
5,logistic_regression_normalized,161,0.734126
5,logistic_regression_normalized,162,0.768213
5,logistic_regression_normalized,163,0.751122
5,logistic_regression_normalized,164,0.758162
5,logistic_regression_normalized,165,0.742078
5,logistic_regression_normalized,166,0.723332
5,logistic_regression_normalized,167,0.656125
5,logistic_regression_normalized,168,0.793164
5,logistic_regression_normalized,169,0.750524
5,logistic_regression_normalized,170,0.842325
5,logistic_regression_normalized,171,0.782333
5,logistic_regression_normalized,172,0.718807
5,logistic_regression_normalized,173,0.849685
5,logistic_regression_normalized,174,0.782243
5,logistic_regression_normalized,175,0.770685
5,logistic_regression_normalized,176,0.757801
5,logistic_regression_normalized,177,0.691375
5,logistic_regression_normalized,178,0.773692
5,logistic_regression_normalized,179,0.821103
5,logistic_regression_normalized,180,0.721775
5,logistic_regression_normalized,181,0.732969
5,logistic_regression_normalized,182,0.818033
5,logistic_regression_normalized,183,0.764058
5,logistic_regression_normalized,184,0.785928
5,logistic_regression_normalized,185,0.710330
5,logistic_regression_normalized,186,0.825435
5,logistic_regression_normalized,187,0.843016
5,logistic_regression_normalized,188,0.757940
5,logistic_regression_normalized,189,0.977469
5,logistic_regression_normalized,190,0.648601
5,logistic_regression_normalized,191,0.731438
5,logistic_regression_normalized,192,0.771619
5,logistic_regression_normalized,193,0.706186
5,logistic_regression_normalized,194,0.829253
5,logistic_regression_normalized,195,0.778555
5,logistic_regression_normalized,196,0.770013
5,logistic_regression_normalized,197,0.675483
5,logistic_regression_normalized,198,0.737603
5,logistic_regression_normalized,199,0.796927
5,logistic_regression_normalized,200,0.769703
5,logistic_regression_normalized,201,0.761168
5,logistic_regression_normalized,202,0.698954
5,logistic_regression_normalized,203,0.727385
5,logistic_regression_normalized,204,0.743552
5,logistic_regression_normalized,205,0.852968
5,logistic_regression_normalized,206,0.742724
5,logistic_regression_normalized,207,0.752612
5,logistic_regression_normalized,208,0.698855
5,logistic_regression_normalized,209,0.696136
5,logistic_regression_normalized,210,0.821897
5,logistic_regression_normalized,211,0.808135
5,logistic_regression_normalized,212,0.784220
5,logistic_regression_normalized,213,0.580788
5,logistic_regression_normalized,214,0.513665
5,logistic_regression_normalized,215,0.419276
5,logistic_regression_normalized,216,0.985715
5,logistic_regression_normalized,217,0.532264
5,logistic_regression_normalized,218,0.442787
5,logistic_regression_normalized,219,0.455050
5,logistic_regression_normalized,220,0.435421
5,logistic_regression_normalized,221,0.527701
5,logistic_regression_normalized,222,0.399918
5,logistic_regression_normalized,223,0.452029
5,logistic_regression_normalized,224,0.470041
5,logistic_regression_normalized,225,0.425432
5,logistic_regression_normalized,226,0.500103
5,logistic_regression_normalized,227,0.408703
5,logistic_regression_normalized,228,0.457514
5,logistic_regression_normalized,229,0.393717
5,logistic_regression_normalized,230,0.464384
5,logistic_regression_normalized,231,0.361396
5,logistic_regression_normalized,232,0.417294
5,logistic_regression_normalized,233,0.448899
5,logistic_regression_normalized,234,0.400333
5,logistic_regression_normalized,235,0.502639
5,logistic_regression_normalized,236,0.672785
5,logistic_regression_normalized,237,0.645441
5,logistic_regression_normalized,238,0.706912
5,logistic_regression_normalized,239,0.735149
5,logistic_regression_normalized,240,0.772287
5,logistic_regression_normalized,241,0.803232
5,logistic_regression_normalized,242,0.753592
5,logistic_regression_normalized,243,0.744931
5,logistic_regression_normalized,244,0.727739
5,logistic_regression_normalized,245,0.684991
5,logistic_regression_normalized,246,0.511212
5,logistic_regression_normalized,247,0.390641
5,logistic_regression_normalized,248,0.402027
5,logistic_regression_normalized,249,0.419766
5,logistic_regression_normalized,250,0.359375
5,logistic_regression_normalized,251,0.442693
5,logistic_regression_normalized,252,0.374203
5,logistic_regression_normalized,253,0.377312
5,logistic_regression_normalized,254,0.473430
5,logistic_regression_normalized,255,0.415520
5,logistic_regression_normalized,256,0.405369
5,logistic_regression_normalized,257,0.378022
5,logistic_regression_normalized,258,0.368416
5,logistic_regression_normalized,259,0.403045
5,logistic_regression_normalized,260,0.355514
5,logistic_regression_normalized,261,0.415102
5,logistic_regression_normalized,262,0.392522
5,naive_bayes_normalized,0,0.427045
5,naive_bayes_normalized,1,0.364474
5,naive_bayes_normalized,2,0.356236
5,naive_bayes_normalized,3,0.394743
5,naive_bayes_normalized,4,0.372104
5,naive_bayes_normalized,5,0.381577
5,naive_bayes_normalized,6,0.457280
5,naive_bayes_normalized,7,0.430292
5,naive_bayes_normalized,8,0.407468
5,naive_bayes_normalized,9,0.366724
5,naive_bayes_normalized,10,0.471008
5,naive_bayes_normalized,11,0.441012
5,naive_bayes_normalized,12,0.382788
5,naive_bayes_normalized,13,0.480094
5,naive_bayes_normalized,14,0.371845
5,naive_bayes_normalized,15,0.426717
5,naive_bayes_normalized,16,0.451206
5,naive_bayes_normalized,17,0.413620
5,naive_bayes_normalized,18,0.421312
5,naive_bayes_normalized,19,0.384356
5,naive_bayes_normalized,20,0.431567
5,naive_bayes_normalized,21,0.335462
5,naive_bayes_normalized,22,0.413634
5,naive_bayes_normalized,23,0.440955
5,naive_bayes_normalized,24,0.374523
5,naive_bayes_normalized,25,0.405528
5,naive_bayes_normalized,26,0.476160
5,naive_bayes_normalized,27,0.404207
5,naive_bayes_normalized,28,0.365685
5,naive_bayes_normalized,29,0.363827
5,naive_bayes_normalized,30,0.385278
5,naive_bayes_normalized,31,0.347499
5,naive_bayes_normalized,32,0.416068
5,naive_bayes_normalized,33,0.390313
5,naive_bayes_normalized,34,0.348832
5,naive_bayes_normalized,35,0.390658
5,naive_bayes_normalized,36,0.409251
5,naive_bayes_normalized,37,0.377215
5,naive_bayes_normalized,38,0.426181
5,naive_bayes_normalized,39,0.375799
5,naive_bayes_normalized,40,0.390507
5,naive_bayes_normalized,41,0.356521
5,naive_bayes_normalized,42,0.352825
5,naive_bayes_normalized,43,0.396106
5,naive_bayes_normalized,44,0.362915
5,naive_bayes_normalized,45,0.351828
5,naive_bayes_normalized,46,0.474593
5,naive_bayes_normalized,47,0.378017
5,naive_bayes_normalized,48,0.408396
5,naive_bayes_normalized,49,0.351477
5,naive_bayes_normalized,50,0.347350
5,naive_bayes_normalized,51,0.399209
5,naive_bayes_normalized,52,0.353477
5,naive_bayes_normalized,53,0.386918
5,naive_bayes_normalized,54,0.348429
5,naive_bayes_normalized,55,0.371399
5,naive_bayes_normalized,56,0.383194
5,naive_bayes_normalized,57,0.418013
5,naive_bayes_normalized,58,0.437906
5,naive_bayes_normalized,59,0.382740
5,naive_bayes_normalized,60,0.361916
5,naive_bayes_normalized,61,0.381283
5,naive_bayes_normalized,62,0.355946
5,naive_bayes_normalized,63,0.355029
5,naive_bayes_normalized,64,0.385588
5,naive_bayes_normalized,65,0.352231
5,naive_bayes_normalized,66,0.670520
5,naive_bayes_normalized,67,0.535161
5,naive_bayes_normalized,68,0.469373
5,naive_bayes_normalized,69,0.422829
5,naive_bayes_normalized,70,0.423755
5,naive_bayes_normalized,71,0.361103
5,naive_bayes_normalized,72,0.378439
5,naive_bayes_normalized,73,0.409315
5,naive_bayes_normalized,74,0.381332
5,naive_bayes_normalized,75,0.391674
5,naive_bayes_normalized,76,0.441178
5,naive_bayes_normalized,77,0.388331
5,naive_bayes_normalized,78,0.414338
5,naive_bayes_normalized,79,0.360465
5,naive_bayes_normalized,80,0.404554
5,naive_bayes_normalized,81,0.350133
5,naive_bayes_normalized,82,0.364595
5,naive_bayes_normalized,83,0.412384
5,naive_bayes_normalized,84,0.379038
5,naive_bayes_normalized,85,0.342392
5,naive_bayes_normalized,86,0.400253
5,naive_bayes_normalized,87,0.456461
5,naive_bayes_normalized,88,0.643807
5,naive_bayes_normalized,89,0.391112
5,naive_bayes_normalized,90,0.460318
5,naive_bayes_normalized,91,0.373729
5,naive_bayes_normalized,92,0.394281
5,naive_bayes_normalized,93,0.353987
5,naive_bayes_normalized,94,0.367951
5,naive_bayes_normalized,95,0.394088
5,naive_bayes_normalized,96,0.420721
5,naive_bayes_normalized,97,0.429758
5,naive_bayes_normalized,98,0.377002
5,naive_bayes_normalized,99,0.355716
5,naive_bayes_normalized,100,0.385384
5,naive_bayes_normalized,101,0.376905
5,naive_bayes_normalized,102,0.357629
5,naive_bayes_normalized,103,0.467202
5,naive_bayes_normalized,104,0.366797
5,naive_bayes_normalized,105,0.480059
5,naive_bayes_normalized,106,0.445938
5,naive_bayes_normalized,107,0.410786
5,naive_bayes_normalized,108,0.382966
5,naive_bayes_normalized,109,0.367525
5,naive_bayes_normalized,110,0.407641
5,naive_bayes_normalized,111,0.334801
5,naive_bayes_normalized,112,0.369369
5,naive_bayes_normalized,113,0.417790
5,naive_bayes_normalized,114,0.336344
5,naive_bayes_normalized,115,0.457918
5,naive_bayes_normalized,116,0.513511
5,naive_bayes_normalized,117,0.417107
5,naive_bayes_normalized,118,0.375915
5,naive_bayes_normalized,119,0.469528
5,naive_bayes_normalized,120,0.455725
5,naive_bayes_normalized,121,0.373723
5,naive_bayes_normalized,122,0.480696
5,naive_bayes_normalized,123,0.375647
5,naive_bayes_normalized,124,0.371272
5,naive_bayes_normalized,125,0.742819
5,naive_bayes_normalized,126,0.717717
5,naive_bayes_normalized,127,0.494763
5,naive_bayes_normalized,128,0.586010
5,naive_bayes_normalized,129,0.413329
5,naive_bayes_normalized,130,0.453693
5,naive_bayes_normalized,131,0.379565
5,naive_bayes_normalized,132,0.391224
5,naive_bayes_normalized,133,0.460905
5,naive_bayes_normalized,134,0.511047
5,naive_bayes_normalized,135,0.398089
5,naive_bayes_normalized,136,0.369154
5,naive_bayes_normalized,137,0.388483
5,naive_bayes_normalized,138,0.374881
5,naive_bayes_normalized,139,0.413613
5,naive_bayes_normalized,140,0.360079
5,naive_bayes_normalized,141,0.341242
5,naive_bayes_normalized,142,0.413826
5,naive_bayes_normalized,143,0.510532
5,naive_bayes_normalized,144,0.423230
5,naive_bayes_normalized,145,0.358163
5,naive_bayes_normalized,146,0.742549
5,naive_bayes_normalized,147,0.496640
5,naive_bayes_normalized,148,0.534594
5,naive_bayes_normalized,149,0.467776
5,naive_bayes_normalized,150,0.481513
5,naive_bayes_normalized,151,0.514781
5,naive_bayes_normalized,152,0.447028
5,naive_bayes_normalized,153,0.451746
5,naive_bayes_normalized,154,0.481959
5,naive_bayes_normalized,155,0.493638
5,naive_bayes_normalized,156,0.612286
5,naive_bayes_normalized,157,0.642904
5,naive_bayes_normalized,158,0.571458
5,naive_bayes_normalized,159,0.403955
5,naive_bayes_normalized,160,0.534452
5,naive_bayes_normalized,161,0.376063
5,naive_bayes_normalized,162,0.450017
5,naive_bayes_normalized,163,0.403131
5,naive_bayes_normalized,164,0.410624
5,naive_bayes_normalized,165,0.379248
5,naive_bayes_normalized,166,0.394733
5,naive_bayes_normalized,167,0.413135
5,naive_bayes_normalized,168,0.438028
5,naive_bayes_normalized,169,0.420239
5,naive_bayes_normalized,170,0.360539
5,naive_bayes_normalized,171,0.362104
5,naive_bayes_normalized,172,0.408229
5,naive_bayes_normalized,173,0.375159
5,naive_bayes_normalized,174,0.371355
5,naive_bayes_normalized,175,0.401896
5,naive_bayes_normalized,176,0.384352
5,naive_bayes_normalized,177,0.410245
5,naive_bayes_normalized,178,0.443991
5,naive_bayes_normalized,179,0.362524
5,naive_bayes_normalized,180,0.418397
5,naive_bayes_normalized,181,0.371269
5,naive_bayes_normalized,182,0.399048
5,naive_bayes_normalized,183,0.355810
5,naive_bayes_normalized,184,0.344065
5,naive_bayes_normalized,185,0.498787
5,naive_bayes_normalized,186,0.431412
5,naive_bayes_normalized,187,0.426411
5,naive_bayes_normalized,188,0.427223
5,naive_bayes_normalized,189,0.407441
5,naive_bayes_normalized,190,0.408565
5,naive_bayes_normalized,191,0.390588
5,naive_bayes_normalized,192,0.430197
5,naive_bayes_normalized,193,0.365676
5,naive_bayes_normalized,194,0.424954
5,naive_bayes_normalized,195,0.398983
5,naive_bayes_normalized,196,0.379137
5,naive_bayes_normalized,197,0.399885
5,naive_bayes_normalized,198,0.631763
5,naive_bayes_normalized,199,0.447244
5,naive_bayes_normalized,200,0.388713
5,naive_bayes_normalized,201,0.408306
5,naive_bayes_normalized,202,0.362090
5,naive_bayes_normalized,203,0.388195
5,naive_bayes_normalized,204,0.418597
5,naive_bayes_normalized,205,0.357088
5,naive_bayes_normalized,206,0.427265
5,naive_bayes_normalized,207,0.450178
5,naive_bayes_normalized,208,0.378025
5,naive_bayes_normalized,209,0.394703
5,naive_bayes_normalized,210,0.351700
5,naive_bayes_normalized,211,0.402888
5,naive_bayes_normalized,212,0.392684
5,naive_bayes_normalized,213,0.388157
5,naive_bayes_normalized,214,0.398110
5,naive_bayes_normalized,215,0.375806
5,naive_bayes_normalized,216,0.415664
5,naive_bayes_normalized,217,0.439510
5,naive_bayes_normalized,218,0.394724
5,naive_bayes_normalized,219,0.387032
5,naive_bayes_normalized,220,0.376652
5,naive_bayes_normalized,221,0.392188
5,naive_bayes_normalized,222,0.364494
5,naive_bayes_normalized,223,0.365606
5,naive_bayes_normalized,224,0.416284
5,naive_bayes_normalized,225,0.391846
5,naive_bayes_normalized,226,0.387620
5,naive_bayes_normalized,227,0.476329
5,naive_bayes_normalized,228,0.390436
5,naive_bayes_normalized,229,0.428329
5,naive_bayes_normalized,230,0.376593
5,naive_bayes_normalized,231,0.355940
5,naive_bayes_normalized,232,0.407760
5,naive_bayes_normalized,233,0.380405
5,naive_bayes_normalized,234,0.632305
5,naive_bayes_normalized,235,0.416061
5,naive_bayes_normalized,236,0.448610
5,naive_bayes_normalized,237,0.441289
5,naive_bayes_normalized,238,0.489280
5,naive_bayes_normalized,239,0.404489
5,naive_bayes_normalized,240,0.422968
5,naive_bayes_normalized,241,0.400189
5,naive_bayes_normalized,242,0.385904
5,naive_bayes_normalized,243,0.488264
5,naive_bayes_normalized,244,0.386061
5,naive_bayes_normalized,245,0.384878
5,naive_bayes_normalized,246,0.429596
5,naive_bayes_normalized,247,0.373506
5,naive_bayes_normalized,248,0.439384
5,naive_bayes_normalized,249,0.369263
5,naive_bayes_normalized,250,0.383947
5,naive_bayes_normalized,251,0.359933
5,naive_bayes_normalized,252,0.334677
5,naive_bayes_normalized,253,0.439688
5,naive_bayes_normalized,254,0.387044
5,naive_bayes_normalized,255,0.370760
5,naive_bayes_normalized,256,0.466227
5,naive_bayes_normalized,257,0.406115
5,naive_bayes_normalized,258,0.400284
5,naive_bayes_normalized,259,0.339415
5,naive_bayes_normalized,260,0.356108
5,naive_bayes_normalized,261,0.419930
5,naive_bayes_normalized,262,0.375241
5,svm_normalized,0,1.648840
5,svm_normalized,1,1.625579
5,svm_normalized,2,1.627301
5,svm_normalized,3,1.556524
5,svm_normalized,4,1.533520
5,svm_normalized,5,1.672213
5,svm_normalized,6,1.420930
5,svm_normalized,7,1.654911
5,svm_normalized,8,1.559592
5,svm_normalized,9,1.552157
5,svm_normalized,10,1.700215
5,svm_normalized,11,1.470700
5,svm_normalized,12,1.726628
5,svm_normalized,13,1.530063
5,svm_normalized,14,1.640391
5,svm_normalized,15,1.695356
5,svm_normalized,16,1.426963
5,svm_normalized,17,1.574141
5,svm_normalized,18,1.626097
5,svm_normalized,19,1.583439
5,svm_normalized,20,1.726830
5,svm_normalized,21,1.871788
5,svm_normalized,22,1.653626
5,svm_normalized,23,1.532498
5,svm_normalized,24,1.469704
5,svm_normalized,25,1.688898
5,svm_normalized,26,1.894928
5,svm_normalized,27,1.777582
5,svm_normalized,28,1.584389
5,svm_normalized,29,1.641149
5,svm_normalized,30,1.625435
5,svm_normalized,31,1.503579
5,svm_normalized,32,1.649712
5,svm_normalized,33,1.516033
5,svm_normalized,34,1.571024
5,svm_normalized,35,1.794636
5,svm_normalized,36,1.557015
5,svm_normalized,37,1.653806
5,svm_normalized,38,1.531553
5,svm_normalized,39,1.569405
5,svm_normalized,40,1.579271
5,svm_normalized,41,1.566073
5,svm_normalized,42,1.733355
5,svm_normalized,43,1.567207
5,svm_normalized,44,1.707899
5,svm_normalized,45,1.502070
5,svm_normalized,46,1.521161
5,svm_normalized,47,1.690868
5,svm_normalized,48,1.569246
5,svm_normalized,49,1.613255
5,svm_normalized,50,1.535592
5,svm_normalized,51,1.444294
5,svm_normalized,52,1.579624
5,svm_normalized,53,1.409339
5,svm_normalized,54,1.538857
5,svm_normalized,55,1.826185
5,svm_normalized,56,1.718949
5,svm_normalized,57,1.631600
5,svm_normalized,58,1.500369
5,svm_normalized,59,1.589366
5,svm_normalized,60,1.522282
5,svm_normalized,61,1.554740
5,svm_normalized,62,1.549633
5,svm_normalized,63,1.436186
5,svm_normalized,64,1.430215
5,svm_normalized,65,1.650241
5,svm_normalized,66,1.545363
5,svm_normalized,67,1.533252
5,svm_normalized,68,1.498473
5,svm_normalized,69,1.648640
5,svm_normalized,70,1.581110
5,svm_normalized,71,1.598269
5,svm_normalized,72,1.599382
5,svm_normalized,73,1.583333
5,svm_normalized,74,1.527259
5,svm_normalized,75,1.603044
5,svm_normalized,76,1.488961
5,svm_normalized,77,1.547014
5,svm_normalized,78,1.527227
5,svm_normalized,79,1.525187
5,svm_normalized,80,1.711917
5,svm_normalized,81,1.480708
5,svm_normalized,82,1.648926
5,svm_normalized,83,1.598612
5,svm_normalized,84,1.777063
5,svm_normalized,85,1.790388
5,svm_normalized,86,1.539955
5,svm_normalized,87,1.723121
5,svm_normalized,88,1.631759
5,svm_normalized,89,1.447504
5,svm_normalized,90,1.647737
5,svm_normalized,91,1.484407
5,svm_normalized,92,1.803832
5,svm_normalized,93,1.616341
5,svm_normalized,94,1.466699
5,svm_normalized,95,1.617072
5,svm_normalized,96,1.469844
5,svm_normalized,97,1.658998
5,svm_normalized,98,1.483927
5,svm_normalized,99,1.484611
5,svm_normalized,100,1.621854
5,svm_normalized,101,1.465448
5,svm_normalized,102,1.465370
5,svm_normalized,103,1.465897
5,svm_normalized,104,1.531450
5,svm_normalized,105,1.638226
5,svm_normalized,106,1.501636
5,svm_normalized,107,1.566383
5,svm_normalized,108,1.602732
5,svm_normalized,109,1.506261
5,svm_normalized,110,1.666897
5,svm_normalized,111,1.462980
5,svm_normalized,112,1.477744
5,svm_normalized,113,1.646699
5,svm_normalized,114,1.477507
5,svm_normalized,115,1.559767
5,svm_normalized,116,1.593743
5,svm_normalized,117,1.610095
5,svm_normalized,118,1.638199
5,svm_normalized,119,1.472341
5,svm_normalized,120,1.587254
5,svm_normalized,121,1.509852
5,svm_normalized,122,1.519283
5,svm_normalized,123,1.538673
5,svm_normalized,124,1.502596
5,svm_normalized,125,1.465329
5,svm_normalized,126,1.650419
5,svm_normalized,127,1.469303
5,svm_normalized,128,1.488093
5,svm_normalized,129,1.529382
5,svm_normalized,130,1.594402
5,svm_normalized,131,1.761644
5,svm_normalized,132,1.995386
5,svm_normalized,133,1.934467
5,svm_normalized,134,1.622836
5,svm_normalized,135,2.171831
5,svm_normalized,136,1.776507
5,svm_normalized,137,1.594716
5,svm_normalized,138,2.105803
5,svm_normalized,139,1.759546
5,svm_normalized,140,2.012073
5,svm_normalized,141,1.658242
5,svm_normalized,142,2.349065
5,svm_normalized,143,2.757696
5,svm_normalized,144,1.922206
5,svm_normalized,145,1.705420
5,svm_normalized,146,2.391242
5,svm_normalized,147,2.829284
5,svm_normalized,148,2.402460
5,svm_normalized,149,1.907190
5,svm_normalized,150,2.068315
5,svm_normalized,151,2.291030
5,svm_normalized,152,2.038467
5,svm_normalized,153,1.765367
5,svm_normalized,154,1.554115
5,svm_normalized,155,1.708107
5,svm_normalized,156,1.506537
5,svm_normalized,157,1.520610
5,svm_normalized,158,1.685414
5,svm_normalized,159,1.578382
5,svm_normalized,160,1.791617
5,svm_normalized,161,1.499544
5,svm_normalized,162,1.511367
5,svm_normalized,163,1.914626
5,svm_normalized,164,1.722804
5,svm_normalized,165,1.629826
5,svm_normalized,166,1.611440
5,svm_normalized,167,1.607285
5,svm_normalized,168,1.603727
5,svm_normalized,169,1.887003
5,svm_normalized,170,2.031101
5,svm_normalized,171,1.644907
5,svm_normalized,172,1.746112
5,svm_normalized,173,1.592674
5,svm_normalized,174,1.697442
5,svm_normalized,175,1.486952
5,svm_normalized,176,1.583076
5,svm_normalized,177,1.958712
5,svm_normalized,178,1.518886
5,svm_normalized,179,1.677888
5,svm_normalized,180,1.453545
5,svm_normalized,181,1.513691
5,svm_normalized,182,1.696927
5,svm_normalized,183,1.555693
5,svm_normalized,184,1.594092
5,svm_normalized,185,1.520821
5,svm_normalized,186,1.658143
5,svm_normalized,187,1.566676
5,svm_normalized,188,1.503899
5,svm_normalized,189,1.740679
5,svm_normalized,190,1.498255
5,svm_normalized,191,1.578350
5,svm_normalized,192,1.509204
5,svm_normalized,193,1.559214
5,svm_normalized,194,1.686315
5,svm_normalized,195,1.529823
5,svm_normalized,196,1.563980
5,svm_normalized,197,1.730769
5,svm_normalized,198,1.642075
5,svm_normalized,199,1.660870
5,svm_normalized,200,1.508428
5,svm_normalized,201,1.614123
5,svm_normalized,202,1.483775
5,svm_normalized,203,1.533205
5,svm_normalized,204,1.614118
5,svm_normalized,205,1.459959
5,svm_normalized,206,1.404435
5,svm_normalized,207,1.629954
5,svm_normalized,208,1.598870
5,svm_normalized,209,2.142318
5,svm_normalized,210,1.508479
5,svm_normalized,211,1.891367
5,svm_normalized,212,1.874682
5,svm_normalized,213,1.691952
5,svm_normalized,214,1.649576
5,svm_normalized,215,1.601392
5,svm_normalized,216,1.621132
5,svm_normalized,217,1.480823
5,svm_normalized,218,1.567311
5,svm_normalized,219,1.551003
5,svm_normalized,220,1.566269
5,svm_normalized,221,1.535515
5,svm_normalized,222,1.449978
5,svm_normalized,223,1.719827
5,svm_normalized,224,1.677848
5,svm_normalized,225,1.489523
5,svm_normalized,226,1.686815
5,svm_normalized,227,1.526614
5,svm_normalized,228,1.504919
5,svm_normalized,229,1.620765
5,svm_normalized,230,1.544449
5,svm_normalized,231,1.483930
5,svm_normalized,232,1.481294
5,svm_normalized,233,1.394056
5,svm_normalized,234,1.692353
5,svm_normalized,235,1.595060
5,svm_normalized,236,1.539828
5,svm_normalized,237,1.624019
5,svm_normalized,238,1.566551
5,svm_normalized,239,1.579632
5,svm_normalized,240,1.456784
5,svm_normalized,241,1.438884
5,svm_normalized,242,1.626452
5,svm_normalized,243,1.543285
5,svm_normalized,244,1.559468
5,svm_normalized,245,1.473476
5,svm_normalized,246,1.481748
5,svm_normalized,247,1.605266
5,svm_normalized,248,1.511653
5,svm_normalized,249,1.517698
5,svm_normalized,250,1.827227
5,svm_normalized,251,1.654683
5,svm_normalized,252,1.714162
5,svm_normalized,253,1.434601
5,svm_normalized,254,1.553143
5,svm_normalized,255,1.528539
5,svm_normalized,256,1.502905
5,svm_normalized,257,1.691423
5,svm_normalized,258,1.550704
5,svm_normalized,259,1.520896
5,svm_normalized,260,1.753899
5,svm_normalized,261,1.532096
5,svm_normalized,262,1.559779
5,signature_raw,0,0.009340
5,signature_raw,1,0.006197
5,signature_raw,2,0.004192
5,signature_raw,3,0.002073
5,signature_raw,4,0.004737
5,signature_raw,5,0.011264
5,signature_raw,6,0.003669
5,signature_raw,7,0.002596
5,signature_raw,8,0.003527
5,signature_raw,9,0.008264
5,signature_raw,10,0.008920
5,signature_raw,11,0.004041
5,signature_raw,12,0.003944
5,signature_raw,13,0.002383
5,signature_raw,14,0.003942
5,signature_raw,15,0.002878
5,signature_raw,16,0.003942
5,signature_raw,17,0.004133
5,signature_raw,18,0.020678
5,signature_raw,19,0.008202
5,signature_raw,20,0.008672
5,signature_raw,21,0.003057
5,signature_raw,22,0.008137
5,signature_raw,23,0.007523
5,signature_raw,24,0.008443
5,signature_raw,25,0.004193
5,signature_raw,26,0.007355
5,signature_raw,27,0.005629
5,signature_raw,28,0.003723
5,signature_raw,29,0.005896
5,signature_raw,30,0.003472
5,signature_raw,31,0.005321
5,signature_raw,32,0.007894
5,signature_raw,33,0.002860
5,signature_raw,34,0.003955
5,signature_raw,35,0.005429
5,signature_raw,36,0.003483
5,signature_raw,37,0.009174
5,signature_raw,38,0.007700
5,signature_raw,39,0.007515
5,signature_raw,40,0.005982
5,signature_raw,41,0.009370
5,signature_raw,42,0.003869
5,signature_raw,43,0.003602
5,signature_raw,44,0.010163
5,signature_raw,45,0.001514
5,signature_raw,46,0.004268
5,signature_raw,47,0.003079
5,signature_raw,48,0.008086
5,signature_raw,49,0.005552
5,signature_raw,50,0.002408
5,signature_raw,51,0.003659
5,signature_raw,52,0.006563
5,signature_raw,53,0.003432
5,signature_raw,54,0.003459
5,signature_raw,55,0.008564
5,signature_raw,56,0.003236
5,signature_raw,57,0.006332
5,signature_raw,58,0.008668
5,signature_raw,59,0.007958
5,signature_raw,60,0.008391
5,signature_raw,61,0.004070
5,signature_raw,62,0.005593
5,signature_raw,63,0.004442
5,signature_raw,64,0.003530
5,signature_raw,65,0.007425
5,signature_raw,66,0.007034
5,signature_raw,67,0.003295
5,signature_raw,68,0.006880
5,signature_raw,69,0.005985
5,signature_raw,70,0.005693
5,signature_raw,71,0.006076
5,signature_raw,72,0.006633
5,signature_raw,73,0.008455
5,signature_raw,74,0.007768
5,signature_raw,75,0.003917
5,signature_raw,76,0.007667
5,signature_raw,77,0.004166
5,signature_raw,78,0.001997
5,signature_raw,79,0.008190
5,signature_raw,80,0.009218
5,signature_raw,81,0.004685
5,signature_raw,82,0.014549
5,signature_raw,83,0.007651
5,signature_raw,84,0.010887
5,signature_raw,85,0.003247
5,signature_raw,86,0.003487
5,signature_raw,87,0.008729
5,signature_raw,88,0.008348
5,signature_raw,89,0.010645
5,signature_raw,90,0.008147
5,signature_raw,91,0.004109
5,signature_raw,92,0.003559
5,signature_raw,93,0.003247
5,signature_raw,94,0.006263
5,signature_raw,95,0.006450
5,signature_raw,96,0.006369
5,signature_raw,97,0.007064
5,signature_raw,98,0.003903
5,signature_raw,99,0.001184
5,signature_raw,100,0.003948
5,signature_raw,101,0.009500
5,signature_raw,102,0.002663
5,signature_raw,103,0.002952
5,signature_raw,104,0.002212
5,signature_raw,105,0.005694
5,signature_raw,106,0.007721
5,signature_raw,107,0.006195
5,signature_raw,108,0.006652
5,signature_raw,109,0.007916
5,signature_raw,110,0.011250
5,signature_raw,111,0.003718
5,signature_raw,112,0.006344
5,signature_raw,113,0.011397
5,signature_raw,114,0.004252
5,signature_raw,115,0.008900
5,signature_raw,116,0.008313
5,signature_raw,117,0.003404
5,signature_raw,118,0.006370
5,signature_raw,119,0.003741
5,signature_raw,120,0.003616
5,signature_raw,121,0.003554
5,signature_raw,122,0.006328
5,signature_raw,123,0.002991
5,signature_raw,124,0.002529
5,signature_raw,125,0.008764
5,signature_raw,126,0.003648
5,signature_raw,127,0.004181
5,signature_raw,128,0.003671
5,signature_raw,129,0.002650
5,signature_raw,130,0.006097
5,signature_raw,131,0.010577
5,signature_raw,132,0.030588
5,signature_raw,133,0.009710
5,signature_raw,134,0.003837
5,signature_raw,135,0.011433
5,signature_raw,136,0.005271
5,signature_raw,137,0.003942
5,signature_raw,138,0.009056
5,signature_raw,139,0.007843
5,signature_raw,140,0.003674
5,signature_raw,141,0.003760
5,signature_raw,142,0.005608
5,signature_raw,143,0.006831
5,signature_raw,144,0.003753
5,signature_raw,145,0.002313
5,signature_raw,146,0.004569
5,signature_raw,147,0.001539
5,signature_raw,148,0.003937
5,signature_raw,149,0.012017
5,signature_raw,150,0.005868
5,signature_raw,151,0.006560
5,signature_raw,152,0.003861
5,signature_raw,153,0.007693
5,signature_raw,154,0.006351
5,signature_raw,155,0.006828
5,signature_raw,156,0.010417
5,signature_raw,157,0.012052
5,signature_raw,158,0.012546
5,signature_raw,159,0.006522
5,signature_raw,160,0.020625
5,signature_raw,161,0.004073
5,signature_raw,162,0.006896
5,signature_raw,163,0.005382
5,signature_raw,164,0.006299
5,signature_raw,165,0.005837
5,signature_raw,166,0.008063
5,signature_raw,167,0.002516
5,signature_raw,168,0.003472
5,signature_raw,169,0.003826
5,signature_raw,170,0.003761
5,signature_raw,171,0.008670
5,signature_raw,172,0.005040
5,signature_raw,173,0.007403
5,signature_raw,174,0.004888
5,signature_raw,175,0.006720
5,signature_raw,176,0.007642
5,signature_raw,177,0.001608
5,signature_raw,178,0.007819
5,signature_raw,179,0.002782
5,signature_raw,180,0.003699
5,signature_raw,181,0.003350
5,signature_raw,182,0.004548
5,signature_raw,183,0.006999
5,signature_raw,184,0.004510
5,signature_raw,185,0.010454
5,signature_raw,186,0.018828
5,signature_raw,187,0.008662
5,signature_raw,188,0.006000
5,signature_raw,189,0.001748
5,signature_raw,190,0.004176
5,signature_raw,191,0.003889
5,signature_raw,192,0.002448
5,signature_raw,193,0.007547
5,signature_raw,194,0.002412
5,signature_raw,195,0.002438
5,signature_raw,196,0.007460
5,signature_raw,197,0.005376
5,signature_raw,198,0.007759
5,signature_raw,199,0.007583
5,signature_raw,200,0.007520
5,signature_raw,201,0.007069
5,signature_raw,202,0.007778
5,signature_raw,203,0.004427
5,signature_raw,204,0.007098
5,signature_raw,205,0.005386
5,signature_raw,206,0.006350
5,signature_raw,207,0.006644
5,signature_raw,208,0.001480
5,signature_raw,209,0.003950
5,signature_raw,210,0.006240
5,signature_raw,211,0.005501
5,signature_raw,212,0.002540
5,signature_raw,213,0.008649
5,signature_raw,214,0.005865
5,signature_raw,215,0.005866
5,signature_raw,216,0.008061
5,signature_raw,217,0.004577
5,signature_raw,218,0.002962
5,signature_raw,219,0.003106
5,signature_raw,220,0.002405
5,signature_raw,221,0.003398
5,signature_raw,222,0.004166
5,signature_raw,223,0.003217
5,signature_raw,224,0.009799
5,signature_raw,225,0.002339
5,signature_raw,226,0.007975
5,signature_raw,227,0.006137
5,signature_raw,228,0.002368
5,signature_raw,229,0.007104
5,signature_raw,230,0.007904
5,signature_raw,231,0.003380
5,signature_raw,232,0.006127
5,signature_raw,233,0.003372
5,signature_raw,234,0.002372
5,signature_raw,235,0.011756
5,signature_raw,236,0.003260
5,signature_raw,237,0.003250
5,signature_raw,238,0.003773
5,signature_raw,239,0.006439
5,signature_raw,240,0.001945
5,signature_raw,241,0.009204
5,signature_raw,242,0.009528
5,signature_raw,243,0.008854
5,signature_raw,244,0.009162
5,signature_raw,245,0.001587
5,signature_raw,246,0.005454
5,signature_raw,247,0.001498
5,signature_raw,248,0.009328
5,signature_raw,249,0.006106
5,signature_raw,250,0.003731
5,signature_raw,251,0.007061
5,signature_raw,252,0.003282
5,signature_raw,253,0.007449
5,signature_raw,254,0.002394
5,signature_raw,255,0.007045
5,signature_raw,256,0.005836
5,signature_raw,257,0.005430
5,signature_raw,258,0.003745
5,signature_raw,259,0.003306
5,signature_raw,260,0.005830
5,signature_raw,261,0.008332
5,signature_raw,262,0.007332
5,signature_normalized,0,0.015615
5,signature_normalized,1,0.010469
5,signature_normalized,2,0.006135
5,signature_normalized,3,0.004211
5,signature_normalized,4,0.008080
5,signature_normalized,5,0.013731
5,signature_normalized,6,0.005882
5,signature_normalized,7,0.004629
5,signature_normalized,8,0.005186
5,signature_normalized,9,0.016017
5,signature_normalized,10,0.038725
5,signature_normalized,11,0.010823
5,signature_normalized,12,0.006877
5,signature_normalized,13,0.005589
5,signature_normalized,14,0.006595
5,signature_normalized,15,0.005739
5,signature_normalized,16,0.005893
5,signature_normalized,17,0.006043
5,signature_normalized,18,0.023130
5,signature_normalized,19,0.016807
5,signature_normalized,20,0.016035
5,signature_normalized,21,0.006796
5,signature_normalized,22,0.015493
5,signature_normalized,23,0.009478
5,signature_normalized,24,0.015632
5,signature_normalized,25,0.005998
5,signature_normalized,26,0.014130
5,signature_normalized,27,0.011237
5,signature_normalized,28,0.006172
5,signature_normalized,29,0.010308
5,signature_normalized,30,0.005273
5,signature_normalized,31,0.007609
5,signature_normalized,32,0.009613
5,signature_normalized,33,0.006001
5,signature_normalized,34,0.005922
5,signature_normalized,35,0.009060
5,signature_normalized,36,0.005144
5,signature_normalized,37,0.011148
5,signature_normalized,38,0.030667
5,signature_normalized,39,0.014591
5,signature_normalized,40,0.011165
5,signature_normalized,41,0.016690
5,signature_normalized,42,0.005513
5,signature_normalized,43,0.005327
5,signature_normalized,44,0.019859
5,signature_normalized,45,0.004063
5,signature_normalized,46,0.006718
5,signature_normalized,47,0.004733
5,signature_normalized,48,0.032046
5,signature_normalized,49,0.011665
5,signature_normalized,50,0.004754
5,signature_normalized,51,0.006167
5,signature_normalized,52,0.011665
5,signature_normalized,53,0.005850
5,signature_normalized,54,0.005702
5,signature_normalized,55,0.015005
5,signature_normalized,56,0.005362
5,signature_normalized,57,0.010485
5,signature_normalized,58,0.015738
5,signature_normalized,59,0.013218
5,signature_normalized,60,0.013813
5,signature_normalized,61,0.005895
5,signature_normalized,62,0.007552
5,signature_normalized,63,0.006073
5,signature_normalized,64,0.005661
5,signature_normalized,65,0.014332
5,signature_normalized,66,0.012274
5,signature_normalized,67,0.005340
5,signature_normalized,68,0.008836
5,signature_normalized,69,0.010806
5,signature_normalized,70,0.009921
5,signature_normalized,71,0.008085
5,signature_normalized,72,0.011444
5,signature_normalized,73,0.011130
5,signature_normalized,74,0.009974
5,signature_normalized,75,0.010450
5,signature_normalized,76,0.012970
5,signature_normalized,77,0.005863
5,signature_normalized,78,0.005019
5,signature_normalized,79,0.013244
5,signature_normalized,80,0.015790
5,signature_normalized,81,0.007770
5,signature_normalized,82,0.012702
5,signature_normalized,83,0.013290
5,signature_normalized,84,0.013376
5,signature_normalized,85,0.005306
5,signature_normalized,86,0.005770
5,signature_normalized,87,0.015065
5,signature_normalized,88,0.010515
5,signature_normalized,89,0.020993
5,signature_normalized,90,0.010625
5,signature_normalized,91,0.006010
5,signature_normalized,92,0.005710
5,signature_normalized,93,0.005450
5,signature_normalized,94,0.008325
5,signature_normalized,95,0.010760
5,signature_normalized,96,0.011204
5,signature_normalized,97,0.012673
5,signature_normalized,98,0.005550
5,signature_normalized,99,0.003392
5,signature_normalized,100,0.005651
5,signature_normalized,101,0.017128
5,signature_normalized,102,0.005732
5,signature_normalized,103,0.004799
5,signature_normalized,104,0.007207
5,signature_normalized,105,0.011140
5,signature_normalized,106,0.040810
5,signature_normalized,107,0.016563
5,signature_normalized,108,0.011885
5,signature_normalized,109,0.013369
5,signature_normalized,110,0.017322
5,signature_normalized,111,0.006030
5,signature_normalized,112,0.009856
5,signature_normalized,113,0.014144
5,signature_normalized,114,0.005508
5,signature_normalized,115,0.011027
5,signature_normalized,116,0.015873
5,signature_normalized,117,0.005487
5,signature_normalized,118,0.008234
5,signature_normalized,119,0.005296
5,signature_normalized,120,0.005111
5,signature_normalized,121,0.005528
5,signature_normalized,122,0.010205
5,signature_normalized,123,0.004978
5,signature_normalized,124,0.005175
5,signature_normalized,125,0.015128
5,signature_normalized,126,0.007028
5,signature_normalized,127,0.005831
5,signature_normalized,128,0.006423
5,signature_normalized,129,0.005093
5,signature_normalized,130,0.010436
5,signature_normalized,131,0.012734
5,signature_normalized,132,0.006068
5,signature_normalized,133,0.012815
5,signature_normalized,134,0.005040
5,signature_normalized,135,0.019939
5,signature_normalized,136,0.006880
5,signature_normalized,137,0.005775
5,signature_normalized,138,0.014958
5,signature_normalized,139,0.050212
5,signature_normalized,140,0.010881
5,signature_normalized,141,0.007308
5,signature_normalized,142,0.008695
5,signature_normalized,143,0.012160
5,signature_normalized,144,0.005589
5,signature_normalized,145,0.004502
5,signature_normalized,146,0.008412
5,signature_normalized,147,0.003723
5,signature_normalized,148,0.005375
5,signature_normalized,149,0.022029
5,signature_normalized,150,0.009529
5,signature_normalized,151,0.006289
5,signature_normalized,152,0.005808
5,signature_normalized,153,0.012470
5,signature_normalized,154,0.010715
5,signature_normalized,155,0.011478
5,signature_normalized,156,0.018175
5,signature_normalized,157,0.014474
5,signature_normalized,158,0.014823
5,signature_normalized,159,0.010642
5,signature_normalized,160,0.023859
5,signature_normalized,161,0.005685
5,signature_normalized,162,0.010577
5,signature_normalized,163,0.007778
5,signature_normalized,164,0.005642
5,signature_normalized,165,0.009015
5,signature_normalized,166,0.013327
5,signature_normalized,167,0.004414
5,signature_normalized,168,0.005103
5,signature_normalized,169,0.005692
5,signature_normalized,170,0.010236
5,signature_normalized,171,0.014727
5,signature_normalized,172,0.008915
5,signature_normalized,173,0.009409
5,signature_normalized,174,0.008004
5,signature_normalized,175,0.010636
5,signature_normalized,176,0.009509
5,signature_normalized,177,0.003456
5,signature_normalized,178,0.012682
5,signature_normalized,179,0.005266
5,signature_normalized,180,0.006125
5,signature_normalized,181,0.004988
5,signature_normalized,182,0.006397
5,signature_normalized,183,0.011041
5,signature_normalized,184,0.006250
5,signature_normalized,185,0.012846
5,signature_normalized,186,0.021995
5,signature_normalized,187,0.010572
5,signature_normalized,188,0.010051
5,signature_normalized,189,0.003775
5,signature_normalized,190,0.005641
5,signature_normalized,191,0.005833
5,signature_normalized,192,0.004779
5,signature_normalized,193,0.013751
5,signature_normalized,194,0.005660
5,signature_normalized,195,0.004603
5,signature_normalized,196,0.013246
5,signature_normalized,197,0.009180
5,signature_normalized,198,0.012792
5,signature_normalized,199,0.009863
5,signature_normalized,200,0.009753
5,signature_normalized,201,0.013483
5,signature_normalized,202,0.037085
5,signature_normalized,203,0.014449
5,signature_normalized,204,0.014955
5,signature_normalized,205,0.008290
5,signature_normalized,206,0.011160
5,signature_normalized,207,0.012028
5,signature_normalized,208,0.003910
5,signature_normalized,209,0.005831
5,signature_normalized,210,0.008296
5,signature_normalized,211,0.009229
5,signature_normalized,212,0.005615
5,signature_normalized,213,0.011711
5,signature_normalized,214,0.010654
5,signature_normalized,215,0.010327
5,signature_normalized,216,0.016810
5,signature_normalized,217,0.009322
5,signature_normalized,218,0.006766
5,signature_normalized,219,0.005783
5,signature_normalized,220,0.005076
5,signature_normalized,221,0.005822
5,signature_normalized,222,0.006395
5,signature_normalized,223,0.006851
5,signature_normalized,224,0.013494
5,signature_normalized,225,0.005122
5,signature_normalized,226,0.011082
5,signature_normalized,227,0.011001
5,signature_normalized,228,0.005392
5,signature_normalized,229,0.012977
5,signature_normalized,230,0.014677
5,signature_normalized,231,0.005538
5,signature_normalized,232,0.010159
5,signature_normalized,233,0.006057
5,signature_normalized,234,0.005341
5,signature_normalized,235,0.014527
5,signature_normalized,236,0.005749
5,signature_normalized,237,0.005670
5,signature_normalized,238,0.006125
5,signature_normalized,239,0.012176
5,signature_normalized,240,0.005778
5,signature_normalized,241,0.012169
5,signature_normalized,242,0.012743
5,signature_normalized,243,0.005837
5,signature_normalized,244,0.016376
5,signature_normalized,245,0.004067
5,signature_normalized,246,0.009311
5,signature_normalized,247,0.004605
5,signature_normalized,248,0.017810
5,signature_normalized,249,0.010439
5,signature_normalized,250,0.005972
5,signature_normalized,251,0.013311
5,signature_normalized,252,0.005747
5,signature_normalized,253,0.013242
5,signature_normalized,254,0.004896
5,signature_normalized,255,0.019885
5,signature_normalized,256,0.011066
5,signature_normalized,257,0.007790
5,signature_normalized,258,0.005879
5,signature_normalized,259,0.005784
5,signature_normalized,260,0.010107
5,signature_normalized,261,0.014407
5,signature_normalized,262,0.013927
5,svm_normalized_uncalibrated,0,0.384336
5,svm_normalized_uncalibrated,1,0.408051
5,svm_normalized_uncalibrated,2,0.367695
5,svm_normalized_uncalibrated,3,0.388009
5,svm_normalized_uncalibrated,4,0.326614
5,svm_normalized_uncalibrated,5,0.412771
5,svm_normalized_uncalibrated,6,0.329019
5,svm_normalized_uncalibrated,7,0.351816
5,svm_normalized_uncalibrated,8,0.361318
5,svm_normalized_uncalibrated,9,0.364694
5,svm_normalized_uncalibrated,10,0.349721
5,svm_normalized_uncalibrated,11,0.364197
5,svm_normalized_uncalibrated,12,0.387954
5,svm_normalized_uncalibrated,13,0.366423
5,svm_normalized_uncalibrated,14,0.376366
5,svm_normalized_uncalibrated,15,0.335955
5,svm_normalized_uncalibrated,16,0.351634
5,svm_normalized_uncalibrated,17,0.354127
5,svm_normalized_uncalibrated,18,0.437791
5,svm_normalized_uncalibrated,19,0.397008
5,svm_normalized_uncalibrated,20,0.325960
5,svm_normalized_uncalibrated,21,0.313790
5,svm_normalized_uncalibrated,22,0.388397
5,svm_normalized_uncalibrated,23,0.569547
5,svm_normalized_uncalibrated,24,0.543907
5,svm_normalized_uncalibrated,25,0.374704
5,svm_normalized_uncalibrated,26,0.393757
5,svm_normalized_uncalibrated,27,0.347027
5,svm_normalized_uncalibrated,28,0.328109
5,svm_normalized_uncalibrated,29,0.386523
5,svm_normalized_uncalibrated,30,0.326301
5,svm_normalized_uncalibrated,31,0.378544
5,svm_normalized_uncalibrated,32,0.386761
5,svm_normalized_uncalibrated,33,0.428852
5,svm_normalized_uncalibrated,34,0.449781
5,svm_normalized_uncalibrated,35,0.351259
5,svm_normalized_uncalibrated,36,0.323762
5,svm_normalized_uncalibrated,37,0.395920
5,svm_normalized_uncalibrated,38,0.517774
5,svm_normalized_uncalibrated,39,0.420678
5,svm_normalized_uncalibrated,40,0.364400
5,svm_normalized_uncalibrated,41,0.376826
5,svm_normalized_uncalibrated,42,0.375083
5,svm_normalized_uncalibrated,43,0.415765
5,svm_normalized_uncalibrated,44,0.459953
5,svm_normalized_uncalibrated,45,0.344303
5,svm_normalized_uncalibrated,46,0.320429
5,svm_normalized_uncalibrated,47,0.409931
5,svm_normalized_uncalibrated,48,0.357981
5,svm_normalized_uncalibrated,49,0.345109
5,svm_normalized_uncalibrated,50,0.362312
5,svm_normalized_uncalibrated,51,0.304450
5,svm_normalized_uncalibrated,52,0.397205
5,svm_normalized_uncalibrated,53,0.390745
5,svm_normalized_uncalibrated,54,0.348358
5,svm_normalized_uncalibrated,55,0.468756
5,svm_normalized_uncalibrated,56,0.335514
5,svm_normalized_uncalibrated,57,0.332171
5,svm_normalized_uncalibrated,58,0.391612
5,svm_normalized_uncalibrated,59,0.340180
5,svm_normalized_uncalibrated,60,0.339048
5,svm_normalized_uncalibrated,61,0.360177
5,svm_normalized_uncalibrated,62,0.321302
5,svm_normalized_uncalibrated,63,0.327518
5,svm_normalized_uncalibrated,64,0.359160
5,svm_normalized_uncalibrated,65,0.407983
5,svm_normalized_uncalibrated,66,0.372494
5,svm_normalized_uncalibrated,67,0.327944
5,svm_normalized_uncalibrated,68,0.347519
5,svm_normalized_uncalibrated,69,0.373195
5,svm_normalized_uncalibrated,70,0.326700
5,svm_normalized_uncalibrated,71,0.318132
5,svm_normalized_uncalibrated,72,0.362814
5,svm_normalized_uncalibrated,73,0.350245
5,svm_normalized_uncalibrated,74,0.335196
5,svm_normalized_uncalibrated,75,0.349956
5,svm_normalized_uncalibrated,76,0.411127
5,svm_normalized_uncalibrated,77,0.441092
5,svm_normalized_uncalibrated,78,0.358873
5,svm_normalized_uncalibrated,79,0.337149
5,svm_normalized_uncalibrated,80,0.362306
5,svm_normalized_uncalibrated,81,0.336244
5,svm_normalized_uncalibrated,82,0.342786
5,svm_normalized_uncalibrated,83,0.366313
5,svm_normalized_uncalibrated,84,0.378351
5,svm_normalized_uncalibrated,85,0.330696
5,svm_normalized_uncalibrated,86,0.357852
5,svm_normalized_uncalibrated,87,0.406188
5,svm_normalized_uncalibrated,88,0.410438
5,svm_normalized_uncalibrated,89,0.364815
5,svm_normalized_uncalibrated,90,0.348303
5,svm_normalized_uncalibrated,91,0.358451
5,svm_normalized_uncalibrated,92,0.314396
5,svm_normalized_uncalibrated,93,0.308164
5,svm_normalized_uncalibrated,94,0.356009
5,svm_normalized_uncalibrated,95,0.356690
5,svm_normalized_uncalibrated,96,0.332246
5,svm_normalized_uncalibrated,97,0.364469
5,svm_normalized_uncalibrated,98,0.368381
5,svm_normalized_uncalibrated,99,0.359780
5,svm_normalized_uncalibrated,100,0.401868
5,svm_normalized_uncalibrated,101,0.327274
5,svm_normalized_uncalibrated,102,0.414104
5,svm_normalized_uncalibrated,103,0.380308
5,svm_normalized_uncalibrated,104,0.348086
5,svm_normalized_uncalibrated,105,0.403557
5,svm_normalized_uncalibrated,106,0.331094
5,svm_normalized_uncalibrated,107,0.327549
5,svm_normalized_uncalibrated,108,0.374219
5,svm_normalized_uncalibrated,109,0.400590
5,svm_normalized_uncalibrated,110,0.422986
5,svm_normalized_uncalibrated,111,0.359047
5,svm_normalized_uncalibrated,112,0.334382
5,svm_normalized_uncalibrated,113,0.379096
5,svm_normalized_uncalibrated,114,0.313590
5,svm_normalized_uncalibrated,115,0.347332
5,svm_normalized_uncalibrated,116,0.389496
5,svm_normalized_uncalibrated,117,0.323439
5,svm_normalized_uncalibrated,118,0.328681
5,svm_normalized_uncalibrated,119,0.347682
5,svm_normalized_uncalibrated,120,0.439057
5,svm_normalized_uncalibrated,121,0.370828
5,svm_normalized_uncalibrated,122,0.387497
5,svm_normalized_uncalibrated,123,0.304346
5,svm_normalized_uncalibrated,124,0.366423
5,svm_normalized_uncalibrated,125,0.361118
5,svm_normalized_uncalibrated,126,0.342520
5,svm_normalized_uncalibrated,127,0.372717
5,svm_normalized_uncalibrated,128,0.327699
5,svm_normalized_uncalibrated,129,0.327026
5,svm_normalized_uncalibrated,130,0.375771
5,svm_normalized_uncalibrated,131,0.395491
5,svm_normalized_uncalibrated,132,0.347643
5,svm_normalized_uncalibrated,133,0.409269
5,svm_normalized_uncalibrated,134,0.344225
5,svm_normalized_uncalibrated,135,0.380588
5,svm_normalized_uncalibrated,136,0.337273
5,svm_normalized_uncalibrated,137,0.921874
5,svm_normalized_uncalibrated,138,0.411070
5,svm_normalized_uncalibrated,139,0.445721
5,svm_normalized_uncalibrated,140,0.414104
5,svm_normalized_uncalibrated,141,0.380928
5,svm_normalized_uncalibrated,142,0.434421
5,svm_normalized_uncalibrated,143,0.363809
5,svm_normalized_uncalibrated,144,0.373482
5,svm_normalized_uncalibrated,145,0.334114
5,svm_normalized_uncalibrated,146,0.326443
5,svm_normalized_uncalibrated,147,0.363562
5,svm_normalized_uncalibrated,148,0.358844
5,svm_normalized_uncalibrated,149,0.351377
5,svm_normalized_uncalibrated,150,0.365498
5,svm_normalized_uncalibrated,151,0.386918
5,svm_normalized_uncalibrated,152,0.346241
5,svm_normalized_uncalibrated,153,0.400672
5,svm_normalized_uncalibrated,154,0.332477
5,svm_normalized_uncalibrated,155,0.357945
5,svm_normalized_uncalibrated,156,0.337475
5,svm_normalized_uncalibrated,157,0.357519
5,svm_normalized_uncalibrated,158,0.710721
5,svm_normalized_uncalibrated,159,0.381578
5,svm_normalized_uncalibrated,160,0.553220
5,svm_normalized_uncalibrated,161,0.421286
5,svm_normalized_uncalibrated,162,0.409831
5,svm_normalized_uncalibrated,163,0.352243
5,svm_normalized_uncalibrated,164,0.352698
5,svm_normalized_uncalibrated,165,0.672617
5,svm_normalized_uncalibrated,166,0.461096
5,svm_normalized_uncalibrated,167,0.367530
5,svm_normalized_uncalibrated,168,0.337351
5,svm_normalized_uncalibrated,169,0.364923
5,svm_normalized_uncalibrated,170,0.404337
5,svm_normalized_uncalibrated,171,0.369651
5,svm_normalized_uncalibrated,172,0.383305
5,svm_normalized_uncalibrated,173,0.327503
5,svm_normalized_uncalibrated,174,0.323477
5,svm_normalized_uncalibrated,175,0.685709
5,svm_normalized_uncalibrated,176,0.436951
5,svm_normalized_uncalibrated,177,0.363014
5,svm_normalized_uncalibrated,178,0.348125
5,svm_normalized_uncalibrated,179,0.364166
5,svm_normalized_uncalibrated,180,0.393033
5,svm_normalized_uncalibrated,181,0.362202
5,svm_normalized_uncalibrated,182,0.383363
5,svm_normalized_uncalibrated,183,0.329528
5,svm_normalized_uncalibrated,184,0.320684
5,svm_normalized_uncalibrated,185,0.402459
5,svm_normalized_uncalibrated,186,0.380045
5,svm_normalized_uncalibrated,187,0.392678
5,svm_normalized_uncalibrated,188,1.029997
5,svm_normalized_uncalibrated,189,0.583481
5,svm_normalized_uncalibrated,190,0.404317
5,svm_normalized_uncalibrated,191,0.338143
5,svm_normalized_uncalibrated,192,0.350915
5,svm_normalized_uncalibrated,193,0.396728
5,svm_normalized_uncalibrated,194,0.356336
5,svm_normalized_uncalibrated,195,0.345787
5,svm_normalized_uncalibrated,196,0.660054
5,svm_normalized_uncalibrated,197,0.502910
5,svm_normalized_uncalibrated,198,0.464320
5,svm_normalized_uncalibrated,199,0.376473
5,svm_normalized_uncalibrated,200,0.431277
5,svm_normalized_uncalibrated,201,0.378621
5,svm_normalized_uncalibrated,202,0.409160
5,svm_normalized_uncalibrated,203,0.351847
5,svm_normalized_uncalibrated,204,0.367863
5,svm_normalized_uncalibrated,205,0.394030
5,svm_normalized_uncalibrated,206,0.341633
5,svm_normalized_uncalibrated,207,0.348615
5,svm_normalized_uncalibrated,208,0.454692
5,svm_normalized_uncalibrated,209,0.368198
5,svm_normalized_uncalibrated,210,0.392339
5,svm_normalized_uncalibrated,211,0.375585
5,svm_normalized_uncalibrated,212,0.385745
5,svm_normalized_uncalibrated,213,0.406492
5,svm_normalized_uncalibrated,214,0.347565
5,svm_normalized_uncalibrated,215,0.378727
5,svm_normalized_uncalibrated,216,0.752524
5,svm_normalized_uncalibrated,217,0.434880
5,svm_normalized_uncalibrated,218,1.190769
5,svm_normalized_uncalibrated,219,0.396780
5,svm_normalized_uncalibrated,220,0.405338
5,svm_normalized_uncalibrated,221,0.336931
5,svm_normalized_uncalibrated,222,0.355555
5,svm_normalized_uncalibrated,223,0.418409
5,svm_normalized_uncalibrated,224,0.358495
5,svm_normalized_uncalibrated,225,0.395093
5,svm_normalized_uncalibrated,226,0.419216
5,svm_normalized_uncalibrated,227,0.396459
5,svm_normalized_uncalibrated,228,0.399469
5,svm_normalized_uncalibrated,229,0.332154
5,svm_normalized_uncalibrated,230,0.619235
5,svm_normalized_uncalibrated,231,0.377016
5,svm_normalized_uncalibrated,232,0.414083
5,svm_normalized_uncalibrated,233,0.714047
5,svm_normalized_uncalibrated,234,0.499608
5,svm_normalized_uncalibrated,235,0.476214
5,svm_normalized_uncalibrated,236,0.373523
5,svm_normalized_uncalibrated,237,0.334206
5,svm_normalized_uncalibrated,238,0.337389
5,svm_normalized_uncalibrated,239,0.396878
5,svm_normalized_uncalibrated,240,0.344233
5,svm_normalized_uncalibrated,241,0.351487
5,svm_normalized_uncalibrated,242,0.395034
5,svm_normalized_uncalibrated,243,0.390799
5,svm_normalized_uncalibrated,244,0.407404
5,svm_normalized_uncalibrated,245,0.384633
5,svm_normalized_uncalibrated,246,0.341883
5,svm_normalized_uncalibrated,247,0.397488
5,svm_normalized_uncalibrated,248,0.389994
5,svm_normalized_uncalibrated,249,0.501672
5,svm_normalized_uncalibrated,250,0.339732
5,svm_normalized_uncalibrated,251,0.340565
5,svm_normalized_uncalibrated,252,0.366566
5,svm_normalized_uncalibrated,253,0.347162
5,svm_normalized_uncalibrated,254,0.346302
5,svm_normalized_uncalibrated,255,0.374655
5,svm_normalized_uncalibrated,256,0.392403
5,svm_normalized_uncalibrated,257,0.509560
5,svm_normalized_uncalibrated,258,0.410520
5,svm_normalized_uncalibrated,259,0.698754
5,svm_normalized_uncalibrated,260,0.358310
5,svm_normalized_uncalibrated,261,0.410836
5,svm_normalized_uncalibrated,262,0.385036
