session,config,call_index,ms
1,logistic_regression_normalized,0,0.968111
1,logistic_regression_normalized,1,0.958136
1,logistic_regression_normalized,2,0.972519
1,logistic_regression_normalized,3,0.942150
1,logistic_regression_normalized,4,0.959845
1,logistic_regression_normalized,5,0.982024
1,logistic_regression_normalized,6,0.970842
1,logistic_regression_normalized,7,0.950068
1,logistic_regression_normalized,8,0.966823
1,logistic_regression_normalized,9,0.973977
1,logistic_regression_normalized,10,0.978275
1,logistic_regression_normalized,11,0.972693
1,logistic_regression_normalized,12,0.960714
1,logistic_regression_normalized,13,0.969400
1,logistic_regression_normalized,14,0.950451
1,logistic_regression_normalized,15,0.992176
1,logistic_regression_normalized,16,0.949962
1,logistic_regression_normalized,17,0.954480
1,logistic_regression_normalized,18,1.032749
1,logistic_regression_normalized,19,0.973969
1,logistic_regression_normalized,20,0.978338
1,logistic_regression_normalized,21,0.937846
1,logistic_regression_normalized,22,0.959405
1,logistic_regression_normalized,23,0.977386
1,logistic_regression_normalized,24,0.972940
1,logistic_regression_normalized,25,0.947698
1,logistic_regression_normalized,26,0.967614
1,logistic_regression_normalized,27,0.961644
1,logistic_regression_normalized,28,0.948998
1,logistic_regression_normalized,29,0.959575
1,logistic_regression_normalized,30,0.947346
1,logistic_regression_normalized,31,0.966042
1,logistic_regression_normalized,32,0.970837
1,logistic_regression_normalized,33,0.979357
1,logistic_regression_normalized,34,0.951871
1,logistic_regression_normalized,35,0.960977
1,logistic_regression_normalized,36,0.951001
1,logistic_regression_normalized,37,0.976992
1,logistic_regression_normalized,38,0.977991
1,logistic_regression_normalized,39,0.968336
1,logistic_regression_normalized,40,0.958567
1,logistic_regression_normalized,41,0.979031
1,logistic_regression_normalized,42,0.949095
1,logistic_regression_normalized,43,0.946447
1,logistic_regression_normalized,44,0.984863
1,logistic_regression_normalized,45,0.962536
1,logistic_regression_normalized,46,0.947778
1,logistic_regression_normalized,47,0.951898
1,logistic_regression_normalized,48,0.976468
1,logistic_regression_normalized,49,0.961559
1,logistic_regression_normalized,50,0.946395
1,logistic_regression_normalized,51,0.950658
1,logistic_regression_normalized,52,0.974131
1,logistic_regression_normalized,53,0.944616
1,logistic_regression_normalized,54,0.951955
1,logistic_regression_normalized,55,0.968302
1,logistic_regression_normalized,56,0.950991
1,logistic_regression_normalized,57,0.958683
1,logistic_regression_normalized,58,0.969661
1,logistic_regression_normalized,59,0.969360
1,logistic_regression_normalized,60,0.972685
1,logistic_regression_normalized,61,0.954042
1,logistic_regression_normalized,62,0.964143
1,logistic_regression_normalized,63,0.951283
1,logistic_regression_normalized,64,0.949483
1,logistic_regression_normalized,65,0.971069
1,logistic_regression_normalized,66,0.968975
1,logistic_regression_normalized,67,0.952727
1,logistic_regression_normalized,68,0.976134
1,logistic_regression_normalized,69,0.962014
1,logistic_regression_normalized,70,0.963738
1,logistic_regression_normalized,71,0.954801
1,logistic_regression_normalized,72,0.959138
1,logistic_regression_normalized,73,0.983140
1,logistic_regression_normalized,74,0.969407
1,logistic_regression_normalized,75,0.944846
1,logistic_regression_normalized,76,0.969380
1,logistic_regression_normalized,77,0.952634
1,logistic_regression_normalized,78,0.955201
1,logistic_regression_normalized,79,0.950753
1,logistic_regression_normalized,80,0.698614
1,logistic_regression_normalized,81,0.686691
1,logistic_regression_normalized,82,0.695679
1,logistic_regression_normalized,83,0.686748
1,logistic_regression_normalized,84,0.725628
1,logistic_regression_normalized,85,0.684442
1,logistic_regression_normalized,86,0.680232
1,logistic_regression_normalized,87,0.682375
1,logistic_regression_normalized,88,0.696946
1,logistic_regression_normalized,89,0.683192
1,logistic_regression_normalized,90,0.680452
1,logistic_regression_normalized,91,0.663239
1,logistic_regression_normalized,92,0.662054
1,logistic_regression_normalized,93,0.663598
1,logistic_regression_normalized,94,0.670602
1,logistic_regression_normalized,95,0.664814
1,logistic_regression_normalized,96,0.678589
1,logistic_regression_normalized,97,0.679036
1,logistic_regression_normalized,98,0.661979
1,logistic_regression_normalized,99,0.670292
1,logistic_regression_normalized,100,0.659800
1,logistic_regression_normalized,101,0.668471
1,logistic_regression_normalized,102,0.649911
1,logistic_regression_normalized,103,0.659334
1,logistic_regression_normalized,104,0.658935
1,logistic_regression_normalized,105,0.704906
1,logistic_regression_normalized,106,0.677571
1,logistic_regression_normalized,107,0.665219
1,logistic_regression_normalized,108,0.668856
1,logistic_regression_normalized,109,0.677068
1,logistic_regression_normalized,110,0.680366
1,logistic_regression_normalized,111,0.664622
1,logistic_regression_normalized,112,0.672365
1,logistic_regression_normalized,113,0.677257
1,logistic_regression_normalized,114,0.665782
1,logistic_regression_normalized,115,0.678314
1,logistic_regression_normalized,116,0.670843
1,logistic_regression_normalized,117,0.663155
1,logistic_regression_normalized,118,0.675095
1,logistic_regression_normalized,119,0.656439
1,logistic_regression_normalized,120,0.660728
1,logistic_regression_normalized,121,0.662522
1,logistic_regression_normalized,122,0.668355
1,logistic_regression_normalized,123,0.654522
1,logistic_regression_normalized,124,0.722433
1,logistic_regression_normalized,125,0.688526
1,logistic_regression_normalized,126,0.678431
1,logistic_regression_normalized,127,0.666528
1,logistic_regression_normalized,128,0.663417
1,logistic_regression_normalized,129,0.672390
1,logistic_regression_normalized,130,0.695229
1,logistic_regression_normalized,131,0.679719
1,logistic_regression_normalized,132,0.661455
1,logistic_regression_normalized,133,0.681460
1,logistic_regression_normalized,134,0.685495
1,logistic_regression_normalized,135,0.677206
1,logistic_regression_normalized,136,0.679412
1,logistic_regression_normalized,137,0.666497
1,logistic_regression_normalized,138,0.673910
1,logistic_regression_normalized,139,0.675732
1,logistic_regression_normalized,140,0.665791
1,logistic_regression_normalized,141,0.666177
1,logistic_regression_normalized,142,0.654083
1,logistic_regression_normalized,143,0.659502
1,logistic_regression_normalized,144,0.642447
1,logistic_regression_normalized,145,0.652663
1,logistic_regression_normalized,146,0.681846
1,logistic_regression_normalized,147,0.663488
1,logistic_regression_normalized,148,0.664253
1,logistic_regression_normalized,149,0.683679
1,logistic_regression_normalized,150,0.678053
1,logistic_regression_normalized,151,0.671830
1,logistic_regression_normalized,152,1.017370
1,logistic_regression_normalized,153,0.726847
1,logistic_regression_normalized,154,0.718229
1,logistic_regression_normalized,155,0.741545
1,logistic_regression_normalized,156,0.791981
1,logistic_regression_normalized,157,0.769167
1,logistic_regression_normalized,158,0.802763
1,logistic_regression_normalized,159,0.791492
1,logistic_regression_normalized,160,0.839082
1,logistic_regression_normalized,161,0.782203
1,logistic_regression_normalized,162,0.788478
1,logistic_regression_normalized,163,0.827940
1,logistic_regression_normalized,164,0.814142
1,logistic_regression_normalized,165,0.818802
1,logistic_regression_normalized,166,0.802391
1,logistic_regression_normalized,167,0.780463
1,logistic_regression_normalized,168,0.841418
1,logistic_regression_normalized,169,0.777651
1,logistic_regression_normalized,170,0.784047
1,logistic_regression_normalized,171,0.799577
1,logistic_regression_normalized,172,0.789610
1,logistic_regression_normalized,173,0.797350
1,logistic_regression_normalized,174,0.786922
1,logistic_regression_normalized,175,0.809084
1,logistic_regression_normalized,176,0.807565
1,logistic_regression_normalized,177,0.790195
1,logistic_regression_normalized,178,0.804835
1,logistic_regression_normalized,179,0.752116
1,logistic_regression_normalized,180,0.760802
1,logistic_regression_normalized,181,0.759918
1,logistic_regression_normalized,182,0.768082
1,logistic_regression_normalized,183,0.762027
1,logistic_regression_normalized,184,0.760967
1,logistic_regression_normalized,185,0.784349
1,logistic_regression_normalized,186,0.815300
1,logistic_regression_normalized,187,0.787407
1,logistic_regression_normalized,188,0.763394
1,logistic_regression_normalized,189,0.764516
1,logistic_regression_normalized,190,0.760008
1,logistic_regression_normalized,191,0.758391
1,logistic_regression_normalized,192,0.765345
1,logistic_regression_normalized,193,0.778065
1,logistic_regression_normalized,194,0.776156
1,logistic_regression_normalized,195,0.778804
1,logistic_regression_normalized,196,0.772047
1,logistic_regression_normalized,197,0.768394
1,logistic_regression_normalized,198,0.774713
1,logistic_regression_normalized,199,0.778099
1,logistic_regression_normalized,200,0.782398
1,logistic_regression_normalized,201,0.770397
1,logistic_regression_normalized,202,0.777743
1,logistic_regression_normalized,203,0.769989
1,logistic_regression_normalized,204,0.777244
1,logistic_regression_normalized,205,0.766251
1,logistic_regression_normalized,206,0.777957
1,logistic_regression_normalized,207,0.755001
1,logistic_regression_normalized,208,0.740024
1,logistic_regression_normalized,209,0.733734
1,logistic_regression_normalized,210,0.754514
1,logistic_regression_normalized,211,0.746098
1,logistic_regression_normalized,212,0.757785
1,logistic_regression_normalized,213,0.745600
1,logistic_regression_normalized,214,0.745668
1,logistic_regression_normalized,215,0.747336
1,logistic_regression_normalized,216,0.746501
1,logistic_regression_normalized,217,0.718470
1,logistic_regression_normalized,218,0.741930
1,logistic_regression_normalized,219,0.722248
1,logistic_regression_normalized,220,0.730102
1,logistic_regression_normalized,221,0.719384
1,logistic_regression_normalized,222,0.708708
1,logistic_regression_normalized,223,0.719444
1,logistic_regression_normalized,224,0.699331
1,logistic_regression_normalized,225,0.691740
1,logistic_regression_normalized,226,0.669681
1,logistic_regression_normalized,227,0.661101
1,logistic_regression_normalized,228,0.655280
1,logistic_regression_normalized,229,0.663890
1,logistic_regression_normalized,230,0.660135
1,logistic_regression_normalized,231,0.651765
1,logistic_regression_normalized,232,0.659734
1,logistic_regression_normalized,233,0.643818
1,logistic_regression_normalized,234,0.682986
1,logistic_regression_normalized,235,0.686851
1,logistic_regression_normalized,236,0.659403
1,logistic_regression_normalized,237,0.663177
1,logistic_regression_normalized,238,0.669639
1,logistic_regression_normalized,239,0.676203
1,logistic_regression_normalized,240,0.687511
1,logistic_regression_normalized,241,0.693219
1,logistic_regression_normalized,242,0.699724
1,logistic_regression_normalized,243,0.669356
1,logistic_regression_normalized,244,0.685014
1,logistic_regression_normalized,245,0.664115
1,logistic_regression_normalized,246,0.677232
1,logistic_regression_normalized,247,0.661282
1,logistic_regression_normalized,248,0.672482
1,logistic_regression_normalized,249,0.635175
1,logistic_regression_normalized,250,0.634922
1,logistic_regression_normalized,251,0.648996
1,logistic_regression_normalized,252,0.631119
1,logistic_regression_normalized,253,0.650319
1,logistic_regression_normalized,254,0.650062
1,logistic_regression_normalized,255,0.652809
1,logistic_regression_normalized,256,0.672560
1,logistic_regression_normalized,257,0.650569
1,logistic_regression_normalized,258,0.651021
1,logistic_regression_normalized,259,0.651961
1,logistic_regression_normalized,260,0.652927
1,logistic_regression_normalized,261,0.666642
1,logistic_regression_normalized,262,0.665763
1,naive_bayes_normalized,0,0.669788
1,naive_bayes_normalized,1,0.670632
1,naive_bayes_normalized,2,0.673354
1,naive_bayes_normalized,3,0.671264
1,naive_bayes_normalized,4,0.668223
1,naive_bayes_normalized,5,0.684813
1,naive_bayes_normalized,6,0.668511
1,naive_bayes_normalized,7,0.670607
1,naive_bayes_normalized,8,0.661723
1,naive_bayes_normalized,9,0.680661
1,naive_bayes_normalized,10,0.676043
1,naive_bayes_normalized,11,0.665707
1,naive_bayes_normalized,12,0.664105
1,naive_bayes_normalized,13,0.674117
1,naive_bayes_normalized,14,0.670753
1,naive_bayes_normalized,15,0.683540
1,naive_bayes_normalized,16,0.645909
1,naive_bayes_normalized,17,0.634003
1,naive_bayes_normalized,18,0.683425
1,naive_bayes_normalized,19,0.644040
1,naive_bayes_normalized,20,0.660769
1,naive_bayes_normalized,21,0.642802
1,naive_bayes_normalized,22,0.654276
1,naive_bayes_normalized,23,0.667502
1,naive_bayes_normalized,24,0.663261
1,naive_bayes_normalized,25,0.641403
1,naive_bayes_normalized,26,0.663960
1,naive_bayes_normalized,27,0.657647
1,naive_bayes_normalized,28,0.641571
1,naive_bayes_normalized,29,0.654766
1,naive_bayes_normalized,30,0.649659
1,naive_bayes_normalized,31,0.654001
1,naive_bayes_normalized,32,0.664074
1,naive_bayes_normalized,33,0.666306
1,naive_bayes_normalized,34,0.646133
1,naive_bayes_normalized,35,0.654748
1,naive_bayes_normalized,36,0.651085
1,naive_bayes_normalized,37,0.658588
1,naive_bayes_normalized,38,0.667804
1,naive_bayes_normalized,39,0.662279
1,naive_bayes_normalized,40,0.649767
1,naive_bayes_normalized,41,0.663283
1,naive_bayes_normalized,42,0.652107
1,naive_bayes_normalized,43,0.642162
1,naive_bayes_normalized,44,0.668068
1,naive_bayes_normalized,45,0.650943
1,naive_bayes_normalized,46,0.651798
1,naive_bayes_normalized,47,0.649913
1,naive_bayes_normalized,48,0.661160
1,naive_bayes_normalized,49,0.661687
1,naive_bayes_normalized,50,0.649060
1,naive_bayes_normalized,51,0.644448
1,naive_bayes_normalized,52,0.666836
1,naive_bayes_normalized,53,0.652882
1,naive_bayes_normalized,54,0.642627
1,naive_bayes_normalized,55,0.667802
1,naive_bayes_normalized,56,0.652209
1,naive_bayes_normalized,57,0.653334
1,naive_bayes_normalized,58,0.663915
1,naive_bayes_normalized,59,0.666585
1,naive_bayes_normalized,60,0.659867
1,naive_bayes_normalized,61,0.653182
1,naive_bayes_normalized,62,0.661954
1,naive_bayes_normalized,63,0.643649
1,naive_bayes_normalized,64,0.651074
1,naive_bayes_normalized,65,0.662762
1,naive_bayes_normalized,66,0.660554
1,naive_bayes_normalized,67,0.655896
1,naive_bayes_normalized,68,0.666129
1,naive_bayes_normalized,69,0.654226
1,naive_bayes_normalized,70,0.658785
1,naive_bayes_normalized,71,0.658295
1,naive_bayes_normalized,72,0.654645
1,naive_bayes_normalized,73,0.668706
1,naive_bayes_normalized,74,0.661302
1,naive_bayes_normalized,75,0.644402
1,naive_bayes_normalized,76,0.662816
1,naive_bayes_normalized,77,0.650931
1,naive_bayes_normalized,78,0.652272
1,naive_bayes_normalized,79,0.670121
1,naive_bayes_normalized,80,0.658197
1,naive_bayes_normalized,81,0.659077
1,naive_bayes_normalized,82,0.662893
1,naive_bayes_normalized,83,0.658825
1,naive_bayes_normalized,84,0.677011
1,naive_bayes_normalized,85,0.651305
1,naive_bayes_normalized,86,0.642779
1,naive_bayes_normalized,87,0.666620
1,naive_bayes_normalized,88,0.675554
1,naive_bayes_normalized,89,0.667416
1,naive_bayes_normalized,90,0.666276
1,naive_bayes_normalized,91,0.650872
1,naive_bayes_normalized,92,0.644741
1,naive_bayes_normalized,93,0.651875
1,naive_bayes_normalized,94,0.656513
1,naive_bayes_normalized,95,0.656527
1,naive_bayes_normalized,96,0.659997
1,naive_bayes_normalized,97,0.662559
1,naive_bayes_normalized,98,0.643318
1,naive_bayes_normalized,99,0.657441
1,naive_bayes_normalized,100,0.650162
1,naive_bayes_normalized,101,0.661182
1,naive_bayes_normalized,102,0.641026
1,naive_bayes_normalized,103,0.650413
1,naive_bayes_normalized,104,0.644999
1,naive_bayes_normalized,105,0.704270
1,naive_bayes_normalized,106,0.665692
1,naive_bayes_normalized,107,0.657301
1,naive_bayes_normalized,108,0.661076
1,naive_bayes_normalized,109,0.675218
1,naive_bayes_normalized,110,0.669791
1,naive_bayes_normalized,111,0.650238
1,naive_bayes_normalized,112,0.659693
1,naive_bayes_normalized,113,0.664555
1,naive_bayes_normalized,114,0.648656
1,naive_bayes_normalized,115,0.662481
1,naive_bayes_normalized,116,0.658009
1,naive_bayes_normalized,117,0.653175
1,naive_bayes_normalized,118,0.662974
1,naive_bayes_normalized,119,0.645861
1,naive_bayes_normalized,120,0.651118
1,naive_bayes_normalized,121,0.649966
1,naive_bayes_normalized,122,0.653462
1,naive_bayes_normalized,123,0.646652
1,naive_bayes_normalized,124,0.658556
1,naive_bayes_normalized,125,0.663874
1,naive_bayes_normalized,126,0.671453
1,naive_bayes_normalized,127,0.647892
1,naive_bayes_normalized,128,0.649943
1,naive_bayes_normalized,129,0.659520
1,naive_bayes_normalized,130,0.651998
1,naive_bayes_normalized,131,0.663485
1,naive_bayes_normalized,132,0.651137
1,naive_bayes_normalized,133,0.658453
1,naive_bayes_normalized,134,0.670121
1,naive_bayes_normalized,135,0.667714
1,naive_bayes_normalized,136,0.658277
1,naive_bayes_normalized,137,0.651055
1,naive_bayes_normalized,138,0.662225
1,naive_bayes_normalized,139,0.658723
1,naive_bayes_normalized,140,0.652008
1,naive_bayes_normalized,141,0.651878
1,naive_bayes_normalized,142,0.653095
1,naive_bayes_normalized,143,0.664494
1,naive_bayes_normalized,144,0.653684
1,naive_bayes_normalized,145,0.650125
1,naive_bayes_normalized,146,0.658558
1,naive_bayes_normalized,147,0.657217
1,naive_bayes_normalized,148,0.644111
1,naive_bayes_normalized,149,0.670580
1,naive_bayes_normalized,150,0.659805
1,naive_bayes_normalized,151,0.656598
1,naive_bayes_normalized,152,0.651178
1,naive_bayes_normalized,153,0.664502
1,naive_bayes_normalized,154,0.656824
1,naive_bayes_normalized,155,0.664430
1,naive_bayes_normalized,156,0.664522
1,naive_bayes_normalized,157,0.665914
1,naive_bayes_normalized,158,0.676112
1,naive_bayes_normalized,159,0.656573
1,naive_bayes_normalized,160,0.688941
1,naive_bayes_normalized,161,0.648376
1,naive_bayes_normalized,162,0.658720
1,naive_bayes_normalized,163,0.664652
1,naive_bayes_normalized,164,0.644543
1,naive_bayes_normalized,165,0.636679
1,naive_bayes_normalized,166,0.650189
1,naive_bayes_normalized,167,0.634618
1,naive_bayes_normalized,168,0.627659
1,naive_bayes_normalized,169,0.635244
1,naive_bayes_normalized,170,0.633477
1,naive_bayes_normalized,171,0.642833
1,naive_bayes_normalized,172,0.645686
1,naive_bayes_normalized,173,0.649348
1,naive_bayes_normalized,174,0.638568
1,naive_bayes_normalized,175,0.643817
1,naive_bayes_normalized,176,0.673580
1,naive_bayes_normalized,177,0.649574
1,naive_bayes_normalized,178,0.666050
1,naive_bayes_normalized,179,0.645029
1,naive_bayes_normalized,180,0.631028
1,naive_bayes_normalized,181,0.636161
1,naive_bayes_normalized,182,0.653843
1,naive_bayes_normalized,183,0.673685
1,naive_bayes_normalized,184,0.635912
1,naive_bayes_normalized,185,0.649257
1,naive_bayes_normalized,186,0.718593
1,naive_bayes_normalized,187,0.699384
1,naive_bayes_normalized,188,0.686920
1,naive_bayes_normalized,189,0.685935
1,naive_bayes_normalized,190,0.699682
1,naive_bayes_normalized,191,0.683303
1,naive_bayes_normalized,192,0.703255
1,naive_bayes_normalized,193,0.687948
1,naive_bayes_normalized,194,0.721749
1,naive_bayes_normalized,195,0.697829
1,naive_bayes_normalized,196,0.698516
1,naive_bayes_normalized,197,0.690129
1,naive_bayes_normalized,198,0.691454
1,naive_bayes_normalized,199,0.708256
1,naive_bayes_normalized,200,0.681681
1,naive_bayes_normalized,201,0.678741
1,naive_bayes_normalized,202,0.677282
1,naive_bayes_normalized,203,0.673648
1,naive_bayes_normalized,204,0.680991
1,naive_bayes_normalized,205,0.672473
1,naive_bayes_normalized,206,0.675150
1,naive_bayes_normalized,207,0.681815
1,naive_bayes_normalized,208,0.690732
1,naive_bayes_normalized,209,0.666267
1,naive_bayes_normalized,210,0.680437
1,naive_bayes_normalized,211,0.669528
1,naive_bayes_normalized,212,0.686801
1,naive_bayes_normalized,213,0.684643
1,naive_bayes_normalized,214,0.671648
1,naive_bayes_normalized,215,0.674941
1,naive_bayes_normalized,216,0.677105
1,naive_bayes_normalized,217,0.669412
1,naive_bayes_normalized,218,0.692249
1,naive_bayes_normalized,219,0.666117
1,naive_bayes_normalized,220,0.674170
1,naive_bayes_normalized,221,0.667725
1,naive_bayes_normalized,222,0.671141
1,naive_bayes_normalized,223,0.679193
1,naive_bayes_normalized,224,0.688402
1,naive_bayes_normalized,225,0.684740
1,naive_bayes_normalized,226,0.684691
1,naive_bayes_normalized,227,0.670519
1,naive_bayes_normalized,228,0.675159
1,naive_bayes_normalized,229,0.679790
1,naive_bayes_normalized,230,0.676349
1,naive_bayes_normalized,231,0.670287
1,naive_bayes_normalized,232,0.675493
1,naive_bayes_normalized,233,0.660198
1,naive_bayes_normalized,234,0.683772
1,naive_bayes_normalized,235,0.685188
1,naive_bayes_normalized,236,0.661889
1,naive_bayes_normalized,237,0.665456
1,naive_bayes_normalized,238,0.665081
1,naive_bayes_normalized,239,0.674814
1,naive_bayes_normalized,240,0.682137
1,naive_bayes_normalized,241,0.689830
1,naive_bayes_normalized,242,0.690130
1,naive_bayes_normalized,243,0.674746
1,naive_bayes_normalized,244,0.683896
1,naive_bayes_normalized,245,0.658515
1,naive_bayes_normalized,246,0.674046
1,naive_bayes_normalized,247,0.676896
1,naive_bayes_normalized,248,0.679941
1,naive_bayes_normalized,249,0.672389
1,naive_bayes_normalized,250,0.664386
1,naive_bayes_normalized,251,0.678065
1,naive_bayes_normalized,252,0.665932
1,naive_bayes_normalized,253,0.680985
1,naive_bayes_normalized,254,0.677607
1,naive_bayes_normalized,255,0.679051
1,naive_bayes_normalized,256,0.674691
1,naive_bayes_normalized,257,0.664812
1,naive_bayes_normalized,258,0.666239
1,naive_bayes_normalized,259,0.669196
1,naive_bayes_normalized,260,0.670620
1,naive_bayes_normalized,261,0.677237
1,naive_bayes_normalized,262,0.677975
1,svm_normalized,0,2.854351
1,svm_normalized,1,2.796563
1,svm_normalized,2,2.796380
1,svm_normalized,3,2.784565
1,svm_normalized,4,2.782331
1,svm_normalized,5,2.695569
1,svm_normalized,6,2.679694
1,svm_normalized,7,2.718749
1,svm_normalized,8,2.724881
1,svm_normalized,9,2.714416
1,svm_normalized,10,2.735553
1,svm_normalized,11,2.717766
1,svm_normalized,12,2.736409
1,svm_normalized,13,2.734702
1,svm_normalized,14,2.701602
1,svm_normalized,15,2.742521
1,svm_normalized,16,2.720364
1,svm_normalized,17,2.797020
1,svm_normalized,18,2.841161
1,svm_normalized,19,2.812819
1,svm_normalized,20,2.797018
1,svm_normalized,21,2.779555
1,svm_normalized,22,2.791961
1,svm_normalized,23,2.849111
1,svm_normalized,24,2.809992
1,svm_normalized,25,2.789360
1,svm_normalized,26,2.807066
1,svm_normalized,27,2.802509
1,svm_normalized,28,2.791690
1,svm_normalized,29,2.788676
1,svm_normalized,30,2.779523
1,svm_normalized,31,2.800093
1,svm_normalized,32,2.801852
1,svm_normalized,33,2.830112
1,svm_normalized,34,2.823611
1,svm_normalized,35,2.801225
1,svm_normalized,36,2.720917
1,svm_normalized,37,2.670722
1,svm_normalized,38,2.713138
1,svm_normalized,39,2.777803
1,svm_normalized,40,2.784443
1,svm_normalized,41,3.011485
1,svm_normalized,42,3.370481
1,svm_normalized,43,3.349134
1,svm_normalized,44,3.319586
1,svm_normalized,45,3.329271
1,svm_normalized,46,3.262600
1,svm_normalized,47,3.088669
1,svm_normalized,48,3.110905
1,svm_normalized,49,3.122955
1,svm_normalized,50,3.251296
1,svm_normalized,51,3.189040
1,svm_normalized,52,3.333052
1,svm_normalized,53,3.268827
1,svm_normalized,54,3.197869
1,svm_normalized,55,3.217243
1,svm_normalized,56,3.176329
1,svm_normalized,57,3.173561
1,svm_normalized,58,3.202349
1,svm_normalized,59,3.163819
1,svm_normalized,60,2.942108
1,svm_normalized,61,2.722351
1,svm_normalized,62,2.789928
1,svm_normalized,63,2.727856
1,svm_normalized,64,2.782175
1,svm_normalized,65,2.746061
1,svm_normalized,66,2.763414
1,svm_normalized,67,2.804432
1,svm_normalized,68,2.801376
1,svm_normalized,69,2.729834
1,svm_normalized,70,2.799040
1,svm_normalized,71,2.722933
1,svm_normalized,72,2.737591
1,svm_normalized,73,2.817621
1,svm_normalized,74,2.797612
1,svm_normalized,75,2.751723
1,svm_normalized,76,2.801174
1,svm_normalized,77,2.801559
1,svm_normalized,78,2.800178
1,svm_normalized,79,2.761056
1,svm_normalized,80,2.787297
1,svm_normalized,81,2.787991
1,svm_normalized,82,2.777850
1,svm_normalized,83,2.798037
1,svm_normalized,84,2.815604
1,svm_normalized,85,2.747893
1,svm_normalized,86,2.651776
1,svm_normalized,87,2.665681
1,svm_normalized,88,2.686586
1,svm_normalized,89,2.698270
1,svm_normalized,90,2.738258
1,svm_normalized,91,2.653803
1,svm_normalized,92,2.703196
1,svm_normalized,93,2.705372
1,svm_normalized,94,2.650146
1,svm_normalized,95,2.659584
1,svm_normalized,96,2.673023
1,svm_normalized,97,2.664622
1,svm_normalized,98,2.650874
1,svm_normalized,99,2.654973
1,svm_normalized,100,2.662617
1,svm_normalized,101,2.665813
1,svm_normalized,102,2.642599
1,svm_normalized,103,2.654953
1,svm_normalized,104,2.662982
1,svm_normalized,105,2.700819
1,svm_normalized,106,2.676811
1,svm_normalized,107,2.688278
1,svm_normalized,108,2.664399
1,svm_normalized,109,2.673098
1,svm_normalized,110,2.694316
1,svm_normalized,111,2.667437
1,svm_normalized,112,2.665712
1,svm_normalized,113,3.177377
1,svm_normalized,114,2.670099
1,svm_normalized,115,2.676554
1,svm_normalized,116,2.689531
1,svm_normalized,117,2.662291
1,svm_normalized,118,2.675993
1,svm_normalized,119,2.654451
1,svm_normalized,120,2.672432
1,svm_normalized,121,2.671264
1,svm_normalized,122,2.663239
1,svm_normalized,123,2.656419
1,svm_normalized,124,2.807934
1,svm_normalized,125,2.837610
1,svm_normalized,126,2.822634
1,svm_normalized,127,2.825428
1,svm_normalized,128,2.790875
1,svm_normalized,129,2.804168
1,svm_normalized,130,2.805332
1,svm_normalized,131,2.835433
1,svm_normalized,132,2.791798
1,svm_normalized,133,2.833825
1,svm_normalized,134,2.811386
1,svm_normalized,135,2.807981
1,svm_normalized,136,2.826052
1,svm_normalized,137,2.791526
1,svm_normalized,138,2.864346
1,svm_normalized,139,2.794742
1,svm_normalized,140,2.727418
1,svm_normalized,141,2.722299
1,svm_normalized,142,2.724887
1,svm_normalized,143,2.729635
1,svm_normalized,144,2.723067
1,svm_normalized,145,2.802303
1,svm_normalized,146,2.793614
1,svm_normalized,147,2.794513
1,svm_normalized,148,2.787376
1,svm_normalized,149,2.808978
1,svm_normalized,150,2.791193
1,svm_normalized,151,2.787980
1,svm_normalized,152,2.790138
1,svm_normalized,153,2.799670
1,svm_normalized,154,2.804534
1,svm_normalized,155,2.806600
1,svm_normalized,156,2.793886
1,svm_normalized,157,2.685262
1,svm_normalized,158,2.686226
1,svm_normalized,159,2.658843
1,svm_normalized,160,2.702447
1,svm_normalized,161,2.660311
1,svm_normalized,162,2.662103
1,svm_normalized,163,2.667054
1,svm_normalized,164,2.666393
1,svm_normalized,165,2.652387
1,svm_normalized,166,2.675178
1,svm_normalized,167,2.649327
1,svm_normalized,168,2.652979
1,svm_normalized,169,2.663817
1,svm_normalized,170,2.664813
1,svm_normalized,171,2.691527
1,svm_normalized,172,2.700300
1,svm_normalized,173,2.666763
1,svm_normalized,174,2.652366
1,svm_normalized,175,2.703562
1,svm_normalized,176,2.690989
1,svm_normalized,177,2.663148
1,svm_normalized,178,2.675323
1,svm_normalized,179,2.655610
1,svm_normalized,180,2.648664
1,svm_normalized,181,2.653944
1,svm_normalized,182,2.663192
1,svm_normalized,183,2.682126
1,svm_normalized,184,2.666219
1,svm_normalized,185,2.676373
1,svm_normalized,186,2.709833
1,svm_normalized,187,2.736601
1,svm_normalized,188,2.668923
1,svm_normalized,189,2.681001
1,svm_normalized,190,2.678093
1,svm_normalized,191,2.665357
1,svm_normalized,192,2.747405
1,svm_normalized,193,2.759885
1,svm_normalized,194,2.673638
1,svm_normalized,195,2.672734
1,svm_normalized,196,2.661444
1,svm_normalized,197,2.734111
1,svm_normalized,198,2.724026
1,svm_normalized,199,2.677784
1,svm_normalized,200,2.815883
1,svm_normalized,201,2.837187
1,svm_normalized,202,2.809871
1,svm_normalized,203,2.795205
1,svm_normalized,204,2.845579
1,svm_normalized,205,2.879665
1,svm_normalized,206,2.787211
1,svm_normalized,207,2.813763
1,svm_normalized,208,2.788612
1,svm_normalized,209,2.790116
1,svm_normalized,210,2.825543
1,svm_normalized,211,2.792877
1,svm_normalized,212,2.798618
1,svm_normalized,213,2.816889
1,svm_normalized,214,2.797791
1,svm_normalized,215,2.758384
1,svm_normalized,216,2.767068
1,svm_normalized,217,2.733970
1,svm_normalized,218,2.746168
1,svm_normalized,219,2.724397
1,svm_normalized,220,2.824991
1,svm_normalized,221,2.763869
1,svm_normalized,222,2.720547
1,svm_normalized,223,2.815035
1,svm_normalized,224,3.110449
1,svm_normalized,225,3.076142
1,svm_normalized,226,3.019928
1,svm_normalized,227,3.386998
1,svm_normalized,228,3.472919
1,svm_normalized,229,3.418896
1,svm_normalized,230,3.275391
1,svm_normalized,231,3.184922
1,svm_normalized,232,3.187594
1,svm_normalized,233,3.173666
1,svm_normalized,234,3.209072
1,svm_normalized,235,3.263869
1,svm_normalized,236,3.189154
1,svm_normalized,237,3.176364
1,svm_normalized,238,3.008236
1,svm_normalized,239,2.835783
1,svm_normalized,240,2.725428
1,svm_normalized,241,2.739772
1,svm_normalized,242,2.754143
1,svm_normalized,243,2.752166
1,svm_normalized,244,2.780960
1,svm_normalized,245,2.778570
1,svm_normalized,246,2.782014
1,svm_normalized,247,2.785157
1,svm_normalized,248,2.775245
1,svm_normalized,249,2.782892
1,svm_normalized,250,2.797817
1,svm_normalized,251,2.808190
1,svm_normalized,252,2.786415
1,svm_normalized,253,2.795801
1,svm_normalized,254,2.791735
1,svm_normalized,255,2.794335
1,svm_normalized,256,2.781196
1,svm_normalized,257,2.667849
1,svm_normalized,258,2.644887
1,svm_normalized,259,2.657970
1,svm_normalized,260,2.665511
1,svm_normalized,261,2.664669
1,svm_normalized,262,2.669422
1,signature_raw,0,0.009910
1,signature_raw,1,0.006576
1,signature_raw,2,0.004580
1,signature_raw,3,0.002796
1,signature_raw,4,0.005202
1,signature_raw,5,0.012094
1,signature_raw,6,0.003932
1,signature_raw,7,0.003253
1,signature_raw,8,0.003830
1,signature_raw,9,0.008433
1,signature_raw,10,0.009014
1,signature_raw,11,0.004066
1,signature_raw,12,0.003883
1,signature_raw,13,0.002972
1,signature_raw,14,0.003904
1,signature_raw,15,0.003357
1,signature_raw,16,0.004118
1,signature_raw,17,0.004266
1,signature_raw,18,0.022628
1,signature_raw,19,0.008617
1,signature_raw,20,0.009017
1,signature_raw,21,0.002857
1,signature_raw,22,0.008102
1,signature_raw,23,0.008523
1,signature_raw,24,0.008691
1,signature_raw,25,0.004173
1,signature_raw,26,0.007448
1,signature_raw,27,0.005648
1,signature_raw,28,0.003940
1,signature_raw,29,0.006010
1,signature_raw,30,0.003608
1,signature_raw,31,0.005336
1,signature_raw,32,0.008395
1,signature_raw,33,0.003149
1,signature_raw,34,0.004061
1,signature_raw,35,0.005611
1,signature_raw,36,0.003551
1,signature_raw,37,0.009118
1,signature_raw,38,0.008441
1,signature_raw,39,0.007613
1,signature_raw,40,0.006199
1,signature_raw,41,0.009916
1,signature_raw,42,0.003886
1,signature_raw,43,0.003820
1,signature_raw,44,0.010851
1,signature_raw,45,0.002068
1,signature_raw,46,0.004410
1,signature_raw,47,0.003119
1,signature_raw,48,0.008446
1,signature_raw,49,0.005717
1,signature_raw,50,0.002771
1,signature_raw,51,0.004054
1,signature_raw,52,0.006804
1,signature_raw,53,0.003664
1,signature_raw,54,0.003632
1,signature_raw,55,0.008972
1,signature_raw,56,0.003633
1,signature_raw,57,0.006672
1,signature_raw,58,0.009512
1,signature_raw,59,0.008268
1,signature_raw,60,0.009113
1,signature_raw,61,0.004297
1,signature_raw,62,0.006640
1,signature_raw,63,0.004638
1,signature_raw,64,0.003962
1,signature_raw,65,0.007709
1,signature_raw,66,0.007402
1,signature_raw,67,0.003648
1,signature_raw,68,0.007839
1,signature_raw,69,0.006197
1,signature_raw,70,0.005931
1,signature_raw,71,0.006515
1,signature_raw,72,0.006713
1,signature_raw,73,0.009222
1,signature_raw,74,0.008311
1,signature_raw,75,0.004077
1,signature_raw,76,0.008078
1,signature_raw,77,0.004226
1,signature_raw,78,0.002552
1,signature_raw,79,0.008859
1,signature_raw,80,0.009413
1,signature_raw,81,0.004603
1,signature_raw,82,0.006980
1,signature_raw,83,0.007937
1,signature_raw,84,0.013056
1,signature_raw,85,0.003639
1,signature_raw,86,0.004030
1,signature_raw,87,0.008931
1,signature_raw,88,0.009071
1,signature_raw,89,0.011861
1,signature_raw,90,0.008804
1,signature_raw,91,0.004266
1,signature_raw,92,0.003931
1,signature_raw,93,0.003598
1,signature_raw,94,0.010809
1,signature_raw,95,0.006941
1,signature_raw,96,0.006314
1,signature_raw,97,0.007422
1,signature_raw,98,0.004054
1,signature_raw,99,0.001928
1,signature_raw,100,0.004084
1,signature_raw,101,0.009885
1,signature_raw,102,0.002802
1,signature_raw,103,0.003055
1,signature_raw,104,0.002709
1,signature_raw,105,0.006209
1,signature_raw,106,0.008123
1,signature_raw,107,0.006270
1,signature_raw,108,0.006663
1,signature_raw,109,0.008115
1,signature_raw,110,0.012006
1,signature_raw,111,0.004037
1,signature_raw,112,0.006159
1,signature_raw,113,0.012106
1,signature_raw,114,0.003969
1,signature_raw,115,0.009259
1,signature_raw,116,0.008774
1,signature_raw,117,0.003599
1,signature_raw,118,0.007236
1,signature_raw,119,0.003906
1,signature_raw,120,0.003820
1,signature_raw,121,0.003868
1,signature_raw,122,0.006574
1,signature_raw,123,0.003066
1,signature_raw,124,0.003171
1,signature_raw,125,0.009091
1,signature_raw,126,0.004185
1,signature_raw,127,0.004326
1,signature_raw,128,0.003909
1,signature_raw,129,0.002423
1,signature_raw,130,0.006289
1,signature_raw,131,0.010217
1,signature_raw,132,0.003952
1,signature_raw,133,0.007761
1,signature_raw,134,0.003311
1,signature_raw,135,0.011528
1,signature_raw,136,0.004985
1,signature_raw,137,0.003934
1,signature_raw,138,0.009190
1,signature_raw,139,0.007843
1,signature_raw,140,0.003615
1,signature_raw,141,0.003881
1,signature_raw,142,0.005008
1,signature_raw,143,0.006704
1,signature_raw,144,0.003878
1,signature_raw,145,0.002551
1,signature_raw,146,0.004641
1,signature_raw,147,0.002037
1,signature_raw,148,0.003906
1,signature_raw,149,0.012562
1,signature_raw,150,0.006040
1,signature_raw,151,0.006617
1,signature_raw,152,0.003971
1,signature_raw,153,0.008023
1,signature_raw,154,0.006272
1,signature_raw,155,0.006905
1,signature_raw,156,0.011128
1,signature_raw,157,0.012663
1,signature_raw,158,0.013204
1,signature_raw,159,0.006427
1,signature_raw,160,0.021945
1,signature_raw,161,0.004026
1,signature_raw,162,0.006911
1,signature_raw,163,0.005391
1,signature_raw,164,0.006411
1,signature_raw,165,0.005620
1,signature_raw,166,0.007947
1,signature_raw,167,0.002634
1,signature_raw,168,0.003617
1,signature_raw,169,0.003926
1,signature_raw,170,0.003885
1,signature_raw,171,0.008620
1,signature_raw,172,0.005202
1,signature_raw,173,0.006685
1,signature_raw,174,0.004887
1,signature_raw,175,0.006815
1,signature_raw,176,0.008360
1,signature_raw,177,0.001974
1,signature_raw,178,0.008064
1,signature_raw,179,0.002698
1,signature_raw,180,0.003983
1,signature_raw,181,0.003565
1,signature_raw,182,0.004571
1,signature_raw,183,0.007245
1,signature_raw,184,0.004541
1,signature_raw,185,0.011389
1,signature_raw,186,0.021266
1,signature_raw,187,0.009381
1,signature_raw,188,0.006060
1,signature_raw,189,0.002136
1,signature_raw,190,0.003950
1,signature_raw,191,0.004170
1,signature_raw,192,0.003122
1,signature_raw,193,0.008579
1,signature_raw,194,0.003166
1,signature_raw,195,0.003129
1,signature_raw,196,0.008174
1,signature_raw,197,0.005751
1,signature_raw,198,0.008369
1,signature_raw,199,0.008561
1,signature_raw,200,0.008830
1,signature_raw,201,0.007878
1,signature_raw,202,0.008359
1,signature_raw,203,0.004711
1,signature_raw,204,0.007665
1,signature_raw,205,0.006467
1,signature_raw,206,0.007104
1,signature_raw,207,0.007406
1,signature_raw,208,0.002073
1,signature_raw,209,0.004282
1,signature_raw,210,0.007574
1,signature_raw,211,0.005941
1,signature_raw,212,0.003323
1,signature_raw,213,0.009051
1,signature_raw,214,0.006533
1,signature_raw,215,0.006240
1,signature_raw,216,0.008960
1,signature_raw,217,0.005069
1,signature_raw,218,0.003830
1,signature_raw,219,0.003623
1,signature_raw,220,0.003137
1,signature_raw,221,0.003938
1,signature_raw,222,0.004541
1,signature_raw,223,0.004177
1,signature_raw,224,0.011150
1,signature_raw,225,0.002993
1,signature_raw,226,0.009268
1,signature_raw,227,0.006658
1,signature_raw,228,0.002991
1,signature_raw,229,0.007816
1,signature_raw,230,0.008609
1,signature_raw,231,0.003876
1,signature_raw,232,0.006659
1,signature_raw,233,0.003826
1,signature_raw,234,0.003126
1,signature_raw,235,0.012749
1,signature_raw,236,0.003920
1,signature_raw,237,0.003847
1,signature_raw,238,0.004240
1,signature_raw,239,0.007356
1,signature_raw,240,0.002638
1,signature_raw,241,0.010850
1,signature_raw,242,0.011650
1,signature_raw,243,0.004229
1,signature_raw,244,0.010000
1,signature_raw,245,0.002056
1,signature_raw,246,0.005998
1,signature_raw,247,0.001958
1,signature_raw,248,0.010299
1,signature_raw,249,0.006598
1,signature_raw,250,0.004230
1,signature_raw,251,0.008023
1,signature_raw,252,0.003857
1,signature_raw,253,0.010661
1,signature_raw,254,0.003262
1,signature_raw,255,0.008140
1,signature_raw,256,0.006441
1,signature_raw,257,0.005999
1,signature_raw,258,0.004210
1,signature_raw,259,0.003886
1,signature_raw,260,0.006504
1,signature_raw,261,0.009360
1,signature_raw,262,0.008189
1,signature_normalized,0,0.017801
1,signature_normalized,1,0.012107
1,signature_normalized,2,0.006800
1,signature_normalized,3,0.005555
1,signature_normalized,4,0.009863
1,signature_normalized,5,0.015918
1,signature_normalized,6,0.007105
1,signature_normalized,7,0.005748
1,signature_normalized,8,0.006087
1,signature_normalized,9,0.015431
1,signature_normalized,10,0.017404
1,signature_normalized,11,0.006784
1,signature_normalized,12,0.006130
1,signature_normalized,13,0.005637
1,signature_normalized,14,0.007085
1,signature_normalized,15,0.006631
1,signature_normalized,16,0.006540
1,signature_normalized,17,0.006482
1,signature_normalized,18,0.026714
1,signature_normalized,19,0.017496
1,signature_normalized,20,0.017629
1,signature_normalized,21,0.006551
1,signature_normalized,22,0.016185
1,signature_normalized,23,0.011418
1,signature_normalized,24,0.017549
1,signature_normalized,25,0.006880
1,signature_normalized,26,0.015210
1,signature_normalized,27,0.011171
1,signature_normalized,28,0.006994
1,signature_normalized,29,0.012076
1,signature_normalized,30,0.005832
1,signature_normalized,31,0.008278
1,signature_normalized,32,0.011500
1,signature_normalized,33,0.007202
1,signature_normalized,34,0.006610
1,signature_normalized,35,0.010385
1,signature_normalized,36,0.006033
1,signature_normalized,37,0.011978
1,signature_normalized,38,0.045330
1,signature_normalized,39,0.016746
1,signature_normalized,40,0.013265
1,signature_normalized,41,0.019272
1,signature_normalized,42,0.006440
1,signature_normalized,43,0.006205
1,signature_normalized,44,0.021923
1,signature_normalized,45,0.005697
1,signature_normalized,46,0.007864
1,signature_normalized,47,0.005498
1,signature_normalized,48,0.015941
1,signature_normalized,49,0.012196
1,signature_normalized,50,0.005480
1,signature_normalized,51,0.006945
1,signature_normalized,52,0.013549
1,signature_normalized,53,0.006723
1,signature_normalized,54,0.006448
1,signature_normalized,55,0.017863
1,signature_normalized,56,0.006385
1,signature_normalized,57,0.013025
1,signature_normalized,58,0.018073
1,signature_normalized,59,0.015520
1,signature_normalized,60,0.016886
1,signature_normalized,61,0.006630
1,signature_normalized,62,0.009785
1,signature_normalized,63,0.007350
1,signature_normalized,64,0.006762
1,signature_normalized,65,0.016242
1,signature_normalized,66,0.014329
1,signature_normalized,67,0.006494
1,signature_normalized,68,0.011042
1,signature_normalized,69,0.012029
1,signature_normalized,70,0.012133
1,signature_normalized,71,0.009553
1,signature_normalized,72,0.013331
1,signature_normalized,73,0.012970
1,signature_normalized,74,0.015782
1,signature_normalized,75,0.007496
1,signature_normalized,76,0.015702
1,signature_normalized,77,0.006774
1,signature_normalized,78,0.006533
1,signature_normalized,79,0.016182
1,signature_normalized,80,0.018703
1,signature_normalized,81,0.009592
1,signature_normalized,82,0.014030
1,signature_normalized,83,0.015290
1,signature_normalized,84,0.017361
1,signature_normalized,85,0.007119
1,signature_normalized,86,0.006901
1,signature_normalized,87,0.017566
1,signature_normalized,88,0.013093
1,signature_normalized,89,0.024786
1,signature_normalized,90,0.013533
1,signature_normalized,91,0.007044
1,signature_normalized,92,0.007059
1,signature_normalized,93,0.006483
1,signature_normalized,94,0.009213
1,signature_normalized,95,0.012853
1,signature_normalized,96,0.012038
1,signature_normalized,97,0.014414
1,signature_normalized,98,0.006579
1,signature_normalized,99,0.004841
1,signature_normalized,100,0.006734
1,signature_normalized,101,0.019225
1,signature_normalized,102,0.006235
1,signature_normalized,103,0.005539
1,signature_normalized,104,0.008067
1,signature_normalized,105,0.013449
1,signature_normalized,106,0.016424
1,signature_normalized,107,0.013110
1,signature_normalized,108,0.012603
1,signature_normalized,109,0.015420
1,signature_normalized,110,0.020932
1,signature_normalized,111,0.007123
1,signature_normalized,112,0.011907
1,signature_normalized,113,0.015862
1,signature_normalized,114,0.006390
1,signature_normalized,115,0.013229
1,signature_normalized,116,0.017395
1,signature_normalized,117,0.006776
1,signature_normalized,118,0.010394
1,signature_normalized,119,0.006463
1,signature_normalized,120,0.006259
1,signature_normalized,121,0.006681
1,signature_normalized,122,0.012214
1,signature_normalized,123,0.005978
1,signature_normalized,124,0.006770
1,signature_normalized,125,0.018026
1,signature_normalized,126,0.008973
1,signature_normalized,127,0.007140
1,signature_normalized,128,0.006840
1,signature_normalized,129,0.019551
1,signature_normalized,130,0.012543
1,signature_normalized,131,0.013942
1,signature_normalized,132,0.006957
1,signature_normalized,133,0.015539
1,signature_normalized,134,0.007140
1,signature_normalized,135,0.023061
1,signature_normalized,136,0.007990
1,signature_normalized,137,0.007030
1,signature_normalized,138,0.018221
1,signature_normalized,139,0.015469
1,signature_normalized,140,0.006233
1,signature_normalized,141,0.006935
1,signature_normalized,142,0.008952
1,signature_normalized,143,0.012132
1,signature_normalized,144,0.006349
1,signature_normalized,145,0.006019
1,signature_normalized,146,0.010001
1,signature_normalized,147,0.005101
1,signature_normalized,148,0.006657
1,signature_normalized,149,0.024303
1,signature_normalized,150,0.011622
1,signature_normalized,151,0.008133
1,signature_normalized,152,0.007251
1,signature_normalized,153,0.014790
1,signature_normalized,154,0.013113
1,signature_normalized,155,0.013770
1,signature_normalized,156,0.022213
1,signature_normalized,157,0.017325
1,signature_normalized,158,0.018450
1,signature_normalized,159,0.016514
1,signature_normalized,160,0.029351
1,signature_normalized,161,0.006878
1,signature_normalized,162,0.013433
1,signature_normalized,163,0.008991
1,signature_normalized,164,0.007594
1,signature_normalized,165,0.011192
1,signature_normalized,166,0.015493
1,signature_normalized,167,0.005509
1,signature_normalized,168,0.006098
1,signature_normalized,169,0.006862
1,signature_normalized,170,0.006782
1,signature_normalized,171,0.017713
1,signature_normalized,172,0.010721
1,signature_normalized,173,0.009597
1,signature_normalized,174,0.009659
1,signature_normalized,175,0.012731
1,signature_normalized,176,0.012069
1,signature_normalized,177,0.005340
1,signature_normalized,178,0.015983
1,signature_normalized,179,0.006077
1,signature_normalized,180,0.007236
1,signature_normalized,181,0.006041
1,signature_normalized,182,0.007160
1,signature_normalized,183,0.013553
1,signature_normalized,184,0.007368
1,signature_normalized,185,0.015789
1,signature_normalized,186,0.028297
1,signature_normalized,187,0.013076
1,signature_normalized,188,0.012189
1,signature_normalized,189,0.005478
1,signature_normalized,190,0.007013
1,signature_normalized,191,0.006852
1,signature_normalized,192,0.006542
1,signature_normalized,193,0.016524
1,signature_normalized,194,0.007497
1,signature_normalized,195,0.006529
1,signature_normalized,196,0.016060
1,signature_normalized,197,0.011001
1,signature_normalized,198,0.015615
1,signature_normalized,199,0.012607
1,signature_normalized,200,0.012808
1,signature_normalized,201,0.015379
1,signature_normalized,202,0.016419
1,signature_normalized,203,0.009873
1,signature_normalized,204,0.015203
1,signature_normalized,205,0.009770
1,signature_normalized,206,0.013448
1,signature_normalized,207,0.014669
1,signature_normalized,208,0.005226
1,signature_normalized,209,0.007153
1,signature_normalized,210,0.010712
1,signature_normalized,211,0.011596
1,signature_normalized,212,0.006913
1,signature_normalized,213,0.012661
1,signature_normalized,214,0.026408
1,signature_normalized,215,0.012585
1,signature_normalized,216,0.017968
1,signature_normalized,217,0.010061
1,signature_normalized,218,0.008300
1,signature_normalized,219,0.007320
1,signature_normalized,220,0.007039
1,signature_normalized,221,0.007525
1,signature_normalized,222,0.007460
1,signature_normalized,223,0.008987
1,signature_normalized,224,0.017010
1,signature_normalized,225,0.006859
1,signature_normalized,226,0.013917
1,signature_normalized,227,0.013105
1,signature_normalized,228,0.006734
1,signature_normalized,229,0.016561
1,signature_normalized,230,0.017580
1,signature_normalized,231,0.006750
1,signature_normalized,232,0.012769
1,signature_normalized,233,0.007337
1,signature_normalized,234,0.007042
1,signature_normalized,235,0.017997
1,signature_normalized,236,0.007312
1,signature_normalized,237,0.006868
1,signature_normalized,238,0.007162
1,signature_normalized,239,0.015348
1,signature_normalized,240,0.007747
1,signature_normalized,241,0.016146
1,signature_normalized,242,0.016563
1,signature_normalized,243,0.007452
1,signature_normalized,244,0.020232
1,signature_normalized,245,0.005720
1,signature_normalized,246,0.014583
1,signature_normalized,247,0.007159
1,signature_normalized,248,0.022353
1,signature_normalized,249,0.012278
1,signature_normalized,250,0.007186
1,signature_normalized,251,0.016360
1,signature_normalized,252,0.007136
1,signature_normalized,253,0.016785
1,signature_normalized,254,0.006989
1,signature_normalized,255,0.023367
1,signature_normalized,256,0.013584
1,signature_normalized,257,0.009020
1,signature_normalized,258,0.007021
1,signature_normalized,259,0.007149
1,signature_normalized,260,0.012704
1,signature_normalized,261,0.018137
1,signature_normalized,262,0.017246
1,svm_normalized_uncalibrated,0,0.680084
1,svm_normalized_uncalibrated,1,0.677823
1,svm_normalized_uncalibrated,2,0.668290
1,svm_normalized_uncalibrated,3,0.673336
1,svm_normalized_uncalibrated,4,0.673410
1,svm_normalized_uncalibrated,5,0.681570
1,svm_normalized_uncalibrated,6,0.665362
1,svm_normalized_uncalibrated,7,0.675601
1,svm_normalized_uncalibrated,8,0.661827
1,svm_normalized_uncalibrated,9,0.678579
1,svm_normalized_uncalibrated,10,0.681031
1,svm_normalized_uncalibrated,11,0.662230
1,svm_normalized_uncalibrated,12,0.664730
1,svm_normalized_uncalibrated,13,0.676054
1,svm_normalized_uncalibrated,14,0.661718
1,svm_normalized_uncalibrated,15,0.684499
1,svm_normalized_uncalibrated,16,0.666367
1,svm_normalized_uncalibrated,17,0.659034
1,svm_normalized_uncalibrated,18,0.716220
1,svm_normalized_uncalibrated,19,0.681303
1,svm_normalized_uncalibrated,20,0.676992
1,svm_normalized_uncalibrated,21,0.653467
1,svm_normalized_uncalibrated,22,0.673124
1,svm_normalized_uncalibrated,23,0.672276
1,svm_normalized_uncalibrated,24,0.652305
1,svm_normalized_uncalibrated,25,0.663970
1,svm_normalized_uncalibrated,26,0.660656
1,svm_normalized_uncalibrated,27,0.658750
1,svm_normalized_uncalibrated,28,0.679690
1,svm_normalized_uncalibrated,29,0.688043
1,svm_normalized_uncalibrated,30,0.678709
1,svm_normalized_uncalibrated,31,0.697613
1,svm_normalized_uncalibrated,32,0.671875
1,svm_normalized_uncalibrated,33,0.683532
1,svm_normalized_uncalibrated,34,0.666820
1,svm_normalized_uncalibrated,35,0.668502
1,svm_normalized_uncalibrated,36,0.663489
1,svm_normalized_uncalibrated,37,0.682576
1,svm_normalized_uncalibrated,38,0.680513
1,svm_normalized_uncalibrated,39,0.662259
1,svm_normalized_uncalibrated,40,0.656169
1,svm_normalized_uncalibrated,41,0.659965
1,svm_normalized_uncalibrated,42,0.653649
1,svm_normalized_uncalibrated,43,0.647258
1,svm_normalized_uncalibrated,44,0.663713
1,svm_normalized_uncalibrated,45,0.653339
1,svm_normalized_uncalibrated,46,0.648923
1,svm_normalized_uncalibrated,47,0.640323
1,svm_normalized_uncalibrated,48,0.665964
1,svm_normalized_uncalibrated,49,0.661971
1,svm_normalized_uncalibrated,50,0.658978
1,svm_normalized_uncalibrated,51,0.666544
1,svm_normalized_uncalibrated,52,0.710558
1,svm_normalized_uncalibrated,53,0.675384
1,svm_normalized_uncalibrated,54,0.683555
1,svm_normalized_uncalibrated,55,0.699399
1,svm_normalized_uncalibrated,56,0.676435
1,svm_normalized_uncalibrated,57,0.690737
1,svm_normalized_uncalibrated,58,0.700551
1,svm_normalized_uncalibrated,59,0.696126
1,svm_normalized_uncalibrated,60,0.700355
1,svm_normalized_uncalibrated,61,0.666328
1,svm_normalized_uncalibrated,62,0.674061
1,svm_normalized_uncalibrated,63,0.657958
1,svm_normalized_uncalibrated,64,0.668717
1,svm_normalized_uncalibrated,65,0.681061
1,svm_normalized_uncalibrated,66,0.673586
1,svm_normalized_uncalibrated,67,0.664052
1,svm_normalized_uncalibrated,68,0.683188
1,svm_normalized_uncalibrated,69,0.668201
1,svm_normalized_uncalibrated,70,0.670957
1,svm_normalized_uncalibrated,71,0.672181
1,svm_normalized_uncalibrated,72,0.681324
1,svm_normalized_uncalibrated,73,0.667283
1,svm_normalized_uncalibrated,74,0.688929
1,svm_normalized_uncalibrated,75,0.662633
1,svm_normalized_uncalibrated,76,0.682405
1,svm_normalized_uncalibrated,77,0.671106
1,svm_normalized_uncalibrated,78,0.654337
1,svm_normalized_uncalibrated,79,0.670683
1,svm_normalized_uncalibrated,80,0.664740
1,svm_normalized_uncalibrated,81,0.655067
1,svm_normalized_uncalibrated,82,0.663337
1,svm_normalized_uncalibrated,83,0.664208
1,svm_normalized_uncalibrated,84,0.676575
1,svm_normalized_uncalibrated,85,0.653617
1,svm_normalized_uncalibrated,86,0.647642
1,svm_normalized_uncalibrated,87,0.659699
1,svm_normalized_uncalibrated,88,0.675597
1,svm_normalized_uncalibrated,89,0.674249
1,svm_normalized_uncalibrated,90,0.661813
1,svm_normalized_uncalibrated,91,0.647331
1,svm_normalized_uncalibrated,92,0.653068
1,svm_normalized_uncalibrated,93,0.645337
1,svm_normalized_uncalibrated,94,0.654541
1,svm_normalized_uncalibrated,95,0.681814
1,svm_normalized_uncalibrated,96,0.669412
1,svm_normalized_uncalibrated,97,0.678936
1,svm_normalized_uncalibrated,98,0.670138
1,svm_normalized_uncalibrated,99,0.647915
1,svm_normalized_uncalibrated,100,0.649143
1,svm_normalized_uncalibrated,101,0.663584
1,svm_normalized_uncalibrated,102,0.636346
1,svm_normalized_uncalibrated,103,0.645241
1,svm_normalized_uncalibrated,104,0.648334
1,svm_normalized_uncalibrated,105,0.697516
1,svm_normalized_uncalibrated,106,0.664444
1,svm_normalized_uncalibrated,107,0.653416
1,svm_normalized_uncalibrated,108,0.656236
1,svm_normalized_uncalibrated,109,0.667213
1,svm_normalized_uncalibrated,110,0.669870
1,svm_normalized_uncalibrated,111,0.651720
1,svm_normalized_uncalibrated,112,0.655583
1,svm_normalized_uncalibrated,113,0.665511
1,svm_normalized_uncalibrated,114,0.649957
1,svm_normalized_uncalibrated,115,0.662408
1,svm_normalized_uncalibrated,116,0.657959
1,svm_normalized_uncalibrated,117,0.650260
1,svm_normalized_uncalibrated,118,0.662498
1,svm_normalized_uncalibrated,119,0.641094
1,svm_normalized_uncalibrated,120,0.647880
1,svm_normalized_uncalibrated,121,0.648275
1,svm_normalized_uncalibrated,122,0.650215
1,svm_normalized_uncalibrated,123,0.644580
1,svm_normalized_uncalibrated,124,0.664365
1,svm_normalized_uncalibrated,125,0.658554
1,svm_normalized_uncalibrated,126,0.667744
1,svm_normalized_uncalibrated,127,0.680889
1,svm_normalized_uncalibrated,128,0.661514
1,svm_normalized_uncalibrated,129,0.675508
1,svm_normalized_uncalibrated,130,0.673321
1,svm_normalized_uncalibrated,131,0.682957
1,svm_normalized_uncalibrated,132,0.650776
1,svm_normalized_uncalibrated,133,0.664052
1,svm_normalized_uncalibrated,134,0.662936
1,svm_normalized_uncalibrated,135,0.670355
1,svm_normalized_uncalibrated,136,0.661334
1,svm_normalized_uncalibrated,137,0.640794
1,svm_normalized_uncalibrated,138,0.665539
1,svm_normalized_uncalibrated,139,0.662625
1,svm_normalized_uncalibrated,140,0.658376
1,svm_normalized_uncalibrated,141,0.668034
1,svm_normalized_uncalibrated,142,0.670570
1,svm_normalized_uncalibrated,143,0.649580
1,svm_normalized_uncalibrated,144,0.651024
1,svm_normalized_uncalibrated,145,0.655659
1,svm_normalized_uncalibrated,146,0.647876
1,svm_normalized_uncalibrated,147,0.652252
1,svm_normalized_uncalibrated,148,0.645502
1,svm_normalized_uncalibrated,149,0.662402
1,svm_normalized_uncalibrated,150,0.656960
1,svm_normalized_uncalibrated,151,0.661544
1,svm_normalized_uncalibrated,152,0.644315
1,svm_normalized_uncalibrated,153,0.661163
1,svm_normalized_uncalibrated,154,0.659752
1,svm_normalized_uncalibrated,155,0.651355
1,svm_normalized_uncalibrated,156,0.652788
1,svm_normalized_uncalibrated,157,0.650213
1,svm_normalized_uncalibrated,158,0.658490
1,svm_normalized_uncalibrated,159,0.642266
1,svm_normalized_uncalibrated,160,0.671015
1,svm_normalized_uncalibrated,161,0.635949
1,svm_normalized_uncalibrated,162,0.644022
1,svm_normalized_uncalibrated,163,0.638845
1,svm_normalized_uncalibrated,164,0.641685
1,svm_normalized_uncalibrated,165,0.643941
1,svm_normalized_uncalibrated,166,0.641669
1,svm_normalized_uncalibrated,167,0.629712
1,svm_normalized_uncalibrated,168,0.632899
1,svm_normalized_uncalibrated,169,0.627395
1,svm_normalized_uncalibrated,170,0.634975
1,svm_normalized_uncalibrated,171,0.642297
1,svm_normalized_uncalibrated,172,0.640492
1,svm_normalized_uncalibrated,173,0.646180
1,svm_normalized_uncalibrated,174,0.636491
1,svm_normalized_uncalibrated,175,0.639970
1,svm_normalized_uncalibrated,176,0.646880
1,svm_normalized_uncalibrated,177,0.630358
1,svm_normalized_uncalibrated,178,0.648575
1,svm_normalized_uncalibrated,179,0.629477
1,svm_normalized_uncalibrated,180,0.630205
1,svm_normalized_uncalibrated,181,0.632377
1,svm_normalized_uncalibrated,182,0.632255
1,svm_normalized_uncalibrated,183,0.643961
1,svm_normalized_uncalibrated,184,0.635283
1,svm_normalized_uncalibrated,185,0.647029
1,svm_normalized_uncalibrated,186,0.675479
1,svm_normalized_uncalibrated,187,0.655685
1,svm_normalized_uncalibrated,188,0.636667
1,svm_normalized_uncalibrated,189,0.640001
1,svm_normalized_uncalibrated,190,0.638369
1,svm_normalized_uncalibrated,191,0.627256
1,svm_normalized_uncalibrated,192,0.649230
1,svm_normalized_uncalibrated,193,0.649301
1,svm_normalized_uncalibrated,194,0.644634
1,svm_normalized_uncalibrated,195,0.648185
1,svm_normalized_uncalibrated,196,0.644193
1,svm_normalized_uncalibrated,197,0.640957
1,svm_normalized_uncalibrated,198,0.649237
1,svm_normalized_uncalibrated,199,0.645320
1,svm_normalized_uncalibrated,200,0.652564
1,svm_normalized_uncalibrated,201,0.652191
1,svm_normalized_uncalibrated,202,0.646937
1,svm_normalized_uncalibrated,203,0.640561
1,svm_normalized_uncalibrated,204,0.649465
1,svm_normalized_uncalibrated,205,0.640112
1,svm_normalized_uncalibrated,206,0.640679
1,svm_normalized_uncalibrated,207,0.648383
1,svm_normalized_uncalibrated,208,0.631191
1,svm_normalized_uncalibrated,209,0.632150
1,svm_normalized_uncalibrated,210,0.646749
1,svm_normalized_uncalibrated,211,0.637285
1,svm_normalized_uncalibrated,212,0.649261
1,svm_normalized_uncalibrated,213,0.645173
1,svm_normalized_uncalibrated,214,0.650713
1,svm_normalized_uncalibrated,215,0.641774
1,svm_normalized_uncalibrated,216,0.640721
1,svm_normalized_uncalibrated,217,0.639074
1,svm_normalized_uncalibrated,218,0.657502
1,svm_normalized_uncalibrated,219,0.627335
1,svm_normalized_uncalibrated,220,0.645454
1,svm_normalized_uncalibrated,221,0.632528
1,svm_normalized_uncalibrated,222,0.628828
1,svm_normalized_uncalibrated,223,0.654275
1,svm_normalized_uncalibrated,224,0.652134
1,svm_normalized_uncalibrated,225,0.641735
1,svm_normalized_uncalibrated,226,0.650090
1,svm_normalized_uncalibrated,227,0.641074
1,svm_normalized_uncalibrated,228,0.658849
1,svm_normalized_uncalibrated,229,0.648381
1,svm_normalized_uncalibrated,230,0.640052
1,svm_normalized_uncalibrated,231,0.632047
1,svm_normalized_uncalibrated,232,0.647203
1,svm_normalized_uncalibrated,233,0.629890
1,svm_normalized_uncalibrated,234,0.649344
1,svm_normalized_uncalibrated,235,0.652378
1,svm_normalized_uncalibrated,236,0.625108
1,svm_normalized_uncalibrated,237,0.633131
1,svm_normalized_uncalibrated,238,0.641622
1,svm_normalized_uncalibrated,239,0.665478
1,svm_normalized_uncalibrated,240,0.672252
1,svm_normalized_uncalibrated,241,0.696200
1,svm_normalized_uncalibrated,242,0.686137
1,svm_normalized_uncalibrated,243,0.668436
1,svm_normalized_uncalibrated,244,0.681828
1,svm_normalized_uncalibrated,245,0.655014
1,svm_normalized_uncalibrated,246,0.672700
1,svm_normalized_uncalibrated,247,0.674839
1,svm_normalized_uncalibrated,248,0.678788
1,svm_normalized_uncalibrated,249,0.672800
1,svm_normalized_uncalibrated,250,0.667355
1,svm_normalized_uncalibrated,251,0.674737
1,svm_normalized_uncalibrated,252,0.662157
1,svm_normalized_uncalibrated,253,0.680631
1,svm_normalized_uncalibrated,254,0.677209
1,svm_normalized_uncalibrated,255,0.681167
1,svm_normalized_uncalibrated,256,0.675651
1,svm_normalized_uncalibrated,257,0.663753
1,svm_normalized_uncalibrated,258,0.670435
1,svm_normalized_uncalibrated,259,0.663974
1,svm_normalized_uncalibrated,260,0.670098
1,svm_normalized_uncalibrated,261,0.683382
1,svm_normalized_uncalibrated,262,0.678814
2,logistic_regression_normalized,0,0.948271
2,logistic_regression_normalized,1,0.941336
2,logistic_regression_normalized,2,0.944456
2,logistic_regression_normalized,3,0.942524
2,logistic_regression_normalized,4,0.947251
2,logistic_regression_normalized,5,0.962258
2,logistic_regression_normalized,6,0.935082
2,logistic_regression_normalized,7,0.942683
2,logistic_regression_normalized,8,0.934294
2,logistic_regression_normalized,9,0.956205
2,logistic_regression_normalized,10,0.954532
2,logistic_regression_normalized,11,0.932403
2,logistic_regression_normalized,12,0.931936
2,logistic_regression_normalized,13,1.009709
2,logistic_regression_normalized,14,0.970923
2,logistic_regression_normalized,15,0.963060
2,logistic_regression_normalized,16,0.934863
2,logistic_regression_normalized,17,0.935847
2,logistic_regression_normalized,18,1.011763
2,logistic_regression_normalized,19,0.952322
2,logistic_regression_normalized,20,0.952576
2,logistic_regression_normalized,21,0.916317
2,logistic_regression_normalized,22,0.939382
2,logistic_regression_normalized,23,0.959585
2,logistic_regression_normalized,24,0.950493
2,logistic_regression_normalized,25,0.927546
2,logistic_regression_normalized,26,0.948979
2,logistic_regression_normalized,27,0.963231
2,logistic_regression_normalized,28,0.945951
2,logistic_regression_normalized,29,0.974448
2,logistic_regression_normalized,30,0.930600
2,logistic_regression_normalized,31,0.952577
2,logistic_regression_normalized,32,0.948535
2,logistic_regression_normalized,33,0.975263
2,logistic_regression_normalized,34,0.970142
2,logistic_regression_normalized,35,0.940142
2,logistic_regression_normalized,36,0.924414
2,logistic_regression_normalized,37,0.951342
2,logistic_regression_normalized,38,0.953722
2,logistic_regression_normalized,39,0.980575
2,logistic_regression_normalized,40,0.961006
2,logistic_regression_normalized,41,0.970094
2,logistic_regression_normalized,42,0.925854
2,logistic_regression_normalized,43,0.929081
2,logistic_regression_normalized,44,0.995590
2,logistic_regression_normalized,45,0.963817
2,logistic_regression_normalized,46,0.932699
2,logistic_regression_normalized,47,0.928364
2,logistic_regression_normalized,48,0.986152
2,logistic_regression_normalized,49,0.971310
2,logistic_regression_normalized,50,0.942327
2,logistic_regression_normalized,51,0.931581
2,logistic_regression_normalized,52,0.956567
2,logistic_regression_normalized,53,0.946734
2,logistic_regression_normalized,54,0.950441
2,logistic_regression_normalized,55,0.975183
2,logistic_regression_normalized,56,0.949298
2,logistic_regression_normalized,57,0.964558
2,logistic_regression_normalized,58,0.987009
2,logistic_regression_normalized,59,0.949886
2,logistic_regression_normalized,60,0.982645
2,logistic_regression_normalized,61,0.952540
2,logistic_regression_normalized,62,0.955737
2,logistic_regression_normalized,63,0.925076
2,logistic_regression_normalized,64,0.953565
2,logistic_regression_normalized,65,0.974051
2,logistic_regression_normalized,66,0.972892
2,logistic_regression_normalized,67,0.950818
2,logistic_regression_normalized,68,0.977579
2,logistic_regression_normalized,69,0.964209
2,logistic_regression_normalized,70,0.960604
2,logistic_regression_normalized,71,0.964400
2,logistic_regression_normalized,72,0.963405
2,logistic_regression_normalized,73,0.984447
2,logistic_regression_normalized,74,0.971471
2,logistic_regression_normalized,75,0.952114
2,logistic_regression_normalized,76,0.969785
2,logistic_regression_normalized,77,0.960412
2,logistic_regression_normalized,78,0.962740
2,logistic_regression_normalized,79,0.980956
2,logistic_regression_normalized,80,0.971962
2,logistic_regression_normalized,81,0.960244
2,logistic_regression_normalized,82,0.920558
2,logistic_regression_normalized,83,0.707838
2,logistic_regression_normalized,84,0.725845
2,logistic_regression_normalized,85,0.661815
2,logistic_regression_normalized,86,0.669150
2,logistic_regression_normalized,87,0.682741
2,logistic_regression_normalized,88,0.704314
2,logistic_regression_normalized,89,0.705813
2,logistic_regression_normalized,90,0.701397
2,logistic_regression_normalized,91,0.680887
2,logistic_regression_normalized,92,0.684956
2,logistic_regression_normalized,93,0.683812
2,logistic_regression_normalized,94,0.696420
2,logistic_regression_normalized,95,0.670023
2,logistic_regression_normalized,96,0.674442
2,logistic_regression_normalized,97,0.679976
2,logistic_regression_normalized,98,0.662361
2,logistic_regression_normalized,99,0.674495
2,logistic_regression_normalized,100,0.666844
2,logistic_regression_normalized,101,0.672634
2,logistic_regression_normalized,102,0.658415
2,logistic_regression_normalized,103,0.663712
2,logistic_regression_normalized,104,0.661801
2,logistic_regression_normalized,105,0.711437
2,logistic_regression_normalized,106,0.683081
2,logistic_regression_normalized,107,0.670992
2,logistic_regression_normalized,108,0.672100
2,logistic_regression_normalized,109,0.683536
2,logistic_regression_normalized,110,0.665556
2,logistic_regression_normalized,111,0.649949
2,logistic_regression_normalized,112,0.687459
2,logistic_regression_normalized,113,0.681740
2,logistic_regression_normalized,114,0.668334
2,logistic_regression_normalized,115,0.682187
2,logistic_regression_normalized,116,0.683625
2,logistic_regression_normalized,117,0.650900
2,logistic_regression_normalized,118,0.661292
2,logistic_regression_normalized,119,0.640408
2,logistic_regression_normalized,120,0.651013
2,logistic_regression_normalized,121,0.647881
2,logistic_regression_normalized,122,0.652158
2,logistic_regression_normalized,123,0.646328
2,logistic_regression_normalized,124,0.666153
2,logistic_regression_normalized,125,0.681933
2,logistic_regression_normalized,126,0.686414
2,logistic_regression_normalized,127,0.662992
2,logistic_regression_normalized,128,0.655909
2,logistic_regression_normalized,129,0.676493
2,logistic_regression_normalized,130,0.674082
2,logistic_regression_normalized,131,0.669999
2,logistic_regression_normalized,132,0.679234
2,logistic_regression_normalized,133,0.712774
2,logistic_regression_normalized,134,0.723405
2,logistic_regression_normalized,135,0.734634
2,logistic_regression_normalized,136,0.697317
2,logistic_regression_normalized,137,0.681954
2,logistic_regression_normalized,138,0.690525
2,logistic_regression_normalized,139,0.697223
2,logistic_regression_normalized,140,0.682382
2,logistic_regression_normalized,141,0.673275
2,logistic_regression_normalized,142,0.690701
2,logistic_regression_normalized,143,0.698662
2,logistic_regression_normalized,144,0.675812
2,logistic_regression_normalized,145,0.698916
2,logistic_regression_normalized,146,0.691653
2,logistic_regression_normalized,147,0.675409
2,logistic_regression_normalized,148,0.684841
2,logistic_regression_normalized,149,0.701497
2,logistic_regression_normalized,150,0.686922
2,logistic_regression_normalized,151,0.686376
2,logistic_regression_normalized,152,0.970042
2,logistic_regression_normalized,153,0.705823
2,logistic_regression_normalized,154,0.698323
2,logistic_regression_normalized,155,0.732328
2,logistic_regression_normalized,156,0.711214
2,logistic_regression_normalized,157,0.710078
2,logistic_regression_normalized,158,0.706643
2,logistic_regression_normalized,159,0.693697
2,logistic_regression_normalized,160,0.736048
2,logistic_regression_normalized,161,0.682246
2,logistic_regression_normalized,162,0.688629
2,logistic_regression_normalized,163,0.696552
2,logistic_regression_normalized,164,0.693706
2,logistic_regression_normalized,165,0.684198
2,logistic_regression_normalized,166,0.696988
2,logistic_regression_normalized,167,0.681892
2,logistic_regression_normalized,168,0.675079
2,logistic_regression_normalized,169,0.678044
2,logistic_regression_normalized,170,0.683922
2,logistic_regression_normalized,171,0.689467
2,logistic_regression_normalized,172,0.695018
2,logistic_regression_normalized,173,0.677231
2,logistic_regression_normalized,174,0.664141
2,logistic_regression_normalized,175,0.667466
2,logistic_regression_normalized,176,0.676246
2,logistic_regression_normalized,177,0.664111
2,logistic_regression_normalized,178,0.679685
2,logistic_regression_normalized,179,0.658224
2,logistic_regression_normalized,180,0.660490
2,logistic_regression_normalized,181,0.665147
2,logistic_regression_normalized,182,0.668581
2,logistic_regression_normalized,183,0.668825
2,logistic_regression_normalized,184,0.663764
2,logistic_regression_normalized,185,0.744614
2,logistic_regression_normalized,186,0.725097
2,logistic_regression_normalized,187,0.686363
2,logistic_regression_normalized,188,0.676485
2,logistic_regression_normalized,189,0.670871
2,logistic_regression_normalized,190,0.659288
2,logistic_regression_normalized,191,0.681003
2,logistic_regression_normalized,192,0.722353
2,logistic_regression_normalized,193,0.689994
2,logistic_regression_normalized,194,0.706661
2,logistic_regression_normalized,195,0.696888
2,logistic_regression_normalized,196,0.694879
2,logistic_regression_normalized,197,0.695782
2,logistic_regression_normalized,198,0.700598
2,logistic_regression_normalized,199,0.694963
2,logistic_regression_normalized,200,0.696366
2,logistic_regression_normalized,201,0.703930
2,logistic_regression_normalized,202,0.714807
2,logistic_regression_normalized,203,0.686294
2,logistic_regression_normalized,204,0.701672
2,logistic_regression_normalized,205,0.690114
2,logistic_regression_normalized,206,0.683398
2,logistic_regression_normalized,207,0.696405
2,logistic_regression_normalized,208,0.693002
2,logistic_regression_normalized,209,0.665225
2,logistic_regression_normalized,210,0.676423
2,logistic_regression_normalized,211,0.671845
2,logistic_regression_normalized,212,0.680605
2,logistic_regression_normalized,213,0.671267
2,logistic_regression_normalized,214,0.672695
2,logistic_regression_normalized,215,0.671543
2,logistic_regression_normalized,216,0.671874
2,logistic_regression_normalized,217,0.672838
2,logistic_regression_normalized,218,0.695243
2,logistic_regression_normalized,219,0.661888
2,logistic_regression_normalized,220,0.678473
2,logistic_regression_normalized,221,0.662922
2,logistic_regression_normalized,222,0.666610
2,logistic_regression_normalized,223,0.687086
2,logistic_regression_normalized,224,0.685816
2,logistic_regression_normalized,225,0.676284
2,logistic_regression_normalized,226,0.684503
2,logistic_regression_normalized,227,0.678021
2,logistic_regression_normalized,228,0.668017
2,logistic_regression_normalized,229,0.678418
2,logistic_regression_normalized,230,0.681095
2,logistic_regression_normalized,231,0.657989
2,logistic_regression_normalized,232,0.672671
2,logistic_regression_normalized,233,0.663300
2,logistic_regression_normalized,234,0.675447
2,logistic_regression_normalized,235,0.686008
2,logistic_regression_normalized,236,0.660617
2,logistic_regression_normalized,237,0.653238
2,logistic_regression_normalized,238,0.666395
2,logistic_regression_normalized,239,0.677188
2,logistic_regression_normalized,240,0.674814
2,logistic_regression_normalized,241,0.688411
2,logistic_regression_normalized,242,0.693750
2,logistic_regression_normalized,243,0.663884
2,logistic_regression_normalized,244,0.685728
2,logistic_regression_normalized,245,0.659913
2,logistic_regression_normalized,246,0.666092
2,logistic_regression_normalized,247,0.674384
2,logistic_regression_normalized,248,0.682698
2,logistic_regression_normalized,249,0.670842
2,logistic_regression_normalized,250,0.675349
2,logistic_regression_normalized,251,0.695333
2,logistic_regression_normalized,252,0.696190
2,logistic_regression_normalized,253,0.714524
2,logistic_regression_normalized,254,0.718590
2,logistic_regression_normalized,255,0.719773
2,logistic_regression_normalized,256,0.686212
2,logistic_regression_normalized,257,0.692474
2,logistic_regression_normalized,258,0.718287
2,logistic_regression_normalized,259,0.684675
2,logistic_regression_normalized,260,0.684977
2,logistic_regression_normalized,261,0.696365
2,logistic_regression_normalized,262,0.695648
2,naive_bayes_normalized,0,0.693188
2,naive_bayes_normalized,1,0.679087
2,naive_bayes_normalized,2,0.690814
2,naive_bayes_normalized,3,0.690205
2,naive_bayes_normalized,4,0.718382
2,naive_bayes_normalized,5,0.692185
2,naive_bayes_normalized,6,0.682264
2,naive_bayes_normalized,7,0.692986
2,naive_bayes_normalized,8,0.671176
2,naive_bayes_normalized,9,0.692223
2,naive_bayes_normalized,10,0.693615
2,naive_bayes_normalized,11,0.654435
2,naive_bayes_normalized,12,0.663276
2,naive_bayes_normalized,13,0.674376
2,naive_bayes_normalized,14,0.663264
2,naive_bayes_normalized,15,0.684045
2,naive_bayes_normalized,16,0.661841
2,naive_bayes_normalized,17,0.655884
2,naive_bayes_normalized,18,0.715095
2,naive_bayes_normalized,19,0.679335
2,naive_bayes_normalized,20,0.673545
2,naive_bayes_normalized,21,0.653512
2,naive_bayes_normalized,22,0.669330
2,naive_bayes_normalized,23,0.671738
2,naive_bayes_normalized,24,0.674251
2,naive_bayes_normalized,25,0.659292
2,naive_bayes_normalized,26,0.671517
2,naive_bayes_normalized,27,0.669933
2,naive_bayes_normalized,28,0.661917
2,naive_bayes_normalized,29,0.661749
2,naive_bayes_normalized,30,0.661529
2,naive_bayes_normalized,31,0.672849
2,naive_bayes_normalized,32,0.669511
2,naive_bayes_normalized,33,0.693442
2,naive_bayes_normalized,34,0.662774
2,naive_bayes_normalized,35,0.664490
2,naive_bayes_normalized,36,0.660081
2,naive_bayes_normalized,37,0.680360
2,naive_bayes_normalized,38,0.675227
2,naive_bayes_normalized,39,0.678045
2,naive_bayes_normalized,40,0.666876
2,naive_bayes_normalized,41,0.670479
2,naive_bayes_normalized,42,0.666387
2,naive_bayes_normalized,43,0.664381
2,naive_bayes_normalized,44,0.675578
2,naive_bayes_normalized,45,0.667398
2,naive_bayes_normalized,46,0.664282
2,naive_bayes_normalized,47,0.657666
2,naive_bayes_normalized,48,0.677498
2,naive_bayes_normalized,49,0.674315
2,naive_bayes_normalized,50,0.654091
2,naive_bayes_normalized,51,0.662356
2,naive_bayes_normalized,52,0.680373
2,naive_bayes_normalized,53,0.658091
2,naive_bayes_normalized,54,0.664194
2,naive_bayes_normalized,55,0.678560
2,naive_bayes_normalized,56,0.658756
2,naive_bayes_normalized,57,0.671435
2,naive_bayes_normalized,58,0.676891
2,naive_bayes_normalized,59,0.670589
2,naive_bayes_normalized,60,0.680784
2,naive_bayes_normalized,61,0.667257
2,naive_bayes_normalized,62,0.668675
2,naive_bayes_normalized,63,0.660428
2,naive_bayes_normalized,64,0.663102
2,naive_bayes_normalized,65,0.672396
2,naive_bayes_normalized,66,0.678294
2,naive_bayes_normalized,67,0.666099
2,naive_bayes_normalized,68,0.679587
2,naive_bayes_normalized,69,0.667861
2,naive_bayes_normalized,70,0.669358
2,naive_bayes_normalized,71,0.669562
2,naive_bayes_normalized,72,0.667900
2,naive_bayes_normalized,73,0.683920
2,naive_bayes_normalized,74,0.674254
2,naive_bayes_normalized,75,0.657357
2,naive_bayes_normalized,76,0.677496
2,naive_bayes_normalized,77,0.666141
2,naive_bayes_normalized,78,0.665212
2,naive_bayes_normalized,79,0.681799
2,naive_bayes_normalized,80,0.677615
2,naive_bayes_normalized,81,0.664146
2,naive_bayes_normalized,82,0.679120
2,naive_bayes_normalized,83,0.676424
2,naive_bayes_normalized,84,0.684856
2,naive_bayes_normalized,85,0.676822
2,naive_bayes_normalized,86,0.671255
2,naive_bayes_normalized,87,0.670774
2,naive_bayes_normalized,88,0.699875
2,naive_bayes_normalized,89,0.689265
2,naive_bayes_normalized,90,0.671067
2,naive_bayes_normalized,91,0.667947
2,naive_bayes_normalized,92,0.664762
2,naive_bayes_normalized,93,0.658362
2,naive_bayes_normalized,94,0.667598
2,naive_bayes_normalized,95,0.672197
2,naive_bayes_normalized,96,0.666559
2,naive_bayes_normalized,97,0.677172
2,naive_bayes_normalized,98,0.662636
2,naive_bayes_normalized,99,0.659660
2,naive_bayes_normalized,100,0.661373
2,naive_bayes_normalized,101,0.677909
2,naive_bayes_normalized,102,0.648090
2,naive_bayes_normalized,103,0.667043
2,naive_bayes_normalized,104,0.663159
2,naive_bayes_normalized,105,0.704663
2,naive_bayes_normalized,106,0.677456
2,naive_bayes_normalized,107,0.673678
2,naive_bayes_normalized,108,0.667826
2,naive_bayes_normalized,109,0.660669
2,naive_bayes_normalized,110,0.668565
2,naive_bayes_normalized,111,0.641846
2,naive_bayes_normalized,112,0.654781
2,naive_bayes_normalized,113,0.665891
2,naive_bayes_normalized,114,0.641729
2,naive_bayes_normalized,115,0.663398
2,naive_bayes_normalized,116,0.691428
2,naive_bayes_normalized,117,0.670676
2,naive_bayes_normalized,118,0.660702
2,naive_bayes_normalized,119,0.673752
2,naive_bayes_normalized,120,0.658428
2,naive_bayes_normalized,121,0.662261
2,naive_bayes_normalized,122,0.669165
2,naive_bayes_normalized,123,0.638032
2,naive_bayes_normalized,124,0.662970
2,naive_bayes_normalized,125,0.661101
2,naive_bayes_normalized,126,0.662290
2,naive_bayes_normalized,127,0.650014
2,naive_bayes_normalized,128,0.689534
2,naive_bayes_normalized,129,0.666376
2,naive_bayes_normalized,130,0.672792
2,naive_bayes_normalized,131,0.679577
2,naive_bayes_normalized,132,0.652731
2,naive_bayes_normalized,133,0.643362
2,naive_bayes_normalized,134,0.650678
2,naive_bayes_normalized,135,0.645844
2,naive_bayes_normalized,136,0.644509
2,naive_bayes_normalized,137,0.630348
2,naive_bayes_normalized,138,0.639237
2,naive_bayes_normalized,139,0.642863
2,naive_bayes_normalized,140,0.626831
2,naive_bayes_normalized,141,0.629401
2,naive_bayes_normalized,142,0.633557
2,naive_bayes_normalized,143,0.638654
2,naive_bayes_normalized,144,0.636181
2,naive_bayes_normalized,145,0.639004
2,naive_bayes_normalized,146,0.632667
2,naive_bayes_normalized,147,0.636014
2,naive_bayes_normalized,148,0.630948
2,naive_bayes_normalized,149,0.646787
2,naive_bayes_normalized,150,0.638989
2,naive_bayes_normalized,151,0.635545
2,naive_bayes_normalized,152,0.630702
2,naive_bayes_normalized,153,0.646260
2,naive_bayes_normalized,154,0.637332
2,naive_bayes_normalized,155,0.645414
2,naive_bayes_normalized,156,0.647440
2,naive_bayes_normalized,157,0.648369
2,naive_bayes_normalized,158,0.655971
2,naive_bayes_normalized,159,0.637636
2,naive_bayes_normalized,160,0.671971
2,naive_bayes_normalized,161,0.627585
2,naive_bayes_normalized,162,0.639373
2,naive_bayes_normalized,163,0.636405
2,naive_bayes_normalized,164,0.637786
2,naive_bayes_normalized,165,0.631966
2,naive_bayes_normalized,166,0.645345
2,naive_bayes_normalized,167,0.628413
2,naive_bayes_normalized,168,0.619414
2,naive_bayes_normalized,169,0.629737
2,naive_bayes_normalized,170,0.633187
2,naive_bayes_normalized,171,0.657618
2,naive_bayes_normalized,172,0.658284
2,naive_bayes_normalized,173,0.661628
2,naive_bayes_normalized,174,0.634649
2,naive_bayes_normalized,175,0.639487
2,naive_bayes_normalized,176,0.643612
2,naive_bayes_normalized,177,0.630061
2,naive_bayes_normalized,178,0.643743
2,naive_bayes_normalized,179,0.619190
2,naive_bayes_normalized,180,0.630871
2,naive_bayes_normalized,181,0.631809
2,naive_bayes_normalized,182,0.627824
2,naive_bayes_normalized,183,0.641795
2,naive_bayes_normalized,184,0.629838
2,naive_bayes_normalized,185,0.642869
2,naive_bayes_normalized,186,0.677425
2,naive_bayes_normalized,187,0.656230
2,naive_bayes_normalized,188,0.633587
2,naive_bayes_normalized,189,0.635873
2,naive_bayes_normalized,190,0.625315
2,naive_bayes_normalized,191,0.631922
2,naive_bayes_normalized,192,0.644162
2,naive_bayes_normalized,193,0.642179
2,naive_bayes_normalized,194,0.650067
2,naive_bayes_normalized,195,0.646940
2,naive_bayes_normalized,196,0.644793
2,naive_bayes_normalized,197,0.637455
2,naive_bayes_normalized,198,0.647259
2,naive_bayes_normalized,199,0.640803
2,naive_bayes_normalized,200,0.646371
2,naive_bayes_normalized,201,0.643814
2,naive_bayes_normalized,202,0.644670
2,naive_bayes_normalized,203,0.641959
2,naive_bayes_normalized,204,0.640734
2,naive_bayes_normalized,205,0.641225
2,naive_bayes_normalized,206,0.639614
2,naive_bayes_normalized,207,0.639325
2,naive_bayes_normalized,208,0.635585
2,naive_bayes_normalized,209,0.631577
2,naive_bayes_normalized,210,0.638716
2,naive_bayes_normalized,211,0.639017
2,naive_bayes_normalized,212,0.649146
2,naive_bayes_normalized,213,0.639237
2,naive_bayes_normalized,214,0.636394
2,naive_bayes_normalized,215,0.634316
2,naive_bayes_normalized,216,0.641748
2,naive_bayes_normalized,217,0.637488
2,naive_bayes_normalized,218,0.650434
2,naive_bayes_normalized,219,0.631233
2,naive_bayes_normalized,220,0.644370
2,naive_bayes_normalized,221,0.630162
2,naive_bayes_normalized,222,0.636781
2,naive_bayes_normalized,223,0.655168
2,naive_bayes_normalized,224,0.648785
2,naive_bayes_normalized,225,0.651463
2,naive_bayes_normalized,226,0.652577
2,naive_bayes_normalized,227,0.637863
2,naive_bayes_normalized,228,0.644016
2,naive_bayes_normalized,229,0.648388
2,naive_bayes_normalized,230,0.641277
2,naive_bayes_normalized,231,0.633248
2,naive_bayes_normalized,232,0.637522
2,naive_bayes_normalized,233,0.634672
2,naive_bayes_normalized,234,0.648576
2,naive_bayes_normalized,235,0.644621
2,naive_bayes_normalized,236,0.632423
2,naive_bayes_normalized,237,0.634858
2,naive_bayes_normalized,238,0.625852
2,naive_bayes_normalized,239,0.647211
2,naive_bayes_normalized,240,0.648545
2,naive_bayes_normalized,241,0.650232
2,naive_bayes_normalized,242,0.661702
2,naive_bayes_normalized,243,0.632823
2,naive_bayes_normalized,244,0.651647
2,naive_bayes_normalized,245,0.636107
2,naive_bayes_normalized,246,0.647241
2,naive_bayes_normalized,247,0.653867
2,naive_bayes_normalized,248,0.665072
2,naive_bayes_normalized,249,0.647360
2,naive_bayes_normalized,250,0.646924
2,naive_bayes_normalized,251,0.658691
2,naive_bayes_normalized,252,0.639137
2,naive_bayes_normalized,253,0.660610
2,naive_bayes_normalized,254,0.660427
2,naive_bayes_normalized,255,0.651659
2,naive_bayes_normalized,256,0.651756
2,naive_bayes_normalized,257,0.650635
2,naive_bayes_normalized,258,0.639370
2,naive_bayes_normalized,259,0.644472
2,naive_bayes_normalized,260,0.651487
2,naive_bayes_normalized,261,0.653691
2,naive_bayes_normalized,262,0.659459
2,svm_normalized,0,2.781412
2,svm_normalized,1,2.911328
2,svm_normalized,2,2.781750
2,svm_normalized,3,2.859409
2,svm_normalized,4,2.883534
2,svm_normalized,5,2.898757
2,svm_normalized,6,2.845709
2,svm_normalized,7,2.973928
2,svm_normalized,8,2.816172
2,svm_normalized,9,2.871641
2,svm_normalized,10,2.847343
2,svm_normalized,11,2.824504
2,svm_normalized,12,2.778527
2,svm_normalized,13,2.774776
2,svm_normalized,14,2.763571
2,svm_normalized,15,2.774988
2,svm_normalized,16,2.763491
2,svm_normalized,17,2.769719
2,svm_normalized,18,2.758417
2,svm_normalized,19,2.769815
2,svm_normalized,20,2.721106
2,svm_normalized,21,2.702167
2,svm_normalized,22,2.701821
2,svm_normalized,23,2.714559
2,svm_normalized,24,2.760888
2,svm_normalized,25,2.754328
2,svm_normalized,26,2.779551
2,svm_normalized,27,2.787903
2,svm_normalized,28,2.768272
2,svm_normalized,29,2.778087
2,svm_normalized,30,2.759521
2,svm_normalized,31,2.959744
2,svm_normalized,32,2.947163
2,svm_normalized,33,2.930727
2,svm_normalized,34,2.895414
2,svm_normalized,35,2.845829
2,svm_normalized,36,2.826281
2,svm_normalized,37,2.805192
2,svm_normalized,38,3.102491
2,svm_normalized,39,3.179239
2,svm_normalized,40,3.156368
2,svm_normalized,41,3.190158
2,svm_normalized,42,2.994882
2,svm_normalized,43,2.856072
2,svm_normalized,44,2.777683
2,svm_normalized,45,2.786528
2,svm_normalized,46,2.822348
2,svm_normalized,47,2.845834
2,svm_normalized,48,2.856644
2,svm_normalized,49,2.777314
2,svm_normalized,50,2.739532
2,svm_normalized,51,2.685401
2,svm_normalized,52,2.708598
2,svm_normalized,53,2.745709
2,svm_normalized,54,2.810255
2,svm_normalized,55,2.755891
2,svm_normalized,56,2.749619
2,svm_normalized,57,2.756637
2,svm_normalized,58,2.783617
2,svm_normalized,59,2.722311
2,svm_normalized,60,2.737761
2,svm_normalized,61,2.737167
2,svm_normalized,62,2.763697
2,svm_normalized,63,2.635449
2,svm_normalized,64,2.643228
2,svm_normalized,65,2.722173
2,svm_normalized,66,2.734064
2,svm_normalized,67,2.664200
2,svm_normalized,68,2.712149
2,svm_normalized,69,2.720960
2,svm_normalized,70,2.768186
2,svm_normalized,71,2.717474
2,svm_normalized,72,2.718102
2,svm_normalized,73,2.720700
2,svm_normalized,74,2.717983
2,svm_normalized,75,2.702632
2,svm_normalized,76,2.743350
2,svm_normalized,77,2.811332
2,svm_normalized,78,2.920873
2,svm_normalized,79,2.827968
2,svm_normalized,80,2.787691
2,svm_normalized,81,2.860923
2,svm_normalized,82,2.776994
2,svm_normalized,83,2.796101
2,svm_normalized,84,2.767547
2,svm_normalized,85,2.708521
2,svm_normalized,86,2.703762
2,svm_normalized,87,2.849650
2,svm_normalized,88,2.822823
2,svm_normalized,89,2.815688
2,svm_normalized,90,2.787047
2,svm_normalized,91,2.776681
2,svm_normalized,92,2.767639
2,svm_normalized,93,2.784422
2,svm_normalized,94,2.790157
2,svm_normalized,95,2.798022
2,svm_normalized,96,2.778512
2,svm_normalized,97,2.800348
2,svm_normalized,98,2.785924
2,svm_normalized,99,2.806963
2,svm_normalized,100,2.802359
2,svm_normalized,101,2.813918
2,svm_normalized,102,2.794673
2,svm_normalized,103,2.775961
2,svm_normalized,104,2.775772
2,svm_normalized,105,2.827492
2,svm_normalized,106,2.739935
2,svm_normalized,107,2.786430
2,svm_normalized,108,2.775333
2,svm_normalized,109,2.670435
2,svm_normalized,110,2.655749
2,svm_normalized,111,2.638201
2,svm_normalized,112,2.646794
2,svm_normalized,113,2.658578
2,svm_normalized,114,2.642895
2,svm_normalized,115,2.662869
2,svm_normalized,116,2.652273
2,svm_normalized,117,2.643206
2,svm_normalized,118,2.690787
2,svm_normalized,119,2.797914
2,svm_normalized,120,2.804305
2,svm_normalized,121,2.789714
2,svm_normalized,122,2.783985
2,svm_normalized,123,2.763055
2,svm_normalized,124,2.823713
2,svm_normalized,125,2.787388
2,svm_normalized,126,2.789962
2,svm_normalized,127,2.766499
2,svm_normalized,128,2.732813
2,svm_normalized,129,2.794619
2,svm_normalized,130,2.786600
2,svm_normalized,131,2.785905
2,svm_normalized,132,2.765499
2,svm_normalized,133,2.780266
2,svm_normalized,134,2.787094
2,svm_normalized,135,2.770526
2,svm_normalized,136,2.793021
2,svm_normalized,137,2.763559
2,svm_normalized,138,2.782401
2,svm_normalized,139,2.793838
2,svm_normalized,140,2.776916
2,svm_normalized,141,2.827767
2,svm_normalized,142,2.763388
2,svm_normalized,143,2.763887
2,svm_normalized,144,2.737776
2,svm_normalized,145,2.734595
2,svm_normalized,146,2.773195
2,svm_normalized,147,2.812940
2,svm_normalized,148,2.737875
2,svm_normalized,149,2.659428
2,svm_normalized,150,2.712013
2,svm_normalized,151,2.705336
2,svm_normalized,152,2.702137
2,svm_normalized,153,2.810335
2,svm_normalized,154,2.766904
2,svm_normalized,155,2.705667
2,svm_normalized,156,2.748329
2,svm_normalized,157,2.932493
2,svm_normalized,158,2.840325
2,svm_normalized,159,2.792061
2,svm_normalized,160,2.747839
2,svm_normalized,161,2.704766
2,svm_normalized,162,2.709687
2,svm_normalized,163,2.707303
2,svm_normalized,164,2.703817
2,svm_normalized,165,2.724892
2,svm_normalized,166,2.767975
2,svm_normalized,167,2.764036
2,svm_normalized,168,2.764920
2,svm_normalized,169,2.764303
2,svm_normalized,170,2.778270
2,svm_normalized,171,2.787255
2,svm_normalized,172,2.811422
2,svm_normalized,173,2.871306
2,svm_normalized,174,2.844973
2,svm_normalized,175,2.761672
2,svm_normalized,176,2.733719
2,svm_normalized,177,2.759078
2,svm_normalized,178,2.802968
2,svm_normalized,179,2.759884
2,svm_normalized,180,2.761766
2,svm_normalized,181,2.765358
2,svm_normalized,182,2.769112
2,svm_normalized,183,2.775058
2,svm_normalized,184,2.759879
2,svm_normalized,185,2.788926
2,svm_normalized,186,2.813660
2,svm_normalized,187,2.788984
2,svm_normalized,188,2.774050
2,svm_normalized,189,2.760941
2,svm_normalized,190,2.768553
2,svm_normalized,191,2.759667
2,svm_normalized,192,2.783710
2,svm_normalized,193,2.773094
2,svm_normalized,194,2.783160
2,svm_normalized,195,2.775263
2,svm_normalized,196,2.776626
2,svm_normalized,197,2.755010
2,svm_normalized,198,2.726138
2,svm_normalized,199,2.780702
2,svm_normalized,200,2.777287
2,svm_normalized,201,2.660116
2,svm_normalized,202,2.659141
2,svm_normalized,203,2.645418
2,svm_normalized,204,2.643422
2,svm_normalized,205,2.735775
2,svm_normalized,206,2.767329
2,svm_normalized,207,2.772915
2,svm_normalized,208,2.758754
2,svm_normalized,209,2.773764
2,svm_normalized,210,2.682697
2,svm_normalized,211,2.728668
2,svm_normalized,212,2.772674
2,svm_normalized,213,2.774022
2,svm_normalized,214,2.772252
2,svm_normalized,215,2.772921
2,svm_normalized,216,2.773678
2,svm_normalized,217,2.800569
2,svm_normalized,218,2.723633
2,svm_normalized,219,2.711816
2,svm_normalized,220,2.696736
2,svm_normalized,221,2.647751
2,svm_normalized,222,2.634361
2,svm_normalized,223,2.653208
2,svm_normalized,224,2.648317
2,svm_normalized,225,2.639235
2,svm_normalized,226,2.649591
2,svm_normalized,227,2.639093
2,svm_normalized,228,2.744791
2,svm_normalized,229,2.790035
2,svm_normalized,230,2.777318
2,svm_normalized,231,2.760738
2,svm_normalized,232,2.779518
2,svm_normalized,233,2.762650
2,svm_normalized,234,2.781295
2,svm_normalized,235,2.781261
2,svm_normalized,236,2.765833
2,svm_normalized,237,2.760277
2,svm_normalized,238,2.756583
2,svm_normalized,239,2.774298
2,svm_normalized,240,2.772920
2,svm_normalized,241,2.740392
2,svm_normalized,242,2.775423
2,svm_normalized,243,2.769116
2,svm_normalized,244,2.772755
2,svm_normalized,245,2.746668
2,svm_normalized,246,2.769848
2,svm_normalized,247,2.754945
2,svm_normalized,248,2.780125
2,svm_normalized,249,2.766107
2,svm_normalized,250,2.752367
2,svm_normalized,251,2.768102
2,svm_normalized,252,2.730812
2,svm_normalized,253,2.755375
2,svm_normalized,254,2.642861
2,svm_normalized,255,2.643623
2,svm_normalized,256,2.635036
2,svm_normalized,257,2.627012
2,svm_normalized,258,2.633097
2,svm_normalized,259,2.632390
2,svm_normalized,260,2.635056
2,svm_normalized,261,2.660060
2,svm_normalized,262,2.653888
2,signature_raw,0,0.009764
2,signature_raw,1,0.006641
2,signature_raw,2,0.004552
2,signature_raw,3,0.002899
2,signature_raw,4,0.005238
2,signature_raw,5,0.012263
2,signature_raw,6,0.003865
2,signature_raw,7,0.003108
2,signature_raw,8,0.003764
2,signature_raw,9,0.008460
2,signature_raw,10,0.008978
2,signature_raw,11,0.004223
2,signature_raw,12,0.003871
2,signature_raw,13,0.003052
2,signature_raw,14,0.004108
2,signature_raw,15,0.003436
2,signature_raw,16,0.004182
2,signature_raw,17,0.004409
2,signature_raw,18,0.022657
2,signature_raw,19,0.008561
2,signature_raw,20,0.009102
2,signature_raw,21,0.002978
2,signature_raw,22,0.008356
2,signature_raw,23,0.008675
2,signature_raw,24,0.008616
2,signature_raw,25,0.004265
2,signature_raw,26,0.007453
2,signature_raw,27,0.005663
2,signature_raw,28,0.004014
2,signature_raw,29,0.006198
2,signature_raw,30,0.003690
2,signature_raw,31,0.005383
2,signature_raw,32,0.008350
2,signature_raw,33,0.003182
2,signature_raw,34,0.004119
2,signature_raw,35,0.005725
2,signature_raw,36,0.003651
2,signature_raw,37,0.009381
2,signature_raw,38,0.008481
2,signature_raw,39,0.007671
2,signature_raw,40,0.006290
2,signature_raw,41,0.010251
2,signature_raw,42,0.003930
2,signature_raw,43,0.003823
2,signature_raw,44,0.010922
2,signature_raw,45,0.002045
2,signature_raw,46,0.004459
2,signature_raw,47,0.003156
2,signature_raw,48,0.008530
2,signature_raw,49,0.005873
2,signature_raw,50,0.002824
2,signature_raw,51,0.004091
2,signature_raw,52,0.006751
2,signature_raw,53,0.003650
2,signature_raw,54,0.003664
2,signature_raw,55,0.008946
2,signature_raw,56,0.003661
2,signature_raw,57,0.006918
2,signature_raw,58,0.009493
2,signature_raw,59,0.008357
2,signature_raw,60,0.009112
2,signature_raw,61,0.004325
2,signature_raw,62,0.006601
2,signature_raw,63,0.004680
2,signature_raw,64,0.004026
2,signature_raw,65,0.007649
2,signature_raw,66,0.007562
2,signature_raw,67,0.003909
2,signature_raw,68,0.007872
2,signature_raw,69,0.006146
2,signature_raw,70,0.005981
2,signature_raw,71,0.006688
2,signature_raw,72,0.006874
2,signature_raw,73,0.009418
2,signature_raw,74,0.008477
2,signature_raw,75,0.004202
2,signature_raw,76,0.008175
2,signature_raw,77,0.004429
2,signature_raw,78,0.002559
2,signature_raw,79,0.008751
2,signature_raw,80,0.009812
2,signature_raw,81,0.004750
2,signature_raw,82,0.007112
2,signature_raw,83,0.008013
2,signature_raw,84,0.013293
2,signature_raw,85,0.003725
2,signature_raw,86,0.004127
2,signature_raw,87,0.009043
2,signature_raw,88,0.009129
2,signature_raw,89,0.012049
2,signature_raw,90,0.009082
2,signature_raw,91,0.004514
2,signature_raw,92,0.004007
2,signature_raw,93,0.003764
2,signature_raw,94,0.006692
2,signature_raw,95,0.006770
2,signature_raw,96,0.006463
2,signature_raw,97,0.007527
2,signature_raw,98,0.004218
2,signature_raw,99,0.001702
2,signature_raw,100,0.004189
2,signature_raw,101,0.009896
2,signature_raw,102,0.002875
2,signature_raw,103,0.003158
2,signature_raw,104,0.002759
2,signature_raw,105,0.006233
2,signature_raw,106,0.008271
2,signature_raw,107,0.006298
2,signature_raw,108,0.006742
2,signature_raw,109,0.008066
2,signature_raw,110,0.012157
2,signature_raw,111,0.003963
2,signature_raw,112,0.006280
2,signature_raw,113,0.012217
2,signature_raw,114,0.004003
2,signature_raw,115,0.009390
2,signature_raw,116,0.008694
2,signature_raw,117,0.003700
2,signature_raw,118,0.007280
2,signature_raw,119,0.004000
2,signature_raw,120,0.003911
2,signature_raw,121,0.003974
2,signature_raw,122,0.006618
2,signature_raw,123,0.003125
2,signature_raw,124,0.003154
2,signature_raw,125,0.009179
2,signature_raw,126,0.004173
2,signature_raw,127,0.004349
2,signature_raw,128,0.003983
2,signature_raw,129,0.002494
2,signature_raw,130,0.006307
2,signature_raw,131,0.010418
2,signature_raw,132,0.003959
2,signature_raw,133,0.007827
2,signature_raw,134,0.003248
2,signature_raw,135,0.015715
2,signature_raw,136,0.005275
2,signature_raw,137,0.003973
2,signature_raw,138,0.009196
2,signature_raw,139,0.007870
2,signature_raw,140,0.003682
2,signature_raw,141,0.004225
2,signature_raw,142,0.005204
2,signature_raw,143,0.006761
2,signature_raw,144,0.004014
2,signature_raw,145,0.002770
2,signature_raw,146,0.004734
2,signature_raw,147,0.002102
2,signature_raw,148,0.003989
2,signature_raw,149,0.012715
2,signature_raw,150,0.006246
2,signature_raw,151,0.006655
2,signature_raw,152,0.004147
2,signature_raw,153,0.008185
2,signature_raw,154,0.006361
2,signature_raw,155,0.007055
2,signature_raw,156,0.011356
2,signature_raw,157,0.012844
2,signature_raw,158,0.013300
2,signature_raw,159,0.006649
2,signature_raw,160,0.022061
2,signature_raw,161,0.004209
2,signature_raw,162,0.007006
2,signature_raw,163,0.005593
2,signature_raw,164,0.006553
2,signature_raw,165,0.005765
2,signature_raw,166,0.008005
2,signature_raw,167,0.002671
2,signature_raw,168,0.003640
2,signature_raw,169,0.004006
2,signature_raw,170,0.003933
2,signature_raw,171,0.008769
2,signature_raw,172,0.005363
2,signature_raw,173,0.006745
2,signature_raw,174,0.004763
2,signature_raw,175,0.006670
2,signature_raw,176,0.008331
2,signature_raw,177,0.001974
2,signature_raw,178,0.007956
2,signature_raw,179,0.002696
2,signature_raw,180,0.003857
2,signature_raw,181,0.003471
2,signature_raw,182,0.004456
2,signature_raw,183,0.007226
2,signature_raw,184,0.004427
2,signature_raw,185,0.011180
2,signature_raw,186,0.021383
2,signature_raw,187,0.009130
2,signature_raw,188,0.005919
2,signature_raw,189,0.002149
2,signature_raw,190,0.003947
2,signature_raw,191,0.004124
2,signature_raw,192,0.003117
2,signature_raw,193,0.008525
2,signature_raw,194,0.003143
2,signature_raw,195,0.003109
2,signature_raw,196,0.008019
2,signature_raw,197,0.005633
2,signature_raw,198,0.008232
2,signature_raw,199,0.008494
2,signature_raw,200,0.008856
2,signature_raw,201,0.008019
2,signature_raw,202,0.008507
2,signature_raw,203,0.004767
2,signature_raw,204,0.007653
2,signature_raw,205,0.006497
2,signature_raw,206,0.007268
2,signature_raw,207,0.007485
2,signature_raw,208,0.002074
2,signature_raw,209,0.004323
2,signature_raw,210,0.007561
2,signature_raw,211,0.005926
2,signature_raw,212,0.003342
2,signature_raw,213,0.009136
2,signature_raw,214,0.006521
2,signature_raw,215,0.006267
2,signature_raw,216,0.008941
2,signature_raw,217,0.005093
2,signature_raw,218,0.003818
2,signature_raw,219,0.003633
2,signature_raw,220,0.003088
2,signature_raw,221,0.003954
2,signature_raw,222,0.004601
2,signature_raw,223,0.004177
2,signature_raw,224,0.011031
2,signature_raw,225,0.002955
2,signature_raw,226,0.009450
2,signature_raw,227,0.006593
2,signature_raw,228,0.002975
2,signature_raw,229,0.007791
2,signature_raw,230,0.008662
2,signature_raw,231,0.003842
2,signature_raw,232,0.006667
2,signature_raw,233,0.003921
2,signature_raw,234,0.003156
2,signature_raw,235,0.012902
2,signature_raw,236,0.003954
2,signature_raw,237,0.003895
2,signature_raw,238,0.004224
2,signature_raw,239,0.007459
2,signature_raw,240,0.002607
2,signature_raw,241,0.010881
2,signature_raw,242,0.011674
2,signature_raw,243,0.004207
2,signature_raw,244,0.010017
2,signature_raw,245,0.002020
2,signature_raw,246,0.006146
2,signature_raw,247,0.001957
2,signature_raw,248,0.010144
2,signature_raw,249,0.006651
2,signature_raw,250,0.004218
2,signature_raw,251,0.008073
2,signature_raw,252,0.003918
2,signature_raw,253,0.008363
2,signature_raw,254,0.003063
2,signature_raw,255,0.008254
2,signature_raw,256,0.006366
2,signature_raw,257,0.005962
2,signature_raw,258,0.004247
2,signature_raw,259,0.003872
2,signature_raw,260,0.006471
2,signature_raw,261,0.009346
2,signature_raw,262,0.008109
2,signature_normalized,0,0.018209
2,signature_normalized,1,0.012402
2,signature_normalized,2,0.007025
2,signature_normalized,3,0.005827
2,signature_normalized,4,0.010350
2,signature_normalized,5,0.016027
2,signature_normalized,6,0.007130
2,signature_normalized,7,0.005702
2,signature_normalized,8,0.006089
2,signature_normalized,9,0.018590
2,signature_normalized,10,0.018604
2,signature_normalized,11,0.006881
2,signature_normalized,12,0.006240
2,signature_normalized,13,0.005974
2,signature_normalized,14,0.007222
2,signature_normalized,15,0.006726
2,signature_normalized,16,0.006597
2,signature_normalized,17,0.006488
2,signature_normalized,18,0.027358
2,signature_normalized,19,0.018030
2,signature_normalized,20,0.017836
2,signature_normalized,21,0.006598
2,signature_normalized,22,0.016526
2,signature_normalized,23,0.011798
2,signature_normalized,24,0.017796
2,signature_normalized,25,0.006985
2,signature_normalized,26,0.015244
2,signature_normalized,27,0.011170
2,signature_normalized,28,0.007068
2,signature_normalized,29,0.011808
2,signature_normalized,30,0.006031
2,signature_normalized,31,0.008487
2,signature_normalized,32,0.011624
2,signature_normalized,33,0.007354
2,signature_normalized,34,0.006629
2,signature_normalized,35,0.010453
2,signature_normalized,36,0.005985
2,signature_normalized,37,0.012342
2,signature_normalized,38,0.031040
2,signature_normalized,39,0.016367
2,signature_normalized,40,0.012199
2,signature_normalized,41,0.019418
2,signature_normalized,42,0.006668
2,signature_normalized,43,0.006202
2,signature_normalized,44,0.022425
2,signature_normalized,45,0.005809
2,signature_normalized,46,0.007864
2,signature_normalized,47,0.005518
2,signature_normalized,48,0.016368
2,signature_normalized,49,0.011868
2,signature_normalized,50,0.005463
2,signature_normalized,51,0.006831
2,signature_normalized,52,0.013124
2,signature_normalized,53,0.006692
2,signature_normalized,54,0.006419
2,signature_normalized,55,0.018063
2,signature_normalized,56,0.006453
2,signature_normalized,57,0.013028
2,signature_normalized,58,0.018502
2,signature_normalized,59,0.015604
2,signature_normalized,60,0.016757
2,signature_normalized,61,0.006791
2,signature_normalized,62,0.009610
2,signature_normalized,63,0.007319
2,signature_normalized,64,0.006803
2,signature_normalized,65,0.015895
2,signature_normalized,66,0.014750
2,signature_normalized,67,0.006479
2,signature_normalized,68,0.010840
2,signature_normalized,69,0.012141
2,signature_normalized,70,0.011464
2,signature_normalized,71,0.009317
2,signature_normalized,72,0.012825
2,signature_normalized,73,0.012781
2,signature_normalized,74,0.011657
2,signature_normalized,75,0.006853
2,signature_normalized,76,0.014986
2,signature_normalized,77,0.007369
2,signature_normalized,78,0.006481
2,signature_normalized,79,0.016101
2,signature_normalized,80,0.018252
2,signature_normalized,81,0.009646
2,signature_normalized,82,0.014093
2,signature_normalized,83,0.015836
2,signature_normalized,84,0.017316
2,signature_normalized,85,0.007058
2,signature_normalized,86,0.007090
2,signature_normalized,87,0.018366
2,signature_normalized,88,0.012872
2,signature_normalized,89,0.024231
2,signature_normalized,90,0.013216
2,signature_normalized,91,0.006914
2,signature_normalized,92,0.007142
2,signature_normalized,93,0.006688
2,signature_normalized,94,0.009207
2,signature_normalized,95,0.016355
2,signature_normalized,96,0.012138
2,signature_normalized,97,0.015197
2,signature_normalized,98,0.006652
2,signature_normalized,99,0.005018
2,signature_normalized,100,0.006686
2,signature_normalized,101,0.018921
2,signature_normalized,102,0.006410
2,signature_normalized,103,0.005588
2,signature_normalized,104,0.008702
2,signature_normalized,105,0.013282
2,signature_normalized,106,0.015602
2,signature_normalized,107,0.012845
2,signature_normalized,108,0.013341
2,signature_normalized,109,0.015150
2,signature_normalized,110,0.020974
2,signature_normalized,111,0.007131
2,signature_normalized,112,0.012078
2,signature_normalized,113,0.015873
2,signature_normalized,114,0.006467
2,signature_normalized,115,0.012879
2,signature_normalized,116,0.016888
2,signature_normalized,117,0.006778
2,signature_normalized,118,0.010400
2,signature_normalized,119,0.006601
2,signature_normalized,120,0.006240
2,signature_normalized,121,0.006728
2,signature_normalized,122,0.012235
2,signature_normalized,123,0.005745
2,signature_normalized,124,0.006749
2,signature_normalized,125,0.017852
2,signature_normalized,126,0.008941
2,signature_normalized,127,0.006919
2,signature_normalized,128,0.006809
2,signature_normalized,129,0.005627
2,signature_normalized,130,0.012464
2,signature_normalized,131,0.013658
2,signature_normalized,132,0.006767
2,signature_normalized,133,0.015158
2,signature_normalized,134,0.006752
2,signature_normalized,135,0.022019
2,signature_normalized,136,0.007715
2,signature_normalized,137,0.007008
2,signature_normalized,138,0.017905
2,signature_normalized,139,0.015126
2,signature_normalized,140,0.006066
2,signature_normalized,141,0.006724
2,signature_normalized,142,0.008551
2,signature_normalized,143,0.011893
2,signature_normalized,144,0.006307
2,signature_normalized,145,0.005610
2,signature_normalized,146,0.009961
2,signature_normalized,147,0.005030
2,signature_normalized,148,0.006377
2,signature_normalized,149,0.023443
2,signature_normalized,150,0.011480
2,signature_normalized,151,0.007769
2,signature_normalized,152,0.006961
2,signature_normalized,153,0.014510
2,signature_normalized,154,0.026171
2,signature_normalized,155,0.013794
2,signature_normalized,156,0.021808
2,signature_normalized,157,0.017298
2,signature_normalized,158,0.017864
2,signature_normalized,159,0.013243
2,signature_normalized,160,0.028577
2,signature_normalized,161,0.006635
2,signature_normalized,162,0.012925
2,signature_normalized,163,0.008927
2,signature_normalized,164,0.007135
2,signature_normalized,165,0.011086
2,signature_normalized,166,0.015512
2,signature_normalized,167,0.005349
2,signature_normalized,168,0.006212
2,signature_normalized,169,0.006969
2,signature_normalized,170,0.006827
2,signature_normalized,171,0.016930
2,signature_normalized,172,0.010465
2,signature_normalized,173,0.009616
2,signature_normalized,174,0.009552
2,signature_normalized,175,0.012701
2,signature_normalized,176,0.011818
2,signature_normalized,177,0.005265
2,signature_normalized,178,0.015779
2,signature_normalized,179,0.006106
2,signature_normalized,180,0.007183
2,signature_normalized,181,0.005936
2,signature_normalized,182,0.007084
2,signature_normalized,183,0.013498
2,signature_normalized,184,0.015526
2,signature_normalized,185,0.016926
2,signature_normalized,186,0.028015
2,signature_normalized,187,0.012974
2,signature_normalized,188,0.012394
2,signature_normalized,189,0.005399
2,signature_normalized,190,0.006795
2,signature_normalized,191,0.006747
2,signature_normalized,192,0.006518
2,signature_normalized,193,0.016355
2,signature_normalized,194,0.007186
2,signature_normalized,195,0.006710
2,signature_normalized,196,0.015855
2,signature_normalized,197,0.010874
2,signature_normalized,198,0.015571
2,signature_normalized,199,0.012355
2,signature_normalized,200,0.012408
2,signature_normalized,201,0.015421
2,signature_normalized,202,0.016590
2,signature_normalized,203,0.009828
2,signature_normalized,204,0.014945
2,signature_normalized,205,0.009416
2,signature_normalized,206,0.013209
2,signature_normalized,207,0.014291
2,signature_normalized,208,0.005227
2,signature_normalized,209,0.007046
2,signature_normalized,210,0.010520
2,signature_normalized,211,0.011288
2,signature_normalized,212,0.007040
2,signature_normalized,213,0.012611
2,signature_normalized,214,0.012489
2,signature_normalized,215,0.011652
2,signature_normalized,216,0.017457
2,signature_normalized,217,0.009768
2,signature_normalized,218,0.008138
2,signature_normalized,219,0.006833
2,signature_normalized,220,0.006662
2,signature_normalized,221,0.007276
2,signature_normalized,222,0.007255
2,signature_normalized,223,0.008578
2,signature_normalized,224,0.016438
2,signature_normalized,225,0.006633
2,signature_normalized,226,0.013099
2,signature_normalized,227,0.013003
2,signature_normalized,228,0.006595
2,signature_normalized,229,0.015799
2,signature_normalized,230,0.016982
2,signature_normalized,231,0.006554
2,signature_normalized,232,0.012016
2,signature_normalized,233,0.007152
2,signature_normalized,234,0.006752
2,signature_normalized,235,0.016896
2,signature_normalized,236,0.007082
2,signature_normalized,237,0.006722
2,signature_normalized,238,0.006831
2,signature_normalized,239,0.014670
2,signature_normalized,240,0.007618
2,signature_normalized,241,0.015027
2,signature_normalized,242,0.015619
2,signature_normalized,243,0.006985
2,signature_normalized,244,0.019875
2,signature_normalized,245,0.005571
2,signature_normalized,246,0.011428
2,signature_normalized,247,0.005954
2,signature_normalized,248,0.021061
2,signature_normalized,249,0.012372
2,signature_normalized,250,0.007077
2,signature_normalized,251,0.015632
2,signature_normalized,252,0.007009
2,signature_normalized,253,0.016481
2,signature_normalized,254,0.007005
2,signature_normalized,255,0.035812
2,signature_normalized,256,0.013846
2,signature_normalized,257,0.008804
2,signature_normalized,258,0.006881
2,signature_normalized,259,0.006869
2,signature_normalized,260,0.012424
2,signature_normalized,261,0.017354
2,signature_normalized,262,0.016585
2,svm_normalized_uncalibrated,0,0.646928
2,svm_normalized_uncalibrated,1,0.642067
2,svm_normalized_uncalibrated,2,0.672385
2,svm_normalized_uncalibrated,3,0.671068
2,svm_normalized_uncalibrated,4,0.670247
2,svm_normalized_uncalibrated,5,0.685239
2,svm_normalized_uncalibrated,6,0.662113
2,svm_normalized_uncalibrated,7,0.683510
2,svm_normalized_uncalibrated,8,0.665251
2,svm_normalized_uncalibrated,9,0.672709
2,svm_normalized_uncalibrated,10,0.683792
2,svm_normalized_uncalibrated,11,0.664650
2,svm_normalized_uncalibrated,12,0.664206
2,svm_normalized_uncalibrated,13,0.679140
2,svm_normalized_uncalibrated,14,0.664572
2,svm_normalized_uncalibrated,15,0.679312
2,svm_normalized_uncalibrated,16,0.675141
2,svm_normalized_uncalibrated,17,0.676364
2,svm_normalized_uncalibrated,18,0.714311
2,svm_normalized_uncalibrated,19,0.681468
2,svm_normalized_uncalibrated,20,0.679203
2,svm_normalized_uncalibrated,21,0.653692
2,svm_normalized_uncalibrated,22,0.666345
2,svm_normalized_uncalibrated,23,0.694597
2,svm_normalized_uncalibrated,24,0.682922
2,svm_normalized_uncalibrated,25,0.662767
2,svm_normalized_uncalibrated,26,0.678109
2,svm_normalized_uncalibrated,27,0.672468
2,svm_normalized_uncalibrated,28,0.659268
2,svm_normalized_uncalibrated,29,0.668875
2,svm_normalized_uncalibrated,30,0.652204
2,svm_normalized_uncalibrated,31,0.671846
2,svm_normalized_uncalibrated,32,0.675461
2,svm_normalized_uncalibrated,33,0.682188
2,svm_normalized_uncalibrated,34,0.658644
2,svm_normalized_uncalibrated,35,0.675551
2,svm_normalized_uncalibrated,36,0.664542
2,svm_normalized_uncalibrated,37,0.674389
2,svm_normalized_uncalibrated,38,0.681837
2,svm_normalized_uncalibrated,39,0.683093
2,svm_normalized_uncalibrated,40,0.671971
2,svm_normalized_uncalibrated,41,0.666755
2,svm_normalized_uncalibrated,42,0.675485
2,svm_normalized_uncalibrated,43,0.658816
2,svm_normalized_uncalibrated,44,0.680203
2,svm_normalized_uncalibrated,45,0.674286
2,svm_normalized_uncalibrated,46,0.659278
2,svm_normalized_uncalibrated,47,0.666666
2,svm_normalized_uncalibrated,48,0.680708
2,svm_normalized_uncalibrated,49,0.669625
2,svm_normalized_uncalibrated,50,0.663001
2,svm_normalized_uncalibrated,51,0.668905
2,svm_normalized_uncalibrated,52,0.672038
2,svm_normalized_uncalibrated,53,0.664657
2,svm_normalized_uncalibrated,54,0.666787
2,svm_normalized_uncalibrated,55,0.675659
2,svm_normalized_uncalibrated,56,0.668644
2,svm_normalized_uncalibrated,57,0.670135
2,svm_normalized_uncalibrated,58,0.676476
2,svm_normalized_uncalibrated,59,0.681584
2,svm_normalized_uncalibrated,60,0.681887
2,svm_normalized_uncalibrated,61,0.668947
2,svm_normalized_uncalibrated,62,0.659109
2,svm_normalized_uncalibrated,63,0.649156
2,svm_normalized_uncalibrated,64,0.662190
2,svm_normalized_uncalibrated,65,0.684377
2,svm_normalized_uncalibrated,66,0.682838
2,svm_normalized_uncalibrated,67,0.657778
2,svm_normalized_uncalibrated,68,0.683528
2,svm_normalized_uncalibrated,69,0.674209
2,svm_normalized_uncalibrated,70,0.667271
2,svm_normalized_uncalibrated,71,0.670042
2,svm_normalized_uncalibrated,72,0.672436
2,svm_normalized_uncalibrated,73,0.684535
2,svm_normalized_uncalibrated,74,0.678434
2,svm_normalized_uncalibrated,75,0.664694
2,svm_normalized_uncalibrated,76,0.684323
2,svm_normalized_uncalibrated,77,0.668751
2,svm_normalized_uncalibrated,78,0.671856
2,svm_normalized_uncalibrated,79,0.678792
2,svm_normalized_uncalibrated,80,0.683096
2,svm_normalized_uncalibrated,81,0.673217
2,svm_normalized_uncalibrated,82,0.679718
2,svm_normalized_uncalibrated,83,0.674077
2,svm_normalized_uncalibrated,84,0.694764
2,svm_normalized_uncalibrated,85,0.666938
2,svm_normalized_uncalibrated,86,0.657781
2,svm_normalized_uncalibrated,87,0.678924
2,svm_normalized_uncalibrated,88,0.688376
2,svm_normalized_uncalibrated,89,0.685609
2,svm_normalized_uncalibrated,90,0.684631
2,svm_normalized_uncalibrated,91,0.663349
2,svm_normalized_uncalibrated,92,0.660608
2,svm_normalized_uncalibrated,93,0.663601
2,svm_normalized_uncalibrated,94,0.671710
2,svm_normalized_uncalibrated,95,0.660926
2,svm_normalized_uncalibrated,96,0.676162
2,svm_normalized_uncalibrated,97,0.679382
2,svm_normalized_uncalibrated,98,0.657732
2,svm_normalized_uncalibrated,99,0.671018
2,svm_normalized_uncalibrated,100,0.672724
2,svm_normalized_uncalibrated,101,0.656156
2,svm_normalized_uncalibrated,102,0.640395
2,svm_normalized_uncalibrated,103,0.647508
2,svm_normalized_uncalibrated,104,0.645191
2,svm_normalized_uncalibrated,105,0.696500
2,svm_normalized_uncalibrated,106,0.695042
2,svm_normalized_uncalibrated,107,0.677889
2,svm_normalized_uncalibrated,108,0.658519
2,svm_normalized_uncalibrated,109,0.662462
2,svm_normalized_uncalibrated,110,0.652436
2,svm_normalized_uncalibrated,111,0.635600
2,svm_normalized_uncalibrated,112,0.641706
2,svm_normalized_uncalibrated,113,0.646629
2,svm_normalized_uncalibrated,114,0.634100
2,svm_normalized_uncalibrated,115,0.642948
2,svm_normalized_uncalibrated,116,0.648603
2,svm_normalized_uncalibrated,117,0.633516
2,svm_normalized_uncalibrated,118,0.641821
2,svm_normalized_uncalibrated,119,0.633748
2,svm_normalized_uncalibrated,120,0.632161
2,svm_normalized_uncalibrated,121,0.627364
2,svm_normalized_uncalibrated,122,0.642369
2,svm_normalized_uncalibrated,123,0.629458
2,svm_normalized_uncalibrated,124,0.644783
2,svm_normalized_uncalibrated,125,0.648808
2,svm_normalized_uncalibrated,126,0.649388
2,svm_normalized_uncalibrated,127,0.626192
2,svm_normalized_uncalibrated,128,0.637341
2,svm_normalized_uncalibrated,129,0.634351
2,svm_normalized_uncalibrated,130,0.643035
2,svm_normalized_uncalibrated,131,0.647589
2,svm_normalized_uncalibrated,132,0.629007
2,svm_normalized_uncalibrated,133,0.648455
2,svm_normalized_uncalibrated,134,0.650180
2,svm_normalized_uncalibrated,135,0.647466
2,svm_normalized_uncalibrated,136,0.647744
2,svm_normalized_uncalibrated,137,0.636284
2,svm_normalized_uncalibrated,138,0.642221
2,svm_normalized_uncalibrated,139,0.647516
2,svm_normalized_uncalibrated,140,0.627547
2,svm_normalized_uncalibrated,141,0.631772
2,svm_normalized_uncalibrated,142,0.642221
2,svm_normalized_uncalibrated,143,0.640570
2,svm_normalized_uncalibrated,144,0.634806
2,svm_normalized_uncalibrated,145,0.639640
2,svm_normalized_uncalibrated,146,0.635734
2,svm_normalized_uncalibrated,147,0.635381
2,svm_normalized_uncalibrated,148,0.633101
2,svm_normalized_uncalibrated,149,0.645997
2,svm_normalized_uncalibrated,150,0.637559
2,svm_normalized_uncalibrated,151,0.639769
2,svm_normalized_uncalibrated,152,0.627613
2,svm_normalized_uncalibrated,153,0.650380
2,svm_normalized_uncalibrated,154,0.641231
2,svm_normalized_uncalibrated,155,0.648271
2,svm_normalized_uncalibrated,156,0.654434
2,svm_normalized_uncalibrated,157,0.651951
2,svm_normalized_uncalibrated,158,0.679988
2,svm_normalized_uncalibrated,159,0.686496
2,svm_normalized_uncalibrated,160,0.715605
2,svm_normalized_uncalibrated,161,0.669203
2,svm_normalized_uncalibrated,162,0.673402
2,svm_normalized_uncalibrated,163,0.674191
2,svm_normalized_uncalibrated,164,0.677453
2,svm_normalized_uncalibrated,165,0.676150
2,svm_normalized_uncalibrated,166,0.682545
2,svm_normalized_uncalibrated,167,0.656891
2,svm_normalized_uncalibrated,168,0.662296
2,svm_normalized_uncalibrated,169,0.663552
2,svm_normalized_uncalibrated,170,0.656903
2,svm_normalized_uncalibrated,171,0.676132
2,svm_normalized_uncalibrated,172,0.667668
2,svm_normalized_uncalibrated,173,0.674709
2,svm_normalized_uncalibrated,174,0.683606
2,svm_normalized_uncalibrated,175,0.669296
2,svm_normalized_uncalibrated,176,0.674914
2,svm_normalized_uncalibrated,177,0.669197
2,svm_normalized_uncalibrated,178,0.676154
2,svm_normalized_uncalibrated,179,0.650316
2,svm_normalized_uncalibrated,180,0.663445
2,svm_normalized_uncalibrated,181,0.665373
2,svm_normalized_uncalibrated,182,0.663276
2,svm_normalized_uncalibrated,183,0.675419
2,svm_normalized_uncalibrated,184,0.660167
2,svm_normalized_uncalibrated,185,0.678533
2,svm_normalized_uncalibrated,186,0.709629
2,svm_normalized_uncalibrated,187,0.688655
2,svm_normalized_uncalibrated,188,0.675738
2,svm_normalized_uncalibrated,189,0.653315
2,svm_normalized_uncalibrated,190,0.648468
2,svm_normalized_uncalibrated,191,0.659205
2,svm_normalized_uncalibrated,192,0.677612
2,svm_normalized_uncalibrated,193,0.681986
2,svm_normalized_uncalibrated,194,0.658260
2,svm_normalized_uncalibrated,195,0.664100
2,svm_normalized_uncalibrated,196,0.692928
2,svm_normalized_uncalibrated,197,0.665219
2,svm_normalized_uncalibrated,198,0.677564
2,svm_normalized_uncalibrated,199,0.681198
2,svm_normalized_uncalibrated,200,0.689875
2,svm_normalized_uncalibrated,201,0.663448
2,svm_normalized_uncalibrated,202,0.664462
2,svm_normalized_uncalibrated,203,0.646687
2,svm_normalized_uncalibrated,204,0.665422
2,svm_normalized_uncalibrated,205,0.658368
2,svm_normalized_uncalibrated,206,0.670320
2,svm_normalized_uncalibrated,207,0.678706
2,svm_normalized_uncalibrated,208,0.668530
2,svm_normalized_uncalibrated,209,0.660585
2,svm_normalized_uncalibrated,210,0.676779
2,svm_normalized_uncalibrated,211,0.671727
2,svm_normalized_uncalibrated,212,0.673738
2,svm_normalized_uncalibrated,213,0.677652
2,svm_normalized_uncalibrated,214,0.669128
2,svm_normalized_uncalibrated,215,0.650934
2,svm_normalized_uncalibrated,216,0.659693
2,svm_normalized_uncalibrated,217,0.680908
2,svm_normalized_uncalibrated,218,0.683184
2,svm_normalized_uncalibrated,219,0.663680
2,svm_normalized_uncalibrated,220,0.675110
2,svm_normalized_uncalibrated,221,0.654770
2,svm_normalized_uncalibrated,222,0.670764
2,svm_normalized_uncalibrated,223,0.681806
2,svm_normalized_uncalibrated,224,0.675735
2,svm_normalized_uncalibrated,225,0.673989
2,svm_normalized_uncalibrated,226,0.683676
2,svm_normalized_uncalibrated,227,0.671980
2,svm_normalized_uncalibrated,228,0.671371
2,svm_normalized_uncalibrated,229,0.678817
2,svm_normalized_uncalibrated,230,0.677606
2,svm_normalized_uncalibrated,231,0.663631
2,svm_normalized_uncalibrated,232,0.672270
2,svm_normalized_uncalibrated,233,0.652140
2,svm_normalized_uncalibrated,234,0.692710
2,svm_normalized_uncalibrated,235,0.665904
2,svm_normalized_uncalibrated,236,0.664330
2,svm_normalized_uncalibrated,237,0.672483
2,svm_normalized_uncalibrated,238,0.645354
2,svm_normalized_uncalibrated,239,0.678627
2,svm_normalized_uncalibrated,240,0.676567
2,svm_normalized_uncalibrated,241,0.689404
2,svm_normalized_uncalibrated,242,0.692436
2,svm_normalized_uncalibrated,243,0.663120
2,svm_normalized_uncalibrated,244,0.680553
2,svm_normalized_uncalibrated,245,0.654514
2,svm_normalized_uncalibrated,246,0.678471
2,svm_normalized_uncalibrated,247,0.656085
2,svm_normalized_uncalibrated,248,0.663228
2,svm_normalized_uncalibrated,249,0.664818
2,svm_normalized_uncalibrated,250,0.665088
2,svm_normalized_uncalibrated,251,0.675922
2,svm_normalized_uncalibrated,252,0.665509
2,svm_normalized_uncalibrated,253,0.663422
2,svm_normalized_uncalibrated,254,0.663342
2,svm_normalized_uncalibrated,255,0.669722
2,svm_normalized_uncalibrated,256,0.669298
2,svm_normalized_uncalibrated,257,0.674448
2,svm_normalized_uncalibrated,258,0.642648
2,svm_normalized_uncalibrated,259,0.644578
2,svm_normalized_uncalibrated,260,0.679121
2,svm_normalized_uncalibrated,261,0.682582
2,svm_normalized_uncalibrated,262,0.659468
3,logistic_regression_normalized,0,0.953953
3,logistic_regression_normalized,1,0.979696
3,logistic_regression_normalized,2,0.968221
3,logistic_regression_normalized,3,0.965371
3,logistic_regression_normalized,4,0.968492
3,logistic_regression_normalized,5,0.979670
3,logistic_regression_normalized,6,0.958606
3,logistic_regression_normalized,7,0.950389
3,logistic_regression_normalized,8,0.926971
3,logistic_regression_normalized,9,0.975342
3,logistic_regression_normalized,10,0.980464
3,logistic_regression_normalized,11,0.973536
3,logistic_regression_normalized,12,0.926357
3,logistic_regression_normalized,13,0.951334
3,logistic_regression_normalized,14,0.933905
3,logistic_regression_normalized,15,0.979714
3,logistic_regression_normalized,16,0.954173
3,logistic_regression_normalized,17,0.966789
3,logistic_regression_normalized,18,1.012131
3,logistic_regression_normalized,19,0.953126
3,logistic_regression_normalized,20,0.953209
3,logistic_regression_normalized,21,0.917298
3,logistic_regression_normalized,22,0.974837
3,logistic_regression_normalized,23,0.993398
3,logistic_regression_normalized,24,0.950045
3,logistic_regression_normalized,25,0.928409
3,logistic_regression_normalized,26,0.986039
3,logistic_regression_normalized,27,0.962924
3,logistic_regression_normalized,28,0.949694
3,logistic_regression_normalized,29,0.966310
3,logistic_regression_normalized,30,0.950380
3,logistic_regression_normalized,31,0.965481
3,logistic_regression_normalized,32,0.947648
3,logistic_regression_normalized,33,0.955312
3,logistic_regression_normalized,34,0.953573
3,logistic_regression_normalized,35,0.962554
3,logistic_regression_normalized,36,0.980321
3,logistic_regression_normalized,37,0.964726
3,logistic_regression_normalized,38,0.973801
3,logistic_regression_normalized,39,0.978706
3,logistic_regression_normalized,40,0.965119
3,logistic_regression_normalized,41,0.974651
3,logistic_regression_normalized,42,0.952258
3,logistic_regression_normalized,43,0.952052
3,logistic_regression_normalized,44,0.989311
3,logistic_regression_normalized,45,0.959240
3,logistic_regression_normalized,46,0.954851
3,logistic_regression_normalized,47,0.955091
3,logistic_regression_normalized,48,0.984325
3,logistic_regression_normalized,49,0.970559
3,logistic_regression_normalized,50,0.940323
3,logistic_regression_normalized,51,0.930480
3,logistic_regression_normalized,52,0.978573
3,logistic_regression_normalized,53,0.964419
3,logistic_regression_normalized,54,0.957317
3,logistic_regression_normalized,55,0.980674
3,logistic_regression_normalized,56,0.954030
3,logistic_regression_normalized,57,0.969245
3,logistic_regression_normalized,58,0.976904
3,logistic_regression_normalized,59,0.975467
3,logistic_regression_normalized,60,0.974307
3,logistic_regression_normalized,61,0.955115
3,logistic_regression_normalized,62,0.967122
3,logistic_regression_normalized,63,0.951694
3,logistic_regression_normalized,64,0.955674
3,logistic_regression_normalized,65,0.976526
3,logistic_regression_normalized,66,0.968454
3,logistic_regression_normalized,67,0.953857
3,logistic_regression_normalized,68,0.978398
3,logistic_regression_normalized,69,0.968494
3,logistic_regression_normalized,70,0.968130
3,logistic_regression_normalized,71,1.041856
3,logistic_regression_normalized,72,0.999232
3,logistic_regression_normalized,73,1.001008
3,logistic_regression_normalized,74,0.975427
3,logistic_regression_normalized,75,0.955291
3,logistic_regression_normalized,76,0.976441
3,logistic_regression_normalized,77,0.958535
3,logistic_regression_normalized,78,0.963991
3,logistic_regression_normalized,79,0.983434
3,logistic_regression_normalized,80,0.975490
3,logistic_regression_normalized,81,0.966134
3,logistic_regression_normalized,82,0.746447
3,logistic_regression_normalized,83,0.702421
3,logistic_regression_normalized,84,0.713572
3,logistic_regression_normalized,85,0.684219
3,logistic_regression_normalized,86,0.685464
3,logistic_regression_normalized,87,0.698982
3,logistic_regression_normalized,88,0.694533
3,logistic_regression_normalized,89,0.696224
3,logistic_regression_normalized,90,0.700183
3,logistic_regression_normalized,91,0.688474
3,logistic_regression_normalized,92,0.687114
3,logistic_regression_normalized,93,0.688848
3,logistic_regression_normalized,94,0.686799
3,logistic_regression_normalized,95,0.696373
3,logistic_regression_normalized,96,0.696261
3,logistic_regression_normalized,97,0.696912
3,logistic_regression_normalized,98,0.684658
3,logistic_regression_normalized,99,0.696383
3,logistic_regression_normalized,100,0.687904
3,logistic_regression_normalized,101,0.679214
3,logistic_regression_normalized,102,0.655781
3,logistic_regression_normalized,103,0.680906
3,logistic_regression_normalized,104,0.687367
3,logistic_regression_normalized,105,0.728264
3,logistic_regression_normalized,106,0.697753
3,logistic_regression_normalized,107,0.673520
3,logistic_regression_normalized,108,0.677129
3,logistic_regression_normalized,109,0.710050
3,logistic_regression_normalized,110,0.710308
3,logistic_regression_normalized,111,0.675061
3,logistic_regression_normalized,112,0.680240
3,logistic_regression_normalized,113,0.681956
3,logistic_regression_normalized,114,0.665106
3,logistic_regression_normalized,115,0.683640
3,logistic_regression_normalized,116,0.672692
3,logistic_regression_normalized,117,0.664764
3,logistic_regression_normalized,118,0.680725
3,logistic_regression_normalized,119,0.660625
3,logistic_regression_normalized,120,0.667469
3,logistic_regression_normalized,121,0.667022
3,logistic_regression_normalized,122,0.689697
3,logistic_regression_normalized,123,0.682728
3,logistic_regression_normalized,124,0.697215
3,logistic_regression_normalized,125,0.678883
3,logistic_regression_normalized,126,0.687323
3,logistic_regression_normalized,127,0.667973
3,logistic_regression_normalized,128,0.661980
3,logistic_regression_normalized,129,0.677299
3,logistic_regression_normalized,130,0.677101
3,logistic_regression_normalized,131,0.677901
3,logistic_regression_normalized,132,0.666711
3,logistic_regression_normalized,133,0.682900
3,logistic_regression_normalized,134,0.689315
3,logistic_regression_normalized,135,0.681029
3,logistic_regression_normalized,136,0.681451
3,logistic_regression_normalized,137,0.665752
3,logistic_regression_normalized,138,0.677026
3,logistic_regression_normalized,139,0.683129
3,logistic_regression_normalized,140,0.664735
3,logistic_regression_normalized,141,0.663740
3,logistic_regression_normalized,142,0.677071
3,logistic_regression_normalized,143,0.684140
3,logistic_regression_normalized,144,0.663314
3,logistic_regression_normalized,145,0.677863
3,logistic_regression_normalized,146,0.678458
3,logistic_regression_normalized,147,0.667765
3,logistic_regression_normalized,148,0.668972
3,logistic_regression_normalized,149,0.690471
3,logistic_regression_normalized,150,0.672328
3,logistic_regression_normalized,151,0.680146
3,logistic_regression_normalized,152,0.945411
3,logistic_regression_normalized,153,0.728289
3,logistic_regression_normalized,154,0.693485
3,logistic_regression_normalized,155,0.717858
3,logistic_regression_normalized,156,0.691331
3,logistic_regression_normalized,157,0.700041
3,logistic_regression_normalized,158,0.695689
3,logistic_regression_normalized,159,0.678602
3,logistic_regression_normalized,160,0.722811
3,logistic_regression_normalized,161,0.665673
3,logistic_regression_normalized,162,0.681143
3,logistic_regression_normalized,163,0.687249
3,logistic_regression_normalized,164,0.674169
3,logistic_regression_normalized,165,0.682037
3,logistic_regression_normalized,166,0.714428
3,logistic_regression_normalized,167,0.678371
3,logistic_regression_normalized,168,0.688947
3,logistic_regression_normalized,169,0.685507
3,logistic_regression_normalized,170,0.671082
3,logistic_regression_normalized,171,0.677311
3,logistic_regression_normalized,172,0.645586
3,logistic_regression_normalized,173,0.644915
3,logistic_regression_normalized,174,0.647296
3,logistic_regression_normalized,175,0.644241
3,logistic_regression_normalized,176,0.644965
3,logistic_regression_normalized,177,0.644355
3,logistic_regression_normalized,178,0.653520
3,logistic_regression_normalized,179,0.627884
3,logistic_regression_normalized,180,0.640920
3,logistic_regression_normalized,181,0.637256
3,logistic_regression_normalized,182,0.635083
3,logistic_regression_normalized,183,0.647226
3,logistic_regression_normalized,184,0.633123
3,logistic_regression_normalized,185,0.657040
3,logistic_regression_normalized,186,0.680292
3,logistic_regression_normalized,187,0.655365
3,logistic_regression_normalized,188,0.645527
3,logistic_regression_normalized,189,0.643713
3,logistic_regression_normalized,190,0.631726
3,logistic_regression_normalized,191,0.632678
3,logistic_regression_normalized,192,0.652624
3,logistic_regression_normalized,193,0.647104
3,logistic_regression_normalized,194,0.657066
3,logistic_regression_normalized,195,0.653942
3,logistic_regression_normalized,196,0.645515
3,logistic_regression_normalized,197,0.640266
3,logistic_regression_normalized,198,0.651747
3,logistic_regression_normalized,199,0.663812
3,logistic_regression_normalized,200,0.675067
3,logistic_regression_normalized,201,0.669962
3,logistic_regression_normalized,202,0.714557
3,logistic_regression_normalized,203,0.693407
3,logistic_regression_normalized,204,0.691664
3,logistic_regression_normalized,205,0.675606
3,logistic_regression_normalized,206,0.678396
3,logistic_regression_normalized,207,0.684594
3,logistic_regression_normalized,208,0.666247
3,logistic_regression_normalized,209,0.673448
3,logistic_regression_normalized,210,0.683711
3,logistic_regression_normalized,211,0.690579
3,logistic_regression_normalized,212,0.716832
3,logistic_regression_normalized,213,0.718734
3,logistic_regression_normalized,214,0.715258
3,logistic_regression_normalized,215,0.708358
3,logistic_regression_normalized,216,0.719827
3,logistic_regression_normalized,217,0.714868
3,logistic_regression_normalized,218,0.709369
3,logistic_regression_normalized,219,0.695223
3,logistic_regression_normalized,220,0.682790
3,logistic_regression_normalized,221,0.661328
3,logistic_regression_normalized,222,0.671485
3,logistic_regression_normalized,223,0.690273
3,logistic_regression_normalized,224,0.689233
3,logistic_regression_normalized,225,0.678949
3,logistic_regression_normalized,226,0.692334
3,logistic_regression_normalized,227,0.679628
3,logistic_regression_normalized,228,0.673375
3,logistic_regression_normalized,229,0.685057
3,logistic_regression_normalized,230,0.686917
3,logistic_regression_normalized,231,0.663897
3,logistic_regression_normalized,232,0.675660
3,logistic_regression_normalized,233,0.669943
3,logistic_regression_normalized,234,0.678724
3,logistic_regression_normalized,235,0.686448
3,logistic_regression_normalized,236,0.667379
3,logistic_regression_normalized,237,0.664340
3,logistic_regression_normalized,238,0.669469
3,logistic_regression_normalized,239,0.683679
3,logistic_regression_normalized,240,0.681249
3,logistic_regression_normalized,241,0.693004
3,logistic_regression_normalized,242,0.702131
3,logistic_regression_normalized,243,0.669779
3,logistic_regression_normalized,244,0.686591
3,logistic_regression_normalized,245,0.663644
3,logistic_regression_normalized,246,0.672772
3,logistic_regression_normalized,247,0.679208
3,logistic_regression_normalized,248,0.685195
3,logistic_regression_normalized,249,0.677093
3,logistic_regression_normalized,250,0.676691
3,logistic_regression_normalized,251,0.668312
3,logistic_regression_normalized,252,0.651645
3,logistic_regression_normalized,253,0.679003
3,logistic_regression_normalized,254,0.686380
3,logistic_regression_normalized,255,0.684720
3,logistic_regression_normalized,256,0.674899
3,logistic_regression_normalized,257,0.674185
3,logistic_regression_normalized,258,0.671887
3,logistic_regression_normalized,259,0.663614
3,logistic_regression_normalized,260,0.676504
3,logistic_regression_normalized,261,0.687146
3,logistic_regression_normalized,262,0.695589
3,naive_bayes_normalized,0,0.676974
3,naive_bayes_normalized,1,0.674003
3,naive_bayes_normalized,2,0.674919
3,naive_bayes_normalized,3,0.669007
3,naive_bayes_normalized,4,0.674248
3,naive_bayes_normalized,5,0.684890
3,naive_bayes_normalized,6,0.668602
3,naive_bayes_normalized,7,0.677513
3,naive_bayes_normalized,8,0.671119
3,naive_bayes_normalized,9,0.679853
3,naive_bayes_normalized,10,0.678993
3,naive_bayes_normalized,11,0.667054
3,naive_bayes_normalized,12,0.664581
3,naive_bayes_normalized,13,0.675677
3,naive_bayes_normalized,14,0.669349
3,naive_bayes_normalized,15,0.685448
3,naive_bayes_normalized,16,0.661900
3,naive_bayes_normalized,17,0.666189
3,naive_bayes_normalized,18,0.714243
3,naive_bayes_normalized,19,0.674358
3,naive_bayes_normalized,20,0.682990
3,naive_bayes_normalized,21,0.662576
3,naive_bayes_normalized,22,0.667285
3,naive_bayes_normalized,23,0.684664
3,naive_bayes_normalized,24,0.682397
3,naive_bayes_normalized,25,0.662204
3,naive_bayes_normalized,26,0.681394
3,naive_bayes_normalized,27,0.675917
3,naive_bayes_normalized,28,0.664764
3,naive_bayes_normalized,29,0.672536
3,naive_bayes_normalized,30,0.662337
3,naive_bayes_normalized,31,0.673985
3,naive_bayes_normalized,32,0.696287
3,naive_bayes_normalized,33,0.684119
3,naive_bayes_normalized,34,0.660017
3,naive_bayes_normalized,35,0.689096
3,naive_bayes_normalized,36,0.659932
3,naive_bayes_normalized,37,0.660436
3,naive_bayes_normalized,38,0.665970
3,naive_bayes_normalized,39,0.693658
3,naive_bayes_normalized,40,0.673452
3,naive_bayes_normalized,41,0.667102
3,naive_bayes_normalized,42,0.676042
3,naive_bayes_normalized,43,0.667783
3,naive_bayes_normalized,44,0.672938
3,naive_bayes_normalized,45,0.658319
3,naive_bayes_normalized,46,0.643872
3,naive_bayes_normalized,47,0.666233
3,naive_bayes_normalized,48,0.682749
3,naive_bayes_normalized,49,0.671371
3,naive_bayes_normalized,50,0.674564
3,naive_bayes_normalized,51,0.653210
3,naive_bayes_normalized,52,0.658618
3,naive_bayes_normalized,53,0.648772
3,naive_bayes_normalized,54,0.650486
3,naive_bayes_normalized,55,0.661989
3,naive_bayes_normalized,56,0.651480
3,naive_bayes_normalized,57,0.687605
3,naive_bayes_normalized,58,0.676002
3,naive_bayes_normalized,59,0.682430
3,naive_bayes_normalized,60,0.682391
3,naive_bayes_normalized,61,0.661367
3,naive_bayes_normalized,62,0.675507
3,naive_bayes_normalized,63,0.667210
3,naive_bayes_normalized,64,0.663110
3,naive_bayes_normalized,65,0.680415
3,naive_bayes_normalized,66,0.678723
3,naive_bayes_normalized,67,0.651731
3,naive_bayes_normalized,68,0.666700
3,naive_bayes_normalized,69,0.656905
3,naive_bayes_normalized,70,0.649036
3,naive_bayes_normalized,71,0.656956
3,naive_bayes_normalized,72,0.682113
3,naive_bayes_normalized,73,0.684353
3,naive_bayes_normalized,74,0.663553
3,naive_bayes_normalized,75,0.652652
3,naive_bayes_normalized,76,0.659046
3,naive_bayes_normalized,77,0.652963
3,naive_bayes_normalized,78,0.655914
3,naive_bayes_normalized,79,0.662684
3,naive_bayes_normalized,80,0.679147
3,naive_bayes_normalized,81,0.672815
3,naive_bayes_normalized,82,0.681462
3,naive_bayes_normalized,83,0.673725
3,naive_bayes_normalized,84,0.664306
3,naive_bayes_normalized,85,0.629579
3,naive_bayes_normalized,86,0.636973
3,naive_bayes_normalized,87,0.649622
3,naive_bayes_normalized,88,0.655110
3,naive_bayes_normalized,89,0.659338
3,naive_bayes_normalized,90,0.649735
3,naive_bayes_normalized,91,0.632863
3,naive_bayes_normalized,92,0.634132
3,naive_bayes_normalized,93,0.635886
3,naive_bayes_normalized,94,0.640933
3,naive_bayes_normalized,95,0.647388
3,naive_bayes_normalized,96,0.641376
3,naive_bayes_normalized,97,0.643827
3,naive_bayes_normalized,98,0.638054
3,naive_bayes_normalized,99,0.632672
3,naive_bayes_normalized,100,0.636329
3,naive_bayes_normalized,101,0.650023
3,naive_bayes_normalized,102,0.624277
3,naive_bayes_normalized,103,0.638345
3,naive_bayes_normalized,104,0.640474
3,naive_bayes_normalized,105,0.670281
3,naive_bayes_normalized,106,0.651311
3,naive_bayes_normalized,107,0.647290
3,naive_bayes_normalized,108,0.639815
3,naive_bayes_normalized,109,0.648628
3,naive_bayes_normalized,110,0.658367
3,naive_bayes_normalized,111,0.632365
3,naive_bayes_normalized,112,0.645994
3,naive_bayes_normalized,113,0.649204
3,naive_bayes_normalized,114,0.635271
3,naive_bayes_normalized,115,0.650916
3,naive_bayes_normalized,116,0.645963
3,naive_bayes_normalized,117,0.637410
3,naive_bayes_normalized,118,0.647891
3,naive_bayes_normalized,119,0.627806
3,naive_bayes_normalized,120,0.635326
3,naive_bayes_normalized,121,0.635936
3,naive_bayes_normalized,122,0.640301
3,naive_bayes_normalized,123,0.638279
3,naive_bayes_normalized,124,0.648949
3,naive_bayes_normalized,125,0.645330
3,naive_bayes_normalized,126,0.654060
3,naive_bayes_normalized,127,0.633141
3,naive_bayes_normalized,128,0.638363
3,naive_bayes_normalized,129,0.639889
3,naive_bayes_normalized,130,0.637249
3,naive_bayes_normalized,131,0.650258
3,naive_bayes_normalized,132,0.637322
3,naive_bayes_normalized,133,0.645917
3,naive_bayes_normalized,134,0.650342
3,naive_bayes_normalized,135,0.655878
3,naive_bayes_normalized,136,0.643345
3,naive_bayes_normalized,137,0.636320
3,naive_bayes_normalized,138,0.651761
3,naive_bayes_normalized,139,0.642648
3,naive_bayes_normalized,140,0.636067
3,naive_bayes_normalized,141,0.630791
3,naive_bayes_normalized,142,0.641408
3,naive_bayes_normalized,143,0.646858
3,naive_bayes_normalized,144,0.632761
3,naive_bayes_normalized,145,0.642690
3,naive_bayes_normalized,146,0.642317
3,naive_bayes_normalized,147,0.631809
3,naive_bayes_normalized,148,0.636624
3,naive_bayes_normalized,149,0.653382
3,naive_bayes_normalized,150,0.634581
3,naive_bayes_normalized,151,0.644568
3,naive_bayes_normalized,152,0.632962
3,naive_bayes_normalized,153,0.648939
3,naive_bayes_normalized,154,0.648069
3,naive_bayes_normalized,155,0.640512
3,naive_bayes_normalized,156,0.651491
3,naive_bayes_normalized,157,0.659951
3,naive_bayes_normalized,158,0.655759
3,naive_bayes_normalized,159,0.641968
3,naive_bayes_normalized,160,0.677034
3,naive_bayes_normalized,161,0.631049
3,naive_bayes_normalized,162,0.643538
3,naive_bayes_normalized,163,0.645762
3,naive_bayes_normalized,164,0.637460
3,naive_bayes_normalized,165,0.643497
3,naive_bayes_normalized,166,0.648461
3,naive_bayes_normalized,167,0.625296
3,naive_bayes_normalized,168,0.638571
3,naive_bayes_normalized,169,0.628233
3,naive_bayes_normalized,170,0.633909
3,naive_bayes_normalized,171,0.649545
3,naive_bayes_normalized,172,0.641280
3,naive_bayes_normalized,173,0.648611
3,naive_bayes_normalized,174,0.639737
3,naive_bayes_normalized,175,0.638044
3,naive_bayes_normalized,176,0.650101
3,naive_bayes_normalized,177,0.642710
3,naive_bayes_normalized,178,0.644284
3,naive_bayes_normalized,179,0.631369
3,naive_bayes_normalized,180,0.636065
3,naive_bayes_normalized,181,0.629998
3,naive_bayes_normalized,182,0.639793
3,naive_bayes_normalized,183,0.640439
3,naive_bayes_normalized,184,0.634085
3,naive_bayes_normalized,185,0.654062
3,naive_bayes_normalized,186,0.672935
3,naive_bayes_normalized,187,0.659339
3,naive_bayes_normalized,188,0.642617
3,naive_bayes_normalized,189,0.653057
3,naive_bayes_normalized,190,0.649876
3,naive_bayes_normalized,191,0.653865
3,naive_bayes_normalized,192,0.642946
3,naive_bayes_normalized,193,0.650942
3,naive_bayes_normalized,194,0.676986
3,naive_bayes_normalized,195,0.659477
3,naive_bayes_normalized,196,0.665682
3,naive_bayes_normalized,197,0.656520
3,naive_bayes_normalized,198,0.659673
3,naive_bayes_normalized,199,0.666755
3,naive_bayes_normalized,200,0.670558
3,naive_bayes_normalized,201,0.658512
3,naive_bayes_normalized,202,0.668072
3,naive_bayes_normalized,203,0.654846
3,naive_bayes_normalized,204,0.658583
3,naive_bayes_normalized,205,0.659513
3,naive_bayes_normalized,206,0.654560
3,naive_bayes_normalized,207,0.659765
3,naive_bayes_normalized,208,0.652640
3,naive_bayes_normalized,209,0.646564
3,naive_bayes_normalized,210,0.656040
3,naive_bayes_normalized,211,0.656249
3,naive_bayes_normalized,212,0.663924
3,naive_bayes_normalized,213,0.661507
3,naive_bayes_normalized,214,0.657962
3,naive_bayes_normalized,215,0.653902
3,naive_bayes_normalized,216,0.674836
3,naive_bayes_normalized,217,0.645543
3,naive_bayes_normalized,218,0.676747
3,naive_bayes_normalized,219,0.648660
3,naive_bayes_normalized,220,0.664556
3,naive_bayes_normalized,221,0.648113
3,naive_bayes_normalized,222,0.654100
3,naive_bayes_normalized,223,0.667665
3,naive_bayes_normalized,224,0.663939
3,naive_bayes_normalized,225,0.666620
3,naive_bayes_normalized,226,0.672348
3,naive_bayes_normalized,227,0.663161
3,naive_bayes_normalized,228,0.663464
3,naive_bayes_normalized,229,0.656099
3,naive_bayes_normalized,230,0.642764
3,naive_bayes_normalized,231,0.638756
3,naive_bayes_normalized,232,0.681048
3,naive_bayes_normalized,233,0.647110
3,naive_bayes_normalized,234,0.669940
3,naive_bayes_normalized,235,0.665967
3,naive_bayes_normalized,236,0.648582
3,naive_bayes_normalized,237,0.651327
3,naive_bayes_normalized,238,0.650306
3,naive_bayes_normalized,239,0.673225
3,naive_bayes_normalized,240,0.653464
3,naive_bayes_normalized,241,0.661422
3,naive_bayes_normalized,242,0.675514
3,naive_bayes_normalized,243,0.655540
3,naive_bayes_normalized,244,0.670064
3,naive_bayes_normalized,245,0.640886
3,naive_bayes_normalized,246,0.659832
3,naive_bayes_normalized,247,0.664320
3,naive_bayes_normalized,248,0.706560
3,naive_bayes_normalized,249,0.685213
3,naive_bayes_normalized,250,0.669975
3,naive_bayes_normalized,251,0.678408
3,naive_bayes_normalized,252,0.666893
3,naive_bayes_normalized,253,0.680398
3,naive_bayes_normalized,254,0.678832
3,naive_bayes_normalized,255,0.683995
3,naive_bayes_normalized,256,0.675906
3,naive_bayes_normalized,257,0.665563
3,naive_bayes_normalized,258,0.668974
3,naive_bayes_normalized,259,0.696766
3,naive_bayes_normalized,260,0.692954
3,naive_bayes_normalized,261,0.706560
3,naive_bayes_normalized,262,0.682364
3,svm_normalized,0,2.784723
3,svm_normalized,1,2.791774
3,svm_normalized,2,2.790849
3,svm_normalized,3,2.788815
3,svm_normalized,4,2.794867
3,svm_normalized,5,2.800590
3,svm_normalized,6,2.784530
3,svm_normalized,7,2.801882
3,svm_normalized,8,2.788036
3,svm_normalized,9,2.798159
3,svm_normalized,10,2.798511
3,svm_normalized,11,2.697626
3,svm_normalized,12,2.655425
3,svm_normalized,13,2.746068
3,svm_normalized,14,2.718673
3,svm_normalized,15,2.673471
3,svm_normalized,16,2.649998
3,svm_normalized,17,2.644376
3,svm_normalized,18,2.749526
3,svm_normalized,19,2.867188
3,svm_normalized,20,2.801857
3,svm_normalized,21,2.774586
3,svm_normalized,22,2.783928
3,svm_normalized,23,2.799375
3,svm_normalized,24,2.788902
3,svm_normalized,25,2.772780
3,svm_normalized,26,2.800716
3,svm_normalized,27,2.784507
3,svm_normalized,28,2.781272
3,svm_normalized,29,2.786179
3,svm_normalized,30,2.778976
3,svm_normalized,31,2.786567
3,svm_normalized,32,2.810599
3,svm_normalized,33,2.914797
3,svm_normalized,34,2.789457
3,svm_normalized,35,2.804189
3,svm_normalized,36,2.783095
3,svm_normalized,37,2.785791
3,svm_normalized,38,2.801442
3,svm_normalized,39,2.795238
3,svm_normalized,40,2.757695
3,svm_normalized,41,2.737930
3,svm_normalized,42,2.705320
3,svm_normalized,43,2.715525
3,svm_normalized,44,2.800521
3,svm_normalized,45,2.798384
3,svm_normalized,46,2.778691
3,svm_normalized,47,2.787825
3,svm_normalized,48,2.813889
3,svm_normalized,49,2.802135
3,svm_normalized,50,2.781472
3,svm_normalized,51,2.778615
3,svm_normalized,52,2.808353
3,svm_normalized,53,2.786715
3,svm_normalized,54,2.778484
3,svm_normalized,55,2.835329
3,svm_normalized,56,2.779815
3,svm_normalized,57,2.788164
3,svm_normalized,58,2.802005
3,svm_normalized,59,2.800062
3,svm_normalized,60,2.787074
3,svm_normalized,61,2.776689
3,svm_normalized,62,2.664473
3,svm_normalized,63,2.656043
3,svm_normalized,64,2.647998
3,svm_normalized,65,2.663895
3,svm_normalized,66,2.811019
3,svm_normalized,67,2.829107
3,svm_normalized,68,2.742533
3,svm_normalized,69,2.802063
3,svm_normalized,70,2.870058
3,svm_normalized,71,2.867648
3,svm_normalized,72,2.873401
3,svm_normalized,73,2.908838
3,svm_normalized,74,2.801915
3,svm_normalized,75,2.790575
3,svm_normalized,76,2.807995
3,svm_normalized,77,2.786968
3,svm_normalized,78,2.792605
3,svm_normalized,79,2.793285
3,svm_normalized,80,2.794271
3,svm_normalized,81,2.783823
3,svm_normalized,82,2.806811
3,svm_normalized,83,2.803224
3,svm_normalized,84,2.814045
3,svm_normalized,85,2.792944
3,svm_normalized,86,2.783287
3,svm_normalized,87,2.726258
3,svm_normalized,88,2.737023
3,svm_normalized,89,2.740988
3,svm_normalized,90,2.739654
3,svm_normalized,91,2.725058
3,svm_normalized,92,2.779709
3,svm_normalized,93,2.781818
3,svm_normalized,94,2.783448
3,svm_normalized,95,2.773516
3,svm_normalized,96,2.664093
3,svm_normalized,97,2.671355
3,svm_normalized,98,2.663209
3,svm_normalized,99,2.654131
3,svm_normalized,100,2.651744
3,svm_normalized,101,2.671073
3,svm_normalized,102,2.666707
3,svm_normalized,103,2.666299
3,svm_normalized,104,2.660869
3,svm_normalized,105,2.688753
3,svm_normalized,106,2.670036
3,svm_normalized,107,2.690698
3,svm_normalized,108,2.765805
3,svm_normalized,109,2.854997
3,svm_normalized,110,2.853718
3,svm_normalized,111,2.770174
3,svm_normalized,112,2.790501
3,svm_normalized,113,2.806364
3,svm_normalized,114,2.787368
3,svm_normalized,115,2.806353
3,svm_normalized,116,2.799184
3,svm_normalized,117,2.787079
3,svm_normalized,118,2.806381
3,svm_normalized,119,2.802125
3,svm_normalized,120,2.787291
3,svm_normalized,121,2.783586
3,svm_normalized,122,2.794411
3,svm_normalized,123,2.774552
3,svm_normalized,124,2.797676
3,svm_normalized,125,2.820338
3,svm_normalized,126,2.802380
3,svm_normalized,127,2.781483
3,svm_normalized,128,2.720789
3,svm_normalized,129,2.670226
3,svm_normalized,130,2.661594
3,svm_normalized,131,2.665252
3,svm_normalized,132,2.655453
3,svm_normalized,133,2.668719
3,svm_normalized,134,2.666473
3,svm_normalized,135,2.667320
3,svm_normalized,136,2.737754
3,svm_normalized,137,2.641408
3,svm_normalized,138,2.662230
3,svm_normalized,139,2.663427
3,svm_normalized,140,2.693257
3,svm_normalized,141,2.685482
3,svm_normalized,142,2.839913
3,svm_normalized,143,2.802523
3,svm_normalized,144,2.789346
3,svm_normalized,145,2.781636
3,svm_normalized,146,2.859852
3,svm_normalized,147,2.806323
3,svm_normalized,148,2.726491
3,svm_normalized,149,2.735289
3,svm_normalized,150,2.724510
3,svm_normalized,151,2.728489
3,svm_normalized,152,2.720391
3,svm_normalized,153,2.769063
3,svm_normalized,154,2.788973
3,svm_normalized,155,2.797006
3,svm_normalized,156,2.802607
3,svm_normalized,157,2.806049
3,svm_normalized,158,2.803421
3,svm_normalized,159,2.787360
3,svm_normalized,160,2.830861
3,svm_normalized,161,2.788265
3,svm_normalized,162,2.789289
3,svm_normalized,163,2.786075
3,svm_normalized,164,2.795816
3,svm_normalized,165,2.792355
3,svm_normalized,166,2.742077
3,svm_normalized,167,2.779236
3,svm_normalized,168,2.772041
3,svm_normalized,169,2.656019
3,svm_normalized,170,2.651188
3,svm_normalized,171,2.675213
3,svm_normalized,172,2.666202
3,svm_normalized,173,2.670046
3,svm_normalized,174,2.659165
3,svm_normalized,175,2.661624
3,svm_normalized,176,2.697991
3,svm_normalized,177,2.672190
3,svm_normalized,178,2.671459
3,svm_normalized,179,2.692076
3,svm_normalized,180,2.647553
3,svm_normalized,181,2.775038
3,svm_normalized,182,2.654168
3,svm_normalized,183,2.655518
3,svm_normalized,184,2.650858
3,svm_normalized,185,2.674630
3,svm_normalized,186,2.684888
3,svm_normalized,187,2.739388
3,svm_normalized,188,2.723107
3,svm_normalized,189,2.665897
3,svm_normalized,190,2.685580
3,svm_normalized,191,2.684197
3,svm_normalized,192,2.662014
3,svm_normalized,193,2.738153
3,svm_normalized,194,2.700234
3,svm_normalized,195,2.695599
3,svm_normalized,196,2.666095
3,svm_normalized,197,2.663021
3,svm_normalized,198,2.668544
3,svm_normalized,199,2.655734
3,svm_normalized,200,2.667623
3,svm_normalized,201,2.663558
3,svm_normalized,202,2.666471
3,svm_normalized,203,2.665154
3,svm_normalized,204,2.667468
3,svm_normalized,205,2.652729
3,svm_normalized,206,2.651708
3,svm_normalized,207,2.743019
3,svm_normalized,208,2.715523
3,svm_normalized,209,2.715941
3,svm_normalized,210,2.667934
3,svm_normalized,211,2.710396
3,svm_normalized,212,2.697742
3,svm_normalized,213,2.681075
3,svm_normalized,214,2.671225
3,svm_normalized,215,2.654762
3,svm_normalized,216,2.664730
3,svm_normalized,217,2.654310
3,svm_normalized,218,2.774060
3,svm_normalized,219,2.844953
3,svm_normalized,220,2.803927
3,svm_normalized,221,2.730927
3,svm_normalized,222,2.777095
3,svm_normalized,223,2.869302
3,svm_normalized,224,2.877894
3,svm_normalized,225,2.868442
3,svm_normalized,226,2.830694
3,svm_normalized,227,2.723880
3,svm_normalized,228,2.717446
3,svm_normalized,229,2.725105
3,svm_normalized,230,2.733737
3,svm_normalized,231,2.795257
3,svm_normalized,232,2.791280
3,svm_normalized,233,2.779799
3,svm_normalized,234,2.820310
3,svm_normalized,235,2.808244
3,svm_normalized,236,2.790759
3,svm_normalized,237,2.772575
3,svm_normalized,238,2.785583
3,svm_normalized,239,2.801097
3,svm_normalized,240,2.800520
3,svm_normalized,241,2.810096
3,svm_normalized,242,2.829349
3,svm_normalized,243,2.784137
3,svm_normalized,244,2.796358
3,svm_normalized,245,2.771730
3,svm_normalized,246,2.800900
3,svm_normalized,247,2.796643
3,svm_normalized,248,2.806162
3,svm_normalized,249,2.657519
3,svm_normalized,250,2.658991
3,svm_normalized,251,2.661054
3,svm_normalized,252,2.650215
3,svm_normalized,253,2.663730
3,svm_normalized,254,2.657530
3,svm_normalized,255,2.674782
3,svm_normalized,256,2.662485
3,svm_normalized,257,2.655991
3,svm_normalized,258,2.659573
3,svm_normalized,259,2.655880
3,svm_normalized,260,2.658136
3,svm_normalized,261,2.666061
3,svm_normalized,262,2.667989
3,signature_raw,0,0.009970
3,signature_raw,1,0.006560
3,signature_raw,2,0.004649
3,signature_raw,3,0.002931
3,signature_raw,4,0.005204
3,signature_raw,5,0.012048
3,signature_raw,6,0.003944
3,signature_raw,7,0.003181
3,signature_raw,8,0.003859
3,signature_raw,9,0.008487
3,signature_raw,10,0.009008
3,signature_raw,11,0.004108
3,signature_raw,12,0.003901
3,signature_raw,13,0.003032
3,signature_raw,14,0.004192
3,signature_raw,15,0.003360
3,signature_raw,16,0.004133
3,signature_raw,17,0.004305
3,signature_raw,18,0.022690
3,signature_raw,19,0.008588
3,signature_raw,20,0.009136
3,signature_raw,21,0.002882
3,signature_raw,22,0.008256
3,signature_raw,23,0.008743
3,signature_raw,24,0.008649
3,signature_raw,25,0.004233
3,signature_raw,26,0.007509
3,signature_raw,27,0.005796
3,signature_raw,28,0.004065
3,signature_raw,29,0.006084
3,signature_raw,30,0.003619
3,signature_raw,31,0.005378
3,signature_raw,32,0.008412
3,signature_raw,33,0.003089
3,signature_raw,34,0.004062
3,signature_raw,35,0.005675
3,signature_raw,36,0.003613
3,signature_raw,37,0.009255
3,signature_raw,38,0.008564
3,signature_raw,39,0.007799
3,signature_raw,40,0.006253
3,signature_raw,41,0.010095
3,signature_raw,42,0.003925
3,signature_raw,43,0.003862
3,signature_raw,44,0.010903
3,signature_raw,45,0.002081
3,signature_raw,46,0.004460
3,signature_raw,47,0.003204
3,signature_raw,48,0.008492
3,signature_raw,49,0.005877
3,signature_raw,50,0.002695
3,signature_raw,51,0.004059
3,signature_raw,52,0.006884
3,signature_raw,53,0.003672
3,signature_raw,54,0.003693
3,signature_raw,55,0.009027
3,signature_raw,56,0.003676
3,signature_raw,57,0.006829
3,signature_raw,58,0.009478
3,signature_raw,59,0.008367
3,signature_raw,60,0.009227
3,signature_raw,61,0.004382
3,signature_raw,62,0.006691
3,signature_raw,63,0.004641
3,signature_raw,64,0.004061
3,signature_raw,65,0.007768
3,signature_raw,66,0.007535
3,signature_raw,67,0.003688
3,signature_raw,68,0.007922
3,signature_raw,69,0.006248
3,signature_raw,70,0.005991
3,signature_raw,71,0.006653
3,signature_raw,72,0.006937
3,signature_raw,73,0.009523
3,signature_raw,74,0.008396
3,signature_raw,75,0.004176
3,signature_raw,76,0.008278
3,signature_raw,77,0.004414
3,signature_raw,78,0.002606
3,signature_raw,79,0.008760
3,signature_raw,80,0.009712
3,signature_raw,81,0.004722
3,signature_raw,82,0.007029
3,signature_raw,83,0.008039
3,signature_raw,84,0.013078
3,signature_raw,85,0.003777
3,signature_raw,86,0.004100
3,signature_raw,87,0.009133
3,signature_raw,88,0.009187
3,signature_raw,89,0.011778
3,signature_raw,90,0.009118
3,signature_raw,91,0.004472
3,signature_raw,92,0.004016
3,signature_raw,93,0.003754
3,signature_raw,94,0.006743
3,signature_raw,95,0.006757
3,signature_raw,96,0.006415
3,signature_raw,97,0.007432
3,signature_raw,98,0.004195
3,signature_raw,99,0.001683
3,signature_raw,100,0.004094
3,signature_raw,101,0.009865
3,signature_raw,102,0.002770
3,signature_raw,103,0.003301
3,signature_raw,104,0.002741
3,signature_raw,105,0.006189
3,signature_raw,106,0.008209
3,signature_raw,107,0.006301
3,signature_raw,108,0.006748
3,signature_raw,109,0.008079
3,signature_raw,110,0.011911
3,signature_raw,111,0.004034
3,signature_raw,112,0.006281
3,signature_raw,113,0.012136
3,signature_raw,114,0.004032
3,signature_raw,115,0.009426
3,signature_raw,116,0.008810
3,signature_raw,117,0.003635
3,signature_raw,118,0.007386
3,signature_raw,119,0.003989
3,signature_raw,120,0.003864
3,signature_raw,121,0.003949
3,signature_raw,122,0.006746
3,signature_raw,123,0.003127
3,signature_raw,124,0.003272
3,signature_raw,125,0.009061
3,signature_raw,126,0.004205
3,signature_raw,127,0.004321
3,signature_raw,128,0.003922
3,signature_raw,129,0.002498
3,signature_raw,130,0.006170
3,signature_raw,131,0.010305
3,signature_raw,132,0.004034
3,signature_raw,133,0.007861
3,signature_raw,134,0.003390
3,signature_raw,135,0.011699
3,signature_raw,136,0.005222
3,signature_raw,137,0.003978
3,signature_raw,138,0.009273
3,signature_raw,139,0.007934
3,signature_raw,140,0.003637
3,signature_raw,141,0.003994
3,signature_raw,142,0.005150
3,signature_raw,143,0.006855
3,signature_raw,144,0.003840
3,signature_raw,145,0.006599
3,signature_raw,146,0.004842
3,signature_raw,147,0.002143
3,signature_raw,148,0.004027
3,signature_raw,149,0.012682
3,signature_raw,150,0.006171
3,signature_raw,151,0.006712
3,signature_raw,152,0.004033
3,signature_raw,153,0.008209
3,signature_raw,154,0.006387
3,signature_raw,155,0.007044
3,signature_raw,156,0.011240
3,signature_raw,157,0.012985
3,signature_raw,158,0.013380
3,signature_raw,159,0.006624
3,signature_raw,160,0.022327
3,signature_raw,161,0.004172
3,signature_raw,162,0.007058
3,signature_raw,163,0.005598
3,signature_raw,164,0.006564
3,signature_raw,165,0.005790
3,signature_raw,166,0.008092
3,signature_raw,167,0.002641
3,signature_raw,168,0.003671
3,signature_raw,169,0.003970
3,signature_raw,170,0.003947
3,signature_raw,171,0.008673
3,signature_raw,172,0.005290
3,signature_raw,173,0.006732
3,signature_raw,174,0.004886
3,signature_raw,175,0.006852
3,signature_raw,176,0.008577
3,signature_raw,177,0.002049
3,signature_raw,178,0.008128
3,signature_raw,179,0.002764
3,signature_raw,180,0.004012
3,signature_raw,181,0.003648
3,signature_raw,182,0.004649
3,signature_raw,183,0.007411
3,signature_raw,184,0.004628
3,signature_raw,185,0.011574
3,signature_raw,186,0.021647
3,signature_raw,187,0.009446
3,signature_raw,188,0.006198
3,signature_raw,189,0.002236
3,signature_raw,190,0.004090
3,signature_raw,191,0.004277
3,signature_raw,192,0.003177
3,signature_raw,193,0.008804
3,signature_raw,194,0.003207
3,signature_raw,195,0.003240
3,signature_raw,196,0.008256
3,signature_raw,197,0.005816
3,signature_raw,198,0.008466
3,signature_raw,199,0.008773
3,signature_raw,200,0.008994
3,signature_raw,201,0.007975
3,signature_raw,202,0.008454
3,signature_raw,203,0.004778
3,signature_raw,204,0.007865
3,signature_raw,205,0.006512
3,signature_raw,206,0.007432
3,signature_raw,207,0.007510
3,signature_raw,208,0.002081
3,signature_raw,209,0.004461
3,signature_raw,210,0.007652
3,signature_raw,211,0.006039
3,signature_raw,212,0.003295
3,signature_raw,213,0.009186
3,signature_raw,214,0.006550
3,signature_raw,215,0.006321
3,signature_raw,216,0.009044
3,signature_raw,217,0.005133
3,signature_raw,218,0.003850
3,signature_raw,219,0.003702
3,signature_raw,220,0.003135
3,signature_raw,221,0.003995
3,signature_raw,222,0.004605
3,signature_raw,223,0.004191
3,signature_raw,224,0.010933
3,signature_raw,225,0.003003
3,signature_raw,226,0.009501
3,signature_raw,227,0.006767
3,signature_raw,228,0.002977
3,signature_raw,229,0.007910
3,signature_raw,230,0.008688
3,signature_raw,231,0.003937
3,signature_raw,232,0.006722
3,signature_raw,233,0.003937
3,signature_raw,234,0.003108
3,signature_raw,235,0.012697
3,signature_raw,236,0.003968
3,signature_raw,237,0.003903
3,signature_raw,238,0.004297
3,signature_raw,239,0.007527
3,signature_raw,240,0.002542
3,signature_raw,241,0.010800
3,signature_raw,242,0.011605
3,signature_raw,243,0.004292
3,signature_raw,244,0.010193
3,signature_raw,245,0.002100
3,signature_raw,246,0.006122
3,signature_raw,247,0.001970
3,signature_raw,248,0.010382
3,signature_raw,249,0.006692
3,signature_raw,250,0.004262
3,signature_raw,251,0.008095
3,signature_raw,252,0.003932
3,signature_raw,253,0.008467
3,signature_raw,254,0.003118
3,signature_raw,255,0.008258
3,signature_raw,256,0.006466
3,signature_raw,257,0.006073
3,signature_raw,258,0.004312
3,signature_raw,259,0.003906
3,signature_raw,260,0.006528
3,signature_raw,261,0.009364
3,signature_raw,262,0.008254
3,signature_normalized,0,0.017875
3,signature_normalized,1,0.012419
3,signature_normalized,2,0.007000
3,signature_normalized,3,0.005585
3,signature_normalized,4,0.010174
3,signature_normalized,5,0.015742
3,signature_normalized,6,0.007063
3,signature_normalized,7,0.005696
3,signature_normalized,8,0.006068
3,signature_normalized,9,0.015311
3,signature_normalized,10,0.017223
3,signature_normalized,11,0.006903
3,signature_normalized,12,0.006133
3,signature_normalized,13,0.005795
3,signature_normalized,14,0.010156
3,signature_normalized,15,0.007317
3,signature_normalized,16,0.006803
3,signature_normalized,17,0.006624
3,signature_normalized,18,0.027056
3,signature_normalized,19,0.017954
3,signature_normalized,20,0.017991
3,signature_normalized,21,0.006586
3,signature_normalized,22,0.015962
3,signature_normalized,23,0.011747
3,signature_normalized,24,0.016410
3,signature_normalized,25,0.006820
3,signature_normalized,26,0.015646
3,signature_normalized,27,0.011148
3,signature_normalized,28,0.007071
3,signature_normalized,29,0.011625
3,signature_normalized,30,0.005966
3,signature_normalized,31,0.008573
3,signature_normalized,32,0.011622
3,signature_normalized,33,0.007301
3,signature_normalized,34,0.006595
3,signature_normalized,35,0.010448
3,signature_normalized,36,0.006051
3,signature_normalized,37,0.012126
3,signature_normalized,38,0.031157
3,signature_normalized,39,0.016649
3,signature_normalized,40,0.013333
3,signature_normalized,41,0.019199
3,signature_normalized,42,0.006478
3,signature_normalized,43,0.006153
3,signature_normalized,44,0.022041
3,signature_normalized,45,0.005653
3,signature_normalized,46,0.007714
3,signature_normalized,47,0.005442
3,signature_normalized,48,0.015602
3,signature_normalized,49,0.012496
3,signature_normalized,50,0.005450
3,signature_normalized,51,0.006957
3,signature_normalized,52,0.012996
3,signature_normalized,53,0.006724
3,signature_normalized,54,0.006304
3,signature_normalized,55,0.018106
3,signature_normalized,56,0.006518
3,signature_normalized,57,0.012432
3,signature_normalized,58,0.017498
3,signature_normalized,59,0.015653
3,signature_normalized,60,0.016847
3,signature_normalized,61,0.006747
3,signature_normalized,62,0.009560
3,signature_normalized,63,0.007249
3,signature_normalized,64,0.006669
3,signature_normalized,65,0.016381
3,signature_normalized,66,0.014453
3,signature_normalized,67,0.006485
3,signature_normalized,68,0.010957
3,signature_normalized,69,0.011929
3,signature_normalized,70,0.011202
3,signature_normalized,71,0.009507
3,signature_normalized,72,0.013173
3,signature_normalized,73,0.012797
3,signature_normalized,74,0.011696
3,signature_normalized,75,0.006785
3,signature_normalized,76,0.014595
3,signature_normalized,77,0.007048
3,signature_normalized,78,0.006487
3,signature_normalized,79,0.015717
3,signature_normalized,80,0.018366
3,signature_normalized,81,0.009457
3,signature_normalized,82,0.013440
3,signature_normalized,83,0.015997
3,signature_normalized,84,0.017246
3,signature_normalized,85,0.006911
3,signature_normalized,86,0.006975
3,signature_normalized,87,0.017568
3,signature_normalized,88,0.012863
3,signature_normalized,89,0.024554
3,signature_normalized,90,0.013230
3,signature_normalized,91,0.006884
3,signature_normalized,92,0.007197
3,signature_normalized,93,0.006620
3,signature_normalized,94,0.009036
3,signature_normalized,95,0.012645
3,signature_normalized,96,0.011964
3,signature_normalized,97,0.014238
3,signature_normalized,98,0.006646
3,signature_normalized,99,0.004662
3,signature_normalized,100,0.009792
3,signature_normalized,101,0.020440
3,signature_normalized,102,0.006254
3,signature_normalized,103,0.005608
3,signature_normalized,104,0.008602
3,signature_normalized,105,0.013374
3,signature_normalized,106,0.015773
3,signature_normalized,107,0.012503
3,signature_normalized,108,0.012743
3,signature_normalized,109,0.015067
3,signature_normalized,110,0.021081
3,signature_normalized,111,0.007225
3,signature_normalized,112,0.011890
3,signature_normalized,113,0.015720
3,signature_normalized,114,0.006342
3,signature_normalized,115,0.012730
3,signature_normalized,116,0.017278
3,signature_normalized,117,0.006807
3,signature_normalized,118,0.010236
3,signature_normalized,119,0.006371
3,signature_normalized,120,0.006049
3,signature_normalized,121,0.006645
3,signature_normalized,122,0.011768
3,signature_normalized,123,0.005689
3,signature_normalized,124,0.006465
3,signature_normalized,125,0.017509
3,signature_normalized,126,0.008691
3,signature_normalized,127,0.006864
3,signature_normalized,128,0.006655
3,signature_normalized,129,0.005545
3,signature_normalized,130,0.012114
3,signature_normalized,131,0.013494
3,signature_normalized,132,0.006586
3,signature_normalized,133,0.014981
3,signature_normalized,134,0.006792
3,signature_normalized,135,0.021794
3,signature_normalized,136,0.007959
3,signature_normalized,137,0.006935
3,signature_normalized,138,0.017475
3,signature_normalized,139,0.015319
3,signature_normalized,140,0.006170
3,signature_normalized,141,0.006747
3,signature_normalized,142,0.008263
3,signature_normalized,143,0.011801
3,signature_normalized,144,0.006297
3,signature_normalized,145,0.005837
3,signature_normalized,146,0.009833
3,signature_normalized,147,0.005081
3,signature_normalized,148,0.006331
3,signature_normalized,149,0.023650
3,signature_normalized,150,0.011220
3,signature_normalized,151,0.007840
3,signature_normalized,152,0.007084
3,signature_normalized,153,0.014247
3,signature_normalized,154,0.012309
3,signature_normalized,155,0.013393
3,signature_normalized,156,0.021321
3,signature_normalized,157,0.016701
3,signature_normalized,158,0.017188
3,signature_normalized,159,0.012751
3,signature_normalized,160,0.028008
3,signature_normalized,161,0.006603
3,signature_normalized,162,0.012616
3,signature_normalized,163,0.008629
3,signature_normalized,164,0.007053
3,signature_normalized,165,0.010828
3,signature_normalized,166,0.015134
3,signature_normalized,167,0.005367
3,signature_normalized,168,0.005966
3,signature_normalized,169,0.006630
3,signature_normalized,170,0.006575
3,signature_normalized,171,0.016936
3,signature_normalized,172,0.010092
3,signature_normalized,173,0.009339
3,signature_normalized,174,0.009639
3,signature_normalized,175,0.012577
3,signature_normalized,176,0.011582
3,signature_normalized,177,0.005016
3,signature_normalized,178,0.015540
3,signature_normalized,179,0.005993
3,signature_normalized,180,0.007029
3,signature_normalized,181,0.005874
3,signature_normalized,182,0.007038
3,signature_normalized,183,0.013184
3,signature_normalized,184,0.006995
3,signature_normalized,185,0.014820
3,signature_normalized,186,0.027418
3,signature_normalized,187,0.012673
3,signature_normalized,188,0.011597
3,signature_normalized,189,0.005087
3,signature_normalized,190,0.006468
3,signature_normalized,191,0.009673
3,signature_normalized,192,0.006950
3,signature_normalized,193,0.016122
3,signature_normalized,194,0.007238
3,signature_normalized,195,0.006294
3,signature_normalized,196,0.015313
3,signature_normalized,197,0.010616
3,signature_normalized,198,0.015093
3,signature_normalized,199,0.012132
3,signature_normalized,200,0.012177
3,signature_normalized,201,0.014986
3,signature_normalized,202,0.015720
3,signature_normalized,203,0.009432
3,signature_normalized,204,0.014636
3,signature_normalized,205,0.009328
3,signature_normalized,206,0.012788
3,signature_normalized,207,0.013798
3,signature_normalized,208,0.005186
3,signature_normalized,209,0.006834
3,signature_normalized,210,0.010249
3,signature_normalized,211,0.011052
3,signature_normalized,212,0.006751
3,signature_normalized,213,0.012297
3,signature_normalized,214,0.012126
3,signature_normalized,215,0.011313
3,signature_normalized,216,0.016789
3,signature_normalized,217,0.009717
3,signature_normalized,218,0.007832
3,signature_normalized,219,0.006758
3,signature_normalized,220,0.006433
3,signature_normalized,221,0.007179
3,signature_normalized,222,0.007154
3,signature_normalized,223,0.008344
3,signature_normalized,224,0.015818
3,signature_normalized,225,0.006414
3,signature_normalized,226,0.012875
3,signature_normalized,227,0.012862
3,signature_normalized,228,0.006403
3,signature_normalized,229,0.015556
3,signature_normalized,230,0.016695
3,signature_normalized,231,0.006403
3,signature_normalized,232,0.012097
3,signature_normalized,233,0.006943
3,signature_normalized,234,0.006355
3,signature_normalized,235,0.016360
3,signature_normalized,236,0.006929
3,signature_normalized,237,0.006649
3,signature_normalized,238,0.006541
3,signature_normalized,239,0.014493
3,signature_normalized,240,0.007311
3,signature_normalized,241,0.014984
3,signature_normalized,242,0.015336
3,signature_normalized,243,0.006901
3,signature_normalized,244,0.018893
3,signature_normalized,245,0.005429
3,signature_normalized,246,0.011458
3,signature_normalized,247,0.005897
3,signature_normalized,248,0.020567
3,signature_normalized,249,0.011650
3,signature_normalized,250,0.006997
3,signature_normalized,251,0.015661
3,signature_normalized,252,0.020185
3,signature_normalized,253,0.016500
3,signature_normalized,254,0.007008
3,signature_normalized,255,0.022568
3,signature_normalized,256,0.013174
3,signature_normalized,257,0.008761
3,signature_normalized,258,0.006705
3,signature_normalized,259,0.006810
3,signature_normalized,260,0.012230
3,signature_normalized,261,0.017480
3,signature_normalized,262,0.016338
3,svm_normalized_uncalibrated,0,0.643695
3,svm_normalized_uncalibrated,1,0.643047
3,svm_normalized_uncalibrated,2,0.644509
3,svm_normalized_uncalibrated,3,0.636525
3,svm_normalized_uncalibrated,4,0.645154
3,svm_normalized_uncalibrated,5,0.649098
3,svm_normalized_uncalibrated,6,0.634546
3,svm_normalized_uncalibrated,7,0.648048
3,svm_normalized_uncalibrated,8,0.627083
3,svm_normalized_uncalibrated,9,0.649673
3,svm_normalized_uncalibrated,10,0.651996
3,svm_normalized_uncalibrated,11,0.631367
3,svm_normalized_uncalibrated,12,0.637008
3,svm_normalized_uncalibrated,13,0.649248
3,svm_normalized_uncalibrated,14,0.630866
3,svm_normalized_uncalibrated,15,0.655042
3,svm_normalized_uncalibrated,16,0.638485
3,svm_normalized_uncalibrated,17,0.632133
3,svm_normalized_uncalibrated,18,0.685013
3,svm_normalized_uncalibrated,19,0.649815
3,svm_normalized_uncalibrated,20,0.644719
3,svm_normalized_uncalibrated,21,0.627609
3,svm_normalized_uncalibrated,22,0.637997
3,svm_normalized_uncalibrated,23,0.652293
3,svm_normalized_uncalibrated,24,0.652333
3,svm_normalized_uncalibrated,25,0.633619
3,svm_normalized_uncalibrated,26,0.652734
3,svm_normalized_uncalibrated,27,0.642600
3,svm_normalized_uncalibrated,28,0.631751
3,svm_normalized_uncalibrated,29,0.645341
3,svm_normalized_uncalibrated,30,0.632466
3,svm_normalized_uncalibrated,31,0.641050
3,svm_normalized_uncalibrated,32,0.650832
3,svm_normalized_uncalibrated,33,0.675896
3,svm_normalized_uncalibrated,34,0.663444
3,svm_normalized_uncalibrated,35,0.676276
3,svm_normalized_uncalibrated,36,0.668796
3,svm_normalized_uncalibrated,37,0.673773
3,svm_normalized_uncalibrated,38,0.683644
3,svm_normalized_uncalibrated,39,0.683672
3,svm_normalized_uncalibrated,40,0.669953
3,svm_normalized_uncalibrated,41,0.689310
3,svm_normalized_uncalibrated,42,0.667794
3,svm_normalized_uncalibrated,43,0.667118
3,svm_normalized_uncalibrated,44,0.671015
3,svm_normalized_uncalibrated,45,0.654502
3,svm_normalized_uncalibrated,46,0.629956
3,svm_normalized_uncalibrated,47,0.637347
3,svm_normalized_uncalibrated,48,0.649417
3,svm_normalized_uncalibrated,49,0.638779
3,svm_normalized_uncalibrated,50,0.631892
3,svm_normalized_uncalibrated,51,0.631408
3,svm_normalized_uncalibrated,52,0.653493
3,svm_normalized_uncalibrated,53,0.664459
3,svm_normalized_uncalibrated,54,0.648234
3,svm_normalized_uncalibrated,55,0.675254
3,svm_normalized_uncalibrated,56,0.637769
3,svm_normalized_uncalibrated,57,0.638270
3,svm_normalized_uncalibrated,58,0.651120
3,svm_normalized_uncalibrated,59,0.647945
3,svm_normalized_uncalibrated,60,0.661798
3,svm_normalized_uncalibrated,61,0.656529
3,svm_normalized_uncalibrated,62,0.663112
3,svm_normalized_uncalibrated,63,0.645053
3,svm_normalized_uncalibrated,64,0.650623
3,svm_normalized_uncalibrated,65,0.664073
3,svm_normalized_uncalibrated,66,0.643205
3,svm_normalized_uncalibrated,67,0.630049
3,svm_normalized_uncalibrated,68,0.672436
3,svm_normalized_uncalibrated,69,0.654331
3,svm_normalized_uncalibrated,70,0.658621
3,svm_normalized_uncalibrated,71,0.658093
3,svm_normalized_uncalibrated,72,0.667865
3,svm_normalized_uncalibrated,73,0.650212
3,svm_normalized_uncalibrated,74,0.641751
3,svm_normalized_uncalibrated,75,0.633424
3,svm_normalized_uncalibrated,76,0.649888
3,svm_normalized_uncalibrated,77,0.633713
3,svm_normalized_uncalibrated,78,0.654552
3,svm_normalized_uncalibrated,79,0.669081
3,svm_normalized_uncalibrated,80,0.658230
3,svm_normalized_uncalibrated,81,0.658064
3,svm_normalized_uncalibrated,82,0.664590
3,svm_normalized_uncalibrated,83,0.643502
3,svm_normalized_uncalibrated,84,0.661709
3,svm_normalized_uncalibrated,85,0.635317
3,svm_normalized_uncalibrated,86,0.626079
3,svm_normalized_uncalibrated,87,0.651573
3,svm_normalized_uncalibrated,88,0.661285
3,svm_normalized_uncalibrated,89,0.652356
3,svm_normalized_uncalibrated,90,0.651569
3,svm_normalized_uncalibrated,91,0.632410
3,svm_normalized_uncalibrated,92,0.632402
3,svm_normalized_uncalibrated,93,0.633806
3,svm_normalized_uncalibrated,94,0.634857
3,svm_normalized_uncalibrated,95,0.643384
3,svm_normalized_uncalibrated,96,0.647666
3,svm_normalized_uncalibrated,97,0.643356
3,svm_normalized_uncalibrated,98,0.635862
3,svm_normalized_uncalibrated,99,0.639196
3,svm_normalized_uncalibrated,100,0.629261
3,svm_normalized_uncalibrated,101,0.649278
3,svm_normalized_uncalibrated,102,0.630437
3,svm_normalized_uncalibrated,103,0.633343
3,svm_normalized_uncalibrated,104,0.637897
3,svm_normalized_uncalibrated,105,0.678851
3,svm_normalized_uncalibrated,106,0.652147
3,svm_normalized_uncalibrated,107,0.646496
3,svm_normalized_uncalibrated,108,0.636775
3,svm_normalized_uncalibrated,109,0.651760
3,svm_normalized_uncalibrated,110,0.660375
3,svm_normalized_uncalibrated,111,0.635603
3,svm_normalized_uncalibrated,112,0.654473
3,svm_normalized_uncalibrated,113,0.657692
3,svm_normalized_uncalibrated,114,0.631609
3,svm_normalized_uncalibrated,115,0.651033
3,svm_normalized_uncalibrated,116,0.653470
3,svm_normalized_uncalibrated,117,0.630363
3,svm_normalized_uncalibrated,118,0.660799
3,svm_normalized_uncalibrated,119,0.684159
3,svm_normalized_uncalibrated,120,0.671020
3,svm_normalized_uncalibrated,121,0.668780
3,svm_normalized_uncalibrated,122,0.679441
3,svm_normalized_uncalibrated,123,0.655833
3,svm_normalized_uncalibrated,124,0.686946
3,svm_normalized_uncalibrated,125,0.685066
3,svm_normalized_uncalibrated,126,0.683415
3,svm_normalized_uncalibrated,127,0.664959
3,svm_normalized_uncalibrated,128,0.667295
3,svm_normalized_uncalibrated,129,0.671124
3,svm_normalized_uncalibrated,130,0.680476
3,svm_normalized_uncalibrated,131,0.681936
3,svm_normalized_uncalibrated,132,0.662712
3,svm_normalized_uncalibrated,133,0.684799
3,svm_normalized_uncalibrated,134,0.684431
3,svm_normalized_uncalibrated,135,0.683841
3,svm_normalized_uncalibrated,136,0.678255
3,svm_normalized_uncalibrated,137,0.667791
3,svm_normalized_uncalibrated,138,0.676302
3,svm_normalized_uncalibrated,139,0.684242
3,svm_normalized_uncalibrated,140,0.667088
3,svm_normalized_uncalibrated,141,0.666176
3,svm_normalized_uncalibrated,142,0.693756
3,svm_normalized_uncalibrated,143,0.701180
3,svm_normalized_uncalibrated,144,0.687692
3,svm_normalized_uncalibrated,145,0.673989
3,svm_normalized_uncalibrated,146,0.679548
3,svm_normalized_uncalibrated,147,0.668231
3,svm_normalized_uncalibrated,148,0.662759
3,svm_normalized_uncalibrated,149,0.688476
3,svm_normalized_uncalibrated,150,0.674565
3,svm_normalized_uncalibrated,151,0.676053
3,svm_normalized_uncalibrated,152,0.667896
3,svm_normalized_uncalibrated,153,0.682767
3,svm_normalized_uncalibrated,154,0.669699
3,svm_normalized_uncalibrated,155,0.681048
3,svm_normalized_uncalibrated,156,0.685717
3,svm_normalized_uncalibrated,157,0.687538
3,svm_normalized_uncalibrated,158,0.693382
3,svm_normalized_uncalibrated,159,0.674349
3,svm_normalized_uncalibrated,160,0.707951
3,svm_normalized_uncalibrated,161,0.669469
3,svm_normalized_uncalibrated,162,0.677353
3,svm_normalized_uncalibrated,163,0.673795
3,svm_normalized_uncalibrated,164,0.678227
3,svm_normalized_uncalibrated,165,0.677218
3,svm_normalized_uncalibrated,166,0.684288
3,svm_normalized_uncalibrated,167,0.660694
3,svm_normalized_uncalibrated,168,0.661271
3,svm_normalized_uncalibrated,169,0.663360
3,svm_normalized_uncalibrated,170,0.662848
3,svm_normalized_uncalibrated,171,0.679807
3,svm_normalized_uncalibrated,172,0.676947
3,svm_normalized_uncalibrated,173,0.675998
3,svm_normalized_uncalibrated,174,0.675144
3,svm_normalized_uncalibrated,175,0.674924
3,svm_normalized_uncalibrated,176,0.657533
3,svm_normalized_uncalibrated,177,0.653802
3,svm_normalized_uncalibrated,178,0.665725
3,svm_normalized_uncalibrated,179,0.641093
3,svm_normalized_uncalibrated,180,0.651215
3,svm_normalized_uncalibrated,181,0.642626
3,svm_normalized_uncalibrated,182,0.670621
3,svm_normalized_uncalibrated,183,0.678994
3,svm_normalized_uncalibrated,184,0.656910
3,svm_normalized_uncalibrated,185,0.685062
3,svm_normalized_uncalibrated,186,0.710226
3,svm_normalized_uncalibrated,187,0.688636
3,svm_normalized_uncalibrated,188,0.684630
3,svm_normalized_uncalibrated,189,0.653851
3,svm_normalized_uncalibrated,190,0.649842
3,svm_normalized_uncalibrated,191,0.647706
3,svm_normalized_uncalibrated,192,0.664742
3,svm_normalized_uncalibrated,193,0.705151
3,svm_normalized_uncalibrated,194,0.682499
3,svm_normalized_uncalibrated,195,0.685346
3,svm_normalized_uncalibrated,196,0.681853
3,svm_normalized_uncalibrated,197,0.666544
3,svm_normalized_uncalibrated,198,0.693939
3,svm_normalized_uncalibrated,199,0.691782
3,svm_normalized_uncalibrated,200,0.664599
3,svm_normalized_uncalibrated,201,0.664356
3,svm_normalized_uncalibrated,202,0.691905
3,svm_normalized_uncalibrated,203,0.666713
3,svm_normalized_uncalibrated,204,0.681707
3,svm_normalized_uncalibrated,205,0.678518
3,svm_normalized_uncalibrated,206,0.676635
3,svm_normalized_uncalibrated,207,0.677394
3,svm_normalized_uncalibrated,208,0.671596
3,svm_normalized_uncalibrated,209,0.659029
3,svm_normalized_uncalibrated,210,0.690721
3,svm_normalized_uncalibrated,211,0.661944
3,svm_normalized_uncalibrated,212,0.659695
3,svm_normalized_uncalibrated,213,0.667860
3,svm_normalized_uncalibrated,214,0.687271
3,svm_normalized_uncalibrated,215,0.674896
3,svm_normalized_uncalibrated,216,0.664801
3,svm_normalized_uncalibrated,217,0.662078
3,svm_normalized_uncalibrated,218,0.668706
3,svm_normalized_uncalibrated,219,0.649770
3,svm_normalized_uncalibrated,220,0.690334
3,svm_normalized_uncalibrated,221,0.661305
3,svm_normalized_uncalibrated,222,0.667937
3,svm_normalized_uncalibrated,223,0.685065
3,svm_normalized_uncalibrated,224,0.670515
3,svm_normalized_uncalibrated,225,0.663339
3,svm_normalized_uncalibrated,226,0.673066
3,svm_normalized_uncalibrated,227,0.654391
3,svm_normalized_uncalibrated,228,0.664998
3,svm_normalized_uncalibrated,229,0.668602
3,svm_normalized_uncalibrated,230,0.660495
3,svm_normalized_uncalibrated,231,0.652994
3,svm_normalized_uncalibrated,232,0.661097
3,svm_normalized_uncalibrated,233,0.645535
3,svm_normalized_uncalibrated,234,0.665038
3,svm_normalized_uncalibrated,235,0.668595
3,svm_normalized_uncalibrated,236,0.665416
3,svm_normalized_uncalibrated,237,0.666928
3,svm_normalized_uncalibrated,238,0.663754
3,svm_normalized_uncalibrated,239,0.660622
3,svm_normalized_uncalibrated,240,0.667308
3,svm_normalized_uncalibrated,241,0.674704
3,svm_normalized_uncalibrated,242,0.671343
3,svm_normalized_uncalibrated,243,0.656658
3,svm_normalized_uncalibrated,244,0.668812
3,svm_normalized_uncalibrated,245,0.640743
3,svm_normalized_uncalibrated,246,0.657140
3,svm_normalized_uncalibrated,247,0.681823
3,svm_normalized_uncalibrated,248,0.680197
3,svm_normalized_uncalibrated,249,0.676511
3,svm_normalized_uncalibrated,250,0.666099
3,svm_normalized_uncalibrated,251,0.675233
3,svm_normalized_uncalibrated,252,0.667824
3,svm_normalized_uncalibrated,253,0.683279
3,svm_normalized_uncalibrated,254,0.677955
3,svm_normalized_uncalibrated,255,0.665347
3,svm_normalized_uncalibrated,256,0.661358
3,svm_normalized_uncalibrated,257,0.635450
3,svm_normalized_uncalibrated,258,0.634337
3,svm_normalized_uncalibrated,259,0.637498
3,svm_normalized_uncalibrated,260,0.638514
3,svm_normalized_uncalibrated,261,0.646791
3,svm_normalized_uncalibrated,262,0.647009
4,logistic_regression_normalized,0,0.968450
4,logistic_regression_normalized,1,0.957334
4,logistic_regression_normalized,2,0.964346
4,logistic_regression_normalized,3,0.963256
4,logistic_regression_normalized,4,0.972432
4,logistic_regression_normalized,5,1.016847
4,logistic_regression_normalized,6,0.972826
4,logistic_regression_normalized,7,0.972836
4,logistic_regression_normalized,8,0.954464
4,logistic_regression_normalized,9,0.974887
4,logistic_regression_normalized,10,0.977302
4,logistic_regression_normalized,11,0.947090
4,logistic_regression_normalized,12,0.943540
4,logistic_regression_normalized,13,0.964924
4,logistic_regression_normalized,14,0.949348
4,logistic_regression_normalized,15,0.979461
4,logistic_regression_normalized,16,0.942921
4,logistic_regression_normalized,17,1.021990
4,logistic_regression_normalized,18,1.181867
4,logistic_regression_normalized,19,1.000995
4,logistic_regression_normalized,20,0.979832
4,logistic_regression_normalized,21,0.936325
4,logistic_regression_normalized,22,0.959692
4,logistic_regression_normalized,23,0.976074
4,logistic_regression_normalized,24,0.963979
4,logistic_regression_normalized,25,0.947513
4,logistic_regression_normalized,26,0.970707
4,logistic_regression_normalized,27,0.958231
4,logistic_regression_normalized,28,0.964194
4,logistic_regression_normalized,29,0.993806
4,logistic_regression_normalized,30,0.946386
4,logistic_regression_normalized,31,0.963390
4,logistic_regression_normalized,32,0.965123
4,logistic_regression_normalized,33,0.991243
4,logistic_regression_normalized,34,0.987554
4,logistic_regression_normalized,35,0.960808
4,logistic_regression_normalized,36,0.944335
4,logistic_regression_normalized,37,0.973209
4,logistic_regression_normalized,38,0.971136
4,logistic_regression_normalized,39,0.971701
4,logistic_regression_normalized,40,0.960465
4,logistic_regression_normalized,41,0.972771
4,logistic_regression_normalized,42,0.944819
4,logistic_regression_normalized,43,0.947462
4,logistic_regression_normalized,44,0.981403
4,logistic_regression_normalized,45,0.955208
4,logistic_regression_normalized,46,0.948045
4,logistic_regression_normalized,47,0.944664
4,logistic_regression_normalized,48,0.978241
4,logistic_regression_normalized,49,0.966925
4,logistic_regression_normalized,50,0.940443
4,logistic_regression_normalized,51,0.942059
4,logistic_regression_normalized,52,0.981605
4,logistic_regression_normalized,53,0.948118
4,logistic_regression_normalized,54,0.947283
4,logistic_regression_normalized,55,0.968930
4,logistic_regression_normalized,56,0.945494
4,logistic_regression_normalized,57,0.959196
4,logistic_regression_normalized,58,0.968350
4,logistic_regression_normalized,59,0.969811
4,logistic_regression_normalized,60,0.970251
4,logistic_regression_normalized,61,0.949015
4,logistic_regression_normalized,62,0.963978
4,logistic_regression_normalized,63,0.984133
4,logistic_regression_normalized,64,0.960857
4,logistic_regression_normalized,65,0.974436
4,logistic_regression_normalized,66,1.059592
4,logistic_regression_normalized,67,0.977123
4,logistic_regression_normalized,68,0.993995
4,logistic_regression_normalized,69,0.965281
4,logistic_regression_normalized,70,0.960598
4,logistic_regression_normalized,71,0.952114
4,logistic_regression_normalized,72,0.994380
4,logistic_regression_normalized,73,1.011303
4,logistic_regression_normalized,74,0.987088
4,logistic_regression_normalized,75,0.946969
4,logistic_regression_normalized,76,0.971315
4,logistic_regression_normalized,77,0.987095
4,logistic_regression_normalized,78,0.978429
4,logistic_regression_normalized,79,1.007108
4,logistic_regression_normalized,80,0.991658
4,logistic_regression_normalized,81,0.958366
4,logistic_regression_normalized,82,0.714858
4,logistic_regression_normalized,83,0.696556
4,logistic_regression_normalized,84,0.713764
4,logistic_regression_normalized,85,0.674879
4,logistic_regression_normalized,86,0.674725
4,logistic_regression_normalized,87,0.694606
4,logistic_regression_normalized,88,0.709344
4,logistic_regression_normalized,89,0.699784
4,logistic_regression_normalized,90,0.700226
4,logistic_regression_normalized,91,0.709881
4,logistic_regression_normalized,92,0.708492
4,logistic_regression_normalized,93,0.729494
4,logistic_regression_normalized,94,0.740309
4,logistic_regression_normalized,95,0.743948
4,logistic_regression_normalized,96,0.736615
4,logistic_regression_normalized,97,0.768617
4,logistic_regression_normalized,98,0.760026
4,logistic_regression_normalized,99,0.763825
4,logistic_regression_normalized,100,0.750115
4,logistic_regression_normalized,101,0.771389
4,logistic_regression_normalized,102,0.744348
4,logistic_regression_normalized,103,0.753825
4,logistic_regression_normalized,104,0.731008
4,logistic_regression_normalized,105,0.790688
4,logistic_regression_normalized,106,0.748513
4,logistic_regression_normalized,107,0.766228
4,logistic_regression_normalized,108,0.734625
4,logistic_regression_normalized,109,0.769006
4,logistic_regression_normalized,110,0.804653
4,logistic_regression_normalized,111,0.781510
4,logistic_regression_normalized,112,0.748750
4,logistic_regression_normalized,113,0.752998
4,logistic_regression_normalized,114,0.745288
4,logistic_regression_normalized,115,0.734704
4,logistic_regression_normalized,116,0.731079
4,logistic_regression_normalized,117,0.717384
4,logistic_regression_normalized,118,0.714511
4,logistic_regression_normalized,119,0.694207
4,logistic_regression_normalized,120,0.671331
4,logistic_regression_normalized,121,0.680101
4,logistic_regression_normalized,122,0.688726
4,logistic_regression_normalized,123,0.664947
4,logistic_regression_normalized,124,0.694699
4,logistic_regression_normalized,125,0.698215
4,logistic_regression_normalized,126,0.693276
4,logistic_regression_normalized,127,0.673864
4,logistic_regression_normalized,128,0.691252
4,logistic_regression_normalized,129,0.689772
4,logistic_regression_normalized,130,0.679825
4,logistic_regression_normalized,131,0.693041
4,logistic_regression_normalized,132,0.683665
4,logistic_regression_normalized,133,0.689112
4,logistic_regression_normalized,134,0.700850
4,logistic_regression_normalized,135,0.702405
4,logistic_regression_normalized,136,0.687609
4,logistic_regression_normalized,137,0.678419
4,logistic_regression_normalized,138,0.696185
4,logistic_regression_normalized,139,0.690067
4,logistic_regression_normalized,140,0.678162
4,logistic_regression_normalized,141,0.673258
4,logistic_regression_normalized,142,0.680233
4,logistic_regression_normalized,143,0.694606
4,logistic_regression_normalized,144,0.681550
4,logistic_regression_normalized,145,0.682204
4,logistic_regression_normalized,146,0.681630
4,logistic_regression_normalized,147,0.684240
4,logistic_regression_normalized,148,0.679040
4,logistic_regression_normalized,149,0.691159
4,logistic_regression_normalized,150,0.688798
4,logistic_regression_normalized,151,0.689551
4,logistic_regression_normalized,152,0.970909
4,logistic_regression_normalized,153,0.692971
4,logistic_regression_normalized,154,0.696553
4,logistic_regression_normalized,155,0.695740
4,logistic_regression_normalized,156,0.694042
4,logistic_regression_normalized,157,0.708742
4,logistic_regression_normalized,158,0.714172
4,logistic_regression_normalized,159,0.689337
4,logistic_regression_normalized,160,0.755866
4,logistic_regression_normalized,161,0.690537
4,logistic_regression_normalized,162,0.721743
4,logistic_regression_normalized,163,0.705988
4,logistic_regression_normalized,164,0.709540
4,logistic_regression_normalized,165,0.708521
4,logistic_regression_normalized,166,0.714768
4,logistic_regression_normalized,167,0.697883
4,logistic_regression_normalized,168,0.684324
4,logistic_regression_normalized,169,0.741546
4,logistic_regression_normalized,170,0.691961
4,logistic_regression_normalized,171,0.712906
4,logistic_regression_normalized,172,0.702924
4,logistic_regression_normalized,173,0.701550
4,logistic_regression_normalized,174,0.713400
4,logistic_regression_normalized,175,0.690367
4,logistic_regression_normalized,176,0.692101
4,logistic_regression_normalized,177,0.698028
4,logistic_regression_normalized,178,0.716945
4,logistic_regression_normalized,179,0.695342
4,logistic_regression_normalized,180,0.689291
4,logistic_regression_normalized,181,0.711845
4,logistic_regression_normalized,182,0.685993
4,logistic_regression_normalized,183,0.711286
4,logistic_regression_normalized,184,0.682293
4,logistic_regression_normalized,185,0.701792
4,logistic_regression_normalized,186,0.730026
4,logistic_regression_normalized,187,0.700221
4,logistic_regression_normalized,188,0.690271
4,logistic_regression_normalized,189,0.685612
4,logistic_regression_normalized,190,0.687005
4,logistic_regression_normalized,191,0.660724
4,logistic_regression_normalized,192,0.680065
4,logistic_regression_normalized,193,0.674999
4,logistic_regression_normalized,194,0.686591
4,logistic_regression_normalized,195,0.681453
4,logistic_regression_normalized,196,0.671290
4,logistic_regression_normalized,197,0.670315
4,logistic_regression_normalized,198,0.679256
4,logistic_regression_normalized,199,0.676111
4,logistic_regression_normalized,200,0.682891
4,logistic_regression_normalized,201,0.678112
4,logistic_regression_normalized,202,0.675218
4,logistic_regression_normalized,203,0.672612
4,logistic_regression_normalized,204,0.677730
4,logistic_regression_normalized,205,0.668401
4,logistic_regression_normalized,206,0.672497
4,logistic_regression_normalized,207,0.677632
4,logistic_regression_normalized,208,0.667015
4,logistic_regression_normalized,209,0.659376
4,logistic_regression_normalized,210,0.692489
4,logistic_regression_normalized,211,0.673411
4,logistic_regression_normalized,212,0.674765
4,logistic_regression_normalized,213,0.679978
4,logistic_regression_normalized,214,0.679508
4,logistic_regression_normalized,215,0.664498
4,logistic_regression_normalized,216,0.674824
4,logistic_regression_normalized,217,0.667312
4,logistic_regression_normalized,218,0.685575
4,logistic_regression_normalized,219,0.663323
4,logistic_regression_normalized,220,0.673555
4,logistic_regression_normalized,221,0.658837
4,logistic_regression_normalized,222,0.668518
4,logistic_regression_normalized,223,0.686042
4,logistic_regression_normalized,224,0.678470
4,logistic_regression_normalized,225,0.678983
4,logistic_regression_normalized,226,0.687224
4,logistic_regression_normalized,227,0.669524
4,logistic_regression_normalized,228,0.673554
4,logistic_regression_normalized,229,0.679416
4,logistic_regression_normalized,230,0.673887
4,logistic_regression_normalized,231,0.665842
4,logistic_regression_normalized,232,0.672935
4,logistic_regression_normalized,233,0.656724
4,logistic_regression_normalized,234,0.679132
4,logistic_regression_normalized,235,0.679730
4,logistic_regression_normalized,236,0.655362
4,logistic_regression_normalized,237,0.664123
4,logistic_regression_normalized,238,0.663351
4,logistic_regression_normalized,239,0.673828
4,logistic_regression_normalized,240,0.682287
4,logistic_regression_normalized,241,0.690426
4,logistic_regression_normalized,242,0.691723
4,logistic_regression_normalized,243,0.669962
4,logistic_regression_normalized,244,0.681093
4,logistic_regression_normalized,245,0.655954
4,logistic_regression_normalized,246,0.681955
4,logistic_regression_normalized,247,0.670113
4,logistic_regression_normalized,248,0.677197
4,logistic_regression_normalized,249,0.674212
4,logistic_regression_normalized,250,0.666240
4,logistic_regression_normalized,251,0.671023
4,logistic_regression_normalized,252,0.665525
4,logistic_regression_normalized,253,0.680261
4,logistic_regression_normalized,254,0.681449
4,logistic_regression_normalized,255,0.674869
4,logistic_regression_normalized,256,0.670811
4,logistic_regression_normalized,257,0.672531
4,logistic_regression_normalized,258,0.660517
4,logistic_regression_normalized,259,0.664653
4,logistic_regression_normalized,260,0.673422
4,logistic_regression_normalized,261,0.672316
4,logistic_regression_normalized,262,0.679641
4,naive_bayes_normalized,0,0.678758
4,naive_bayes_normalized,1,0.668683
4,naive_bayes_normalized,2,0.665013
4,naive_bayes_normalized,3,0.672005
4,naive_bayes_normalized,4,0.671670
4,naive_bayes_normalized,5,0.675365
4,naive_bayes_normalized,6,0.664160
4,naive_bayes_normalized,7,0.675241
4,naive_bayes_normalized,8,0.655751
4,naive_bayes_normalized,9,0.674012
4,naive_bayes_normalized,10,0.679424
4,naive_bayes_normalized,11,0.657294
4,naive_bayes_normalized,12,0.662336
4,naive_bayes_normalized,13,0.676001
4,naive_bayes_normalized,14,0.659465
4,naive_bayes_normalized,15,0.682902
4,naive_bayes_normalized,16,0.660862
4,naive_bayes_normalized,17,0.658259
4,naive_bayes_normalized,18,0.711520
4,naive_bayes_normalized,19,0.678554
4,naive_bayes_normalized,20,0.670680
4,naive_bayes_normalized,21,0.654818
4,naive_bayes_normalized,22,0.670527
4,naive_bayes_normalized,23,0.674582
4,naive_bayes_normalized,24,0.675981
4,naive_bayes_normalized,25,0.660511
4,naive_bayes_normalized,26,0.668131
4,naive_bayes_normalized,27,0.671406
4,naive_bayes_normalized,28,0.660421
4,naive_bayes_normalized,29,0.660776
4,naive_bayes_normalized,30,0.673848
4,naive_bayes_normalized,31,0.654339
4,naive_bayes_normalized,32,0.659572
4,naive_bayes_normalized,33,0.646969
4,naive_bayes_normalized,34,0.632159
4,naive_bayes_normalized,35,0.632595
4,naive_bayes_normalized,36,0.631609
4,naive_bayes_normalized,37,0.647007
4,naive_bayes_normalized,38,0.639328
4,naive_bayes_normalized,39,0.641988
4,naive_bayes_normalized,40,0.628880
4,naive_bayes_normalized,41,0.647631
4,naive_bayes_normalized,42,0.629857
4,naive_bayes_normalized,43,0.623685
4,naive_bayes_normalized,44,0.650071
4,naive_bayes_normalized,45,0.638314
4,naive_bayes_normalized,46,0.624515
4,naive_bayes_normalized,47,0.628848
4,naive_bayes_normalized,48,0.645699
4,naive_bayes_normalized,49,0.636057
4,naive_bayes_normalized,50,0.626200
4,naive_bayes_normalized,51,0.625698
4,naive_bayes_normalized,52,0.644097
4,naive_bayes_normalized,53,0.631807
4,naive_bayes_normalized,54,0.624151
4,naive_bayes_normalized,55,0.645868
4,naive_bayes_normalized,56,0.628792
4,naive_bayes_normalized,57,0.632647
4,naive_bayes_normalized,58,0.645497
4,naive_bayes_normalized,59,0.669929
4,naive_bayes_normalized,60,0.666022
4,naive_bayes_normalized,61,0.629556
4,naive_bayes_normalized,62,0.641964
4,naive_bayes_normalized,63,0.627204
4,naive_bayes_normalized,64,0.632325
4,naive_bayes_normalized,65,0.640718
4,naive_bayes_normalized,66,0.645108
4,naive_bayes_normalized,67,0.660371
4,naive_bayes_normalized,68,0.664011
4,naive_bayes_normalized,69,0.639703
4,naive_bayes_normalized,70,0.637397
4,naive_bayes_normalized,71,0.647313
4,naive_bayes_normalized,72,0.651843
4,naive_bayes_normalized,73,0.666735
4,naive_bayes_normalized,74,0.663865
4,naive_bayes_normalized,75,0.632215
4,naive_bayes_normalized,76,0.642974
4,naive_bayes_normalized,77,0.629266
4,naive_bayes_normalized,78,0.642092
4,naive_bayes_normalized,79,0.644050
4,naive_bayes_normalized,80,0.656632
4,naive_bayes_normalized,81,0.656187
4,naive_bayes_normalized,82,0.655590
4,naive_bayes_normalized,83,0.660442
4,naive_bayes_normalized,84,0.674013
4,naive_bayes_normalized,85,0.642816
4,naive_bayes_normalized,86,0.633538
4,naive_bayes_normalized,87,0.641140
4,naive_bayes_normalized,88,0.664333
4,naive_bayes_normalized,89,0.660031
4,naive_bayes_normalized,90,0.648815
4,naive_bayes_normalized,91,0.625619
4,naive_bayes_normalized,92,0.633677
4,naive_bayes_normalized,93,0.632637
4,naive_bayes_normalized,94,0.633968
4,naive_bayes_normalized,95,0.644994
4,naive_bayes_normalized,96,0.640872
4,naive_bayes_normalized,97,0.638705
4,naive_bayes_normalized,98,0.635710
4,naive_bayes_normalized,99,0.654816
4,naive_bayes_normalized,100,0.657802
4,naive_bayes_normalized,101,0.661642
4,naive_bayes_normalized,102,0.639584
4,naive_bayes_normalized,103,0.631836
4,naive_bayes_normalized,104,0.636355
4,naive_bayes_normalized,105,0.667493
4,naive_bayes_normalized,106,0.647667
4,naive_bayes_normalized,107,0.667185
4,naive_bayes_normalized,108,0.649693
4,naive_bayes_normalized,109,0.660826
4,naive_bayes_normalized,110,0.673282
4,naive_bayes_normalized,111,0.625366
4,naive_bayes_normalized,112,0.636188
4,naive_bayes_normalized,113,0.650786
4,naive_bayes_normalized,114,0.623207
4,naive_bayes_normalized,115,0.645217
4,naive_bayes_normalized,116,0.659444
4,naive_bayes_normalized,117,0.647350
4,naive_bayes_normalized,118,0.659610
4,naive_bayes_normalized,119,0.646918
4,naive_bayes_normalized,120,0.629301
4,naive_bayes_normalized,121,0.629918
4,naive_bayes_normalized,122,0.633831
4,naive_bayes_normalized,123,0.625258
4,naive_bayes_normalized,124,0.670720
4,naive_bayes_normalized,125,0.664679
4,naive_bayes_normalized,126,0.650401
4,naive_bayes_normalized,127,0.651073
4,naive_bayes_normalized,128,0.638032
4,naive_bayes_normalized,129,0.652014
4,naive_bayes_normalized,130,0.651092
4,naive_bayes_normalized,131,0.663616
4,naive_bayes_normalized,132,0.631715
4,naive_bayes_normalized,133,0.636270
4,naive_bayes_normalized,134,0.644901
4,naive_bayes_normalized,135,0.647862
4,naive_bayes_normalized,136,0.633610
4,naive_bayes_normalized,137,0.629683
4,naive_bayes_normalized,138,0.643679
4,naive_bayes_normalized,139,0.656079
4,naive_bayes_normalized,140,0.645892
4,naive_bayes_normalized,141,0.647180
4,naive_bayes_normalized,142,0.657377
4,naive_bayes_normalized,143,0.643053
4,naive_bayes_normalized,144,0.632904
4,naive_bayes_normalized,145,0.632304
4,naive_bayes_normalized,146,0.639199
4,naive_bayes_normalized,147,0.627870
4,naive_bayes_normalized,148,0.632745
4,naive_bayes_normalized,149,0.653041
4,naive_bayes_normalized,150,0.650688
4,naive_bayes_normalized,151,0.654416
4,naive_bayes_normalized,152,0.647759
4,naive_bayes_normalized,153,0.654516
4,naive_bayes_normalized,154,0.655721
4,naive_bayes_normalized,155,0.656456
4,naive_bayes_normalized,156,0.644190
4,naive_bayes_normalized,157,0.652491
4,naive_bayes_normalized,158,0.657291
4,naive_bayes_normalized,159,0.629527
4,naive_bayes_normalized,160,0.674280
4,naive_bayes_normalized,161,0.626897
4,naive_bayes_normalized,162,0.634280
4,naive_bayes_normalized,163,0.640141
4,naive_bayes_normalized,164,0.658216
4,naive_bayes_normalized,165,0.651523
4,naive_bayes_normalized,166,0.660261
4,naive_bayes_normalized,167,0.640125
4,naive_bayes_normalized,168,0.642321
4,naive_bayes_normalized,169,0.642210
4,naive_bayes_normalized,170,0.639314
4,naive_bayes_normalized,171,0.658393
4,naive_bayes_normalized,172,0.656980
4,naive_bayes_normalized,173,0.639769
4,naive_bayes_normalized,174,0.639874
4,naive_bayes_normalized,175,0.637213
4,naive_bayes_normalized,176,0.638085
4,naive_bayes_normalized,177,0.635732
4,naive_bayes_normalized,178,0.662968
4,naive_bayes_normalized,179,0.633354
4,naive_bayes_normalized,180,0.645697
4,naive_bayes_normalized,181,0.649092
4,naive_bayes_normalized,182,0.637834
4,naive_bayes_normalized,183,0.645411
4,naive_bayes_normalized,184,0.626038
4,naive_bayes_normalized,185,0.651296
4,naive_bayes_normalized,186,0.702170
4,naive_bayes_normalized,187,0.664360
4,naive_bayes_normalized,188,0.654349
4,naive_bayes_normalized,189,0.649236
4,naive_bayes_normalized,190,0.624416
4,naive_bayes_normalized,191,0.630595
4,naive_bayes_normalized,192,0.642735
4,naive_bayes_normalized,193,0.640667
4,naive_bayes_normalized,194,0.646701
4,naive_bayes_normalized,195,0.671007
4,naive_bayes_normalized,196,0.654151
4,naive_bayes_normalized,197,0.651226
4,naive_bayes_normalized,198,0.663841
4,naive_bayes_normalized,199,0.641438
4,naive_bayes_normalized,200,0.646946
4,naive_bayes_normalized,201,0.637713
4,naive_bayes_normalized,202,0.649399
4,naive_bayes_normalized,203,0.642195
4,naive_bayes_normalized,204,0.638640
4,naive_bayes_normalized,205,0.642174
4,naive_bayes_normalized,206,0.666450
4,naive_bayes_normalized,207,0.699599
4,naive_bayes_normalized,208,0.691526
4,naive_bayes_normalized,209,0.659134
4,naive_bayes_normalized,210,0.671577
4,naive_bayes_normalized,211,0.669796
4,naive_bayes_normalized,212,0.682471
4,naive_bayes_normalized,213,0.669408
4,naive_bayes_normalized,214,0.666331
4,naive_bayes_normalized,215,0.670118
4,naive_bayes_normalized,216,0.671786
4,naive_bayes_normalized,217,0.668565
4,naive_bayes_normalized,218,0.690845
4,naive_bayes_normalized,219,0.693472
4,naive_bayes_normalized,220,0.685826
4,naive_bayes_normalized,221,0.679724
4,naive_bayes_normalized,222,0.714694
4,naive_bayes_normalized,223,0.713507
4,naive_bayes_normalized,224,0.713171
4,naive_bayes_normalized,225,0.680459
4,naive_bayes_normalized,226,0.676541
4,naive_bayes_normalized,227,0.672436
4,naive_bayes_normalized,228,0.670950
4,naive_bayes_normalized,229,0.675749
4,naive_bayes_normalized,230,0.672705
4,naive_bayes_normalized,231,0.682292
4,naive_bayes_normalized,232,0.676654
4,naive_bayes_normalized,233,0.693663
4,naive_bayes_normalized,234,0.681988
4,naive_bayes_normalized,235,0.674180
4,naive_bayes_normalized,236,0.662043
4,naive_bayes_normalized,237,0.661515
4,naive_bayes_normalized,238,0.652996
4,naive_bayes_normalized,239,0.675906
4,naive_bayes_normalized,240,0.679432
4,naive_bayes_normalized,241,0.680659
4,naive_bayes_normalized,242,0.691651
4,naive_bayes_normalized,243,0.664236
4,naive_bayes_normalized,244,0.676331
4,naive_bayes_normalized,245,0.652717
4,naive_bayes_normalized,246,0.669375
4,naive_bayes_normalized,247,0.667952
4,naive_bayes_normalized,248,0.676798
4,naive_bayes_normalized,249,0.671358
4,naive_bayes_normalized,250,0.661621
4,naive_bayes_normalized,251,0.671867
4,naive_bayes_normalized,252,0.663727
4,naive_bayes_normalized,253,0.674848
4,naive_bayes_normalized,254,0.670927
4,naive_bayes_normalized,255,0.677405
4,naive_bayes_normalized,256,0.667422
4,naive_bayes_normalized,257,0.665320
4,naive_bayes_normalized,258,0.662116
4,naive_bayes_normalized,259,0.657611
4,naive_bayes_normalized,260,0.665905
4,naive_bayes_normalized,261,0.677163
4,naive_bayes_normalized,262,0.676342
4,svm_normalized,0,2.776236
4,svm_normalized,1,2.780705
4,svm_normalized,2,2.783443
4,svm_normalized,3,2.778222
4,svm_normalized,4,2.787998
4,svm_normalized,5,2.794800
4,svm_normalized,6,2.782253
4,svm_normalized,7,2.794585
4,svm_normalized,8,2.784616
4,svm_normalized,9,2.786730
4,svm_normalized,10,2.796050
4,svm_normalized,11,2.786151
4,svm_normalized,12,2.783689
4,svm_normalized,13,2.683765
4,svm_normalized,14,2.641315
4,svm_normalized,15,2.714804
4,svm_normalized,16,2.661058
4,svm_normalized,17,2.646444
4,svm_normalized,18,2.695068
4,svm_normalized,19,2.669993
4,svm_normalized,20,2.714302
4,svm_normalized,21,2.681534
4,svm_normalized,22,2.672441
4,svm_normalized,23,2.679674
4,svm_normalized,24,2.711379
4,svm_normalized,25,2.642144
4,svm_normalized,26,2.741121
4,svm_normalized,27,2.664987
4,svm_normalized,28,2.658774
4,svm_normalized,29,2.715645
4,svm_normalized,30,2.712415
4,svm_normalized,31,2.696443
4,svm_normalized,32,2.685885
4,svm_normalized,33,2.699129
4,svm_normalized,34,2.644183
4,svm_normalized,35,2.736608
4,svm_normalized,36,2.640301
4,svm_normalized,37,2.666010
4,svm_normalized,38,2.730105
4,svm_normalized,39,2.678158
4,svm_normalized,40,2.719130
4,svm_normalized,41,2.708783
4,svm_normalized,42,2.660499
4,svm_normalized,43,2.728124
4,svm_normalized,44,2.698079
4,svm_normalized,45,2.783632
4,svm_normalized,46,2.768337
4,svm_normalized,47,2.782296
4,svm_normalized,48,2.775946
4,svm_normalized,49,2.788576
4,svm_normalized,50,2.767625
4,svm_normalized,51,2.779748
4,svm_normalized,52,2.797517
4,svm_normalized,53,2.779719
4,svm_normalized,54,2.751992
4,svm_normalized,55,2.697647
4,svm_normalized,56,2.737237
4,svm_normalized,57,2.830719
4,svm_normalized,58,2.837220
4,svm_normalized,59,2.807460
4,svm_normalized,60,2.842608
4,svm_normalized,61,2.855701
4,svm_normalized,62,2.858623
4,svm_normalized,63,2.845841
4,svm_normalized,64,2.881071
4,svm_normalized,65,2.854241
4,svm_normalized,66,2.822371
4,svm_normalized,67,2.782707
4,svm_normalized,68,2.807047
4,svm_normalized,69,2.796167
4,svm_normalized,70,2.802819
4,svm_normalized,71,2.783133
4,svm_normalized,72,2.796863
4,svm_normalized,73,2.808319
4,svm_normalized,74,2.795249
4,svm_normalized,75,2.785512
4,svm_normalized,76,2.791555
4,svm_normalized,77,2.779800
4,svm_normalized,78,2.775564
4,svm_normalized,79,2.800025
4,svm_normalized,80,2.806103
4,svm_normalized,81,2.787452
4,svm_normalized,82,2.794603
4,svm_normalized,83,2.786888
4,svm_normalized,84,2.803740
4,svm_normalized,85,2.783265
4,svm_normalized,86,2.770506
4,svm_normalized,87,2.810604
4,svm_normalized,88,2.707985
4,svm_normalized,89,2.678501
4,svm_normalized,90,2.665730
4,svm_normalized,91,2.704755
4,svm_normalized,92,2.655125
4,svm_normalized,93,2.761900
4,svm_normalized,94,2.722312
4,svm_normalized,95,2.726862
4,svm_normalized,96,2.722256
4,svm_normalized,97,2.722647
4,svm_normalized,98,2.718083
4,svm_normalized,99,2.715970
4,svm_normalized,100,2.703462
4,svm_normalized,101,2.722186
4,svm_normalized,102,2.708694
4,svm_normalized,103,2.715454
4,svm_normalized,104,2.745754
4,svm_normalized,105,2.767901
4,svm_normalized,106,2.730661
4,svm_normalized,107,2.712813
4,svm_normalized,108,2.650916
4,svm_normalized,109,2.669613
4,svm_normalized,110,2.684777
4,svm_normalized,111,2.648285
4,svm_normalized,112,2.659130
4,svm_normalized,113,2.653591
4,svm_normalized,114,2.691031
4,svm_normalized,115,2.700441
4,svm_normalized,116,2.654506
4,svm_normalized,117,2.639258
4,svm_normalized,118,2.666647
4,svm_normalized,119,2.703826
4,svm_normalized,120,2.638427
4,svm_normalized,121,2.677116
4,svm_normalized,122,2.677663
4,svm_normalized,123,2.688127
4,svm_normalized,124,2.669867
4,svm_normalized,125,2.712202
4,svm_normalized,126,2.714221
4,svm_normalized,127,2.648092
4,svm_normalized,128,2.711493
4,svm_normalized,129,2.703459
4,svm_normalized,130,2.711774
4,svm_normalized,131,2.694799
4,svm_normalized,132,2.661730
4,svm_normalized,133,2.817925
4,svm_normalized,134,2.807466
4,svm_normalized,135,2.836542
4,svm_normalized,136,2.783396
4,svm_normalized,137,2.790619
4,svm_normalized,138,2.869692
4,svm_normalized,139,2.803694
4,svm_normalized,140,2.772985
4,svm_normalized,141,2.787553
4,svm_normalized,142,2.782472
4,svm_normalized,143,2.786023
4,svm_normalized,144,2.780956
4,svm_normalized,145,2.780148
4,svm_normalized,146,2.795569
4,svm_normalized,147,2.772045
4,svm_normalized,148,2.770470
4,svm_normalized,149,2.792988
4,svm_normalized,150,2.786715
4,svm_normalized,151,2.789837
4,svm_normalized,152,2.765908
4,svm_normalized,153,2.781989
4,svm_normalized,154,2.779078
4,svm_normalized,155,2.758749
4,svm_normalized,156,2.656169
4,svm_normalized,157,2.669382
4,svm_normalized,158,2.667247
4,svm_normalized,159,2.635866
4,svm_normalized,160,2.688768
4,svm_normalized,161,2.640842
4,svm_normalized,162,2.643266
4,svm_normalized,163,2.651046
4,svm_normalized,164,2.725093
4,svm_normalized,165,2.643374
4,svm_normalized,166,2.660643
4,svm_normalized,167,2.697083
4,svm_normalized,168,2.686053
4,svm_normalized,169,2.705982
4,svm_normalized,170,2.695480
4,svm_normalized,171,2.670444
4,svm_normalized,172,2.714811
4,svm_normalized,173,2.667274
4,svm_normalized,174,2.635802
4,svm_normalized,175,2.700250
4,svm_normalized,176,2.728452
4,svm_normalized,177,2.662235
4,svm_normalized,178,2.679217
4,svm_normalized,179,2.696586
4,svm_normalized,180,2.634189
4,svm_normalized,181,2.695464
4,svm_normalized,182,2.698162
4,svm_normalized,183,2.654219
4,svm_normalized,184,2.691052
4,svm_normalized,185,2.686340
4,svm_normalized,186,2.743855
4,svm_normalized,187,2.682307
4,svm_normalized,188,2.651616
4,svm_normalized,189,2.692719
4,svm_normalized,190,2.695385
4,svm_normalized,191,2.674322
4,svm_normalized,192,2.693196
4,svm_normalized,193,2.663088
4,svm_normalized,194,2.724922
4,svm_normalized,195,2.696339
4,svm_normalized,196,2.669007
4,svm_normalized,197,2.696669
4,svm_normalized,198,2.704554
4,svm_normalized,199,2.727875
4,svm_normalized,200,2.675577
4,svm_normalized,201,2.686656
4,svm_normalized,202,2.715646
4,svm_normalized,203,2.638815
4,svm_normalized,204,2.712284
4,svm_normalized,205,2.707382
4,svm_normalized,206,2.683670
4,svm_normalized,207,2.677306
4,svm_normalized,208,2.675439
4,svm_normalized,209,2.772568
4,svm_normalized,210,2.821049
4,svm_normalized,211,2.785640
4,svm_normalized,212,2.792023
4,svm_normalized,213,2.797527
4,svm_normalized,214,2.793419
4,svm_normalized,215,2.782857
4,svm_normalized,216,2.792938
4,svm_normalized,217,2.827417
4,svm_normalized,218,2.812793
4,svm_normalized,219,2.791771
4,svm_normalized,220,2.789555
4,svm_normalized,221,2.779639
4,svm_normalized,222,2.779380
4,svm_normalized,223,2.853721
4,svm_normalized,224,2.811641
4,svm_normalized,225,2.784675
4,svm_normalized,226,2.798061
4,svm_normalized,227,2.807018
4,svm_normalized,228,2.789832
4,svm_normalized,229,2.767701
4,svm_normalized,230,2.720392
4,svm_normalized,231,2.717142
4,svm_normalized,232,2.730239
4,svm_normalized,233,2.759822
4,svm_normalized,234,2.804542
4,svm_normalized,235,2.800159
4,svm_normalized,236,2.778833
4,svm_normalized,237,2.782262
4,svm_normalized,238,2.782628
4,svm_normalized,239,2.800072
4,svm_normalized,240,2.763914
4,svm_normalized,241,2.798509
4,svm_normalized,242,2.809954
4,svm_normalized,243,2.719940
4,svm_normalized,244,2.659528
4,svm_normalized,245,2.637363
4,svm_normalized,246,2.655599
4,svm_normalized,247,2.656120
4,svm_normalized,248,2.680846
4,svm_normalized,249,2.658240
4,svm_normalized,250,2.652040
4,svm_normalized,251,2.670985
4,svm_normalized,252,2.662089
4,svm_normalized,253,2.794922
4,svm_normalized,254,2.796406
4,svm_normalized,255,2.802102
4,svm_normalized,256,2.784725
4,svm_normalized,257,2.802345
4,svm_normalized,258,2.784729
4,svm_normalized,259,2.783043
4,svm_normalized,260,2.791432
4,svm_normalized,261,2.798131
4,svm_normalized,262,2.820658
4,signature_raw,0,0.010393
4,signature_raw,1,0.007019
4,signature_raw,2,0.004837
4,signature_raw,3,0.003050
4,signature_raw,4,0.005533
4,signature_raw,5,0.012686
4,signature_raw,6,0.004097
4,signature_raw,7,0.003192
4,signature_raw,8,0.004158
4,signature_raw,9,0.008876
4,signature_raw,10,0.009511
4,signature_raw,11,0.004385
4,signature_raw,12,0.004199
4,signature_raw,13,0.003182
4,signature_raw,14,0.004211
4,signature_raw,15,0.003538
4,signature_raw,16,0.004528
4,signature_raw,17,0.004511
4,signature_raw,18,0.023883
4,signature_raw,19,0.008975
4,signature_raw,20,0.009694
4,signature_raw,21,0.003019
4,signature_raw,22,0.008694
4,signature_raw,23,0.009005
4,signature_raw,24,0.009244
4,signature_raw,25,0.004467
4,signature_raw,26,0.007827
4,signature_raw,27,0.006053
4,signature_raw,28,0.004219
4,signature_raw,29,0.011249
4,signature_raw,30,0.004022
4,signature_raw,31,0.005625
4,signature_raw,32,0.009152
4,signature_raw,33,0.003385
4,signature_raw,34,0.004440
4,signature_raw,35,0.006019
4,signature_raw,36,0.003853
4,signature_raw,37,0.009738
4,signature_raw,38,0.008977
4,signature_raw,39,0.008038
4,signature_raw,40,0.006597
4,signature_raw,41,0.010492
4,signature_raw,42,0.004220
4,signature_raw,43,0.004214
4,signature_raw,44,0.011309
4,signature_raw,45,0.002251
4,signature_raw,46,0.004823
4,signature_raw,47,0.003401
4,signature_raw,48,0.008837
4,signature_raw,49,0.006037
4,signature_raw,50,0.002904
4,signature_raw,51,0.004292
4,signature_raw,52,0.007206
4,signature_raw,53,0.003882
4,signature_raw,54,0.003957
4,signature_raw,55,0.009501
4,signature_raw,56,0.003883
4,signature_raw,57,0.007142
4,signature_raw,58,0.010000
4,signature_raw,59,0.008784
4,signature_raw,60,0.009686
4,signature_raw,61,0.004527
4,signature_raw,62,0.006996
4,signature_raw,63,0.004959
4,signature_raw,64,0.004205
4,signature_raw,65,0.008131
4,signature_raw,66,0.007922
4,signature_raw,67,0.003890
4,signature_raw,68,0.008495
4,signature_raw,69,0.006523
4,signature_raw,70,0.006294
4,signature_raw,71,0.006913
4,signature_raw,72,0.007227
4,signature_raw,73,0.009998
4,signature_raw,74,0.008871
4,signature_raw,75,0.004317
4,signature_raw,76,0.008602
4,signature_raw,77,0.004777
4,signature_raw,78,0.002731
4,signature_raw,79,0.009294
4,signature_raw,80,0.010021
4,signature_raw,81,0.005034
4,signature_raw,82,0.007491
4,signature_raw,83,0.008425
4,signature_raw,84,0.013885
4,signature_raw,85,0.003957
4,signature_raw,86,0.004258
4,signature_raw,87,0.009579
4,signature_raw,88,0.009617
4,signature_raw,89,0.012540
4,signature_raw,90,0.009510
4,signature_raw,91,0.004719
4,signature_raw,92,0.004248
4,signature_raw,93,0.003968
4,signature_raw,94,0.007023
4,signature_raw,95,0.007096
4,signature_raw,96,0.006756
4,signature_raw,97,0.007805
4,signature_raw,98,0.004429
4,signature_raw,99,0.001745
4,signature_raw,100,0.004434
4,signature_raw,101,0.010326
4,signature_raw,102,0.002961
4,signature_raw,103,0.003417
4,signature_raw,104,0.002850
4,signature_raw,105,0.006577
4,signature_raw,106,0.008728
4,signature_raw,107,0.006682
4,signature_raw,108,0.007106
4,signature_raw,109,0.008488
4,signature_raw,110,0.012759
4,signature_raw,111,0.004222
4,signature_raw,112,0.006621
4,signature_raw,113,0.012851
4,signature_raw,114,0.004318
4,signature_raw,115,0.009958
4,signature_raw,116,0.009285
4,signature_raw,117,0.003908
4,signature_raw,118,0.007811
4,signature_raw,119,0.004142
4,signature_raw,120,0.004111
4,signature_raw,121,0.004142
4,signature_raw,122,0.007048
4,signature_raw,123,0.003281
4,signature_raw,124,0.003401
4,signature_raw,125,0.009659
4,signature_raw,126,0.004476
4,signature_raw,127,0.004637
4,signature_raw,128,0.004211
4,signature_raw,129,0.002693
4,signature_raw,130,0.006628
4,signature_raw,131,0.011083
4,signature_raw,132,0.004267
4,signature_raw,133,0.008262
4,signature_raw,134,0.003537
4,signature_raw,135,0.012257
4,signature_raw,136,0.005458
4,signature_raw,137,0.004290
4,signature_raw,138,0.009789
4,signature_raw,139,0.008290
4,signature_raw,140,0.003913
4,signature_raw,141,0.004223
4,signature_raw,142,0.005352
4,signature_raw,143,0.007200
4,signature_raw,144,0.004159
4,signature_raw,145,0.002690
4,signature_raw,146,0.004963
4,signature_raw,147,0.002209
4,signature_raw,148,0.004191
4,signature_raw,149,0.013368
4,signature_raw,150,0.006502
4,signature_raw,151,0.007029
4,signature_raw,152,0.004276
4,signature_raw,153,0.008549
4,signature_raw,154,0.006789
4,signature_raw,155,0.007428
4,signature_raw,156,0.011904
4,signature_raw,157,0.013471
4,signature_raw,158,0.014122
4,signature_raw,159,0.006905
4,signature_raw,160,0.023197
4,signature_raw,161,0.004345
4,signature_raw,162,0.007318
4,signature_raw,163,0.005815
4,signature_raw,164,0.006905
4,signature_raw,165,0.006005
4,signature_raw,166,0.008546
4,signature_raw,167,0.002867
4,signature_raw,168,0.003865
4,signature_raw,169,0.004235
4,signature_raw,170,0.004177
4,signature_raw,171,0.009269
4,signature_raw,172,0.005607
4,signature_raw,173,0.007042
4,signature_raw,174,0.005058
4,signature_raw,175,0.007117
4,signature_raw,176,0.011727
4,signature_raw,177,0.002281
4,signature_raw,178,0.008339
4,signature_raw,179,0.002783
4,signature_raw,180,0.004024
4,signature_raw,181,0.003653
4,signature_raw,182,0.004766
4,signature_raw,183,0.007606
4,signature_raw,184,0.004704
4,signature_raw,185,0.011746
4,signature_raw,186,0.022479
4,signature_raw,187,0.009617
4,signature_raw,188,0.006345
4,signature_raw,189,0.002253
4,signature_raw,190,0.004167
4,signature_raw,191,0.004372
4,signature_raw,192,0.003277
4,signature_raw,193,0.008922
4,signature_raw,194,0.003266
4,signature_raw,195,0.003306
4,signature_raw,196,0.008436
4,signature_raw,197,0.005906
4,signature_raw,198,0.008758
4,signature_raw,199,0.009027
4,signature_raw,200,0.009347
4,signature_raw,201,0.008489
4,signature_raw,202,0.009052
4,signature_raw,203,0.005086
4,signature_raw,204,0.008094
4,signature_raw,205,0.006827
4,signature_raw,206,0.007720
4,signature_raw,207,0.008001
4,signature_raw,208,0.002216
4,signature_raw,209,0.004567
4,signature_raw,210,0.007863
4,signature_raw,211,0.006322
4,signature_raw,212,0.003535
4,signature_raw,213,0.009585
4,signature_raw,214,0.006920
4,signature_raw,215,0.006557
4,signature_raw,216,0.009388
4,signature_raw,217,0.005409
4,signature_raw,218,0.003988
4,signature_raw,219,0.003888
4,signature_raw,220,0.003289
4,signature_raw,221,0.004179
4,signature_raw,222,0.004912
4,signature_raw,223,0.004414
4,signature_raw,224,0.011640
4,signature_raw,225,0.003212
4,signature_raw,226,0.009902
4,signature_raw,227,0.007033
4,signature_raw,228,0.003191
4,signature_raw,229,0.008247
4,signature_raw,230,0.009140
4,signature_raw,231,0.004100
4,signature_raw,232,0.007124
4,signature_raw,233,0.004101
4,signature_raw,234,0.003308
4,signature_raw,235,0.013342
4,signature_raw,236,0.004185
4,signature_raw,237,0.004080
4,signature_raw,238,0.004507
4,signature_raw,239,0.007879
4,signature_raw,240,0.002673
4,signature_raw,241,0.011461
4,signature_raw,242,0.012287
4,signature_raw,243,0.004540
4,signature_raw,244,0.010517
4,signature_raw,245,0.002177
4,signature_raw,246,0.006394
4,signature_raw,247,0.002067
4,signature_raw,248,0.010788
4,signature_raw,249,0.007025
4,signature_raw,250,0.004553
4,signature_raw,251,0.008454
4,signature_raw,252,0.004140
4,signature_raw,253,0.008910
4,signature_raw,254,0.003224
4,signature_raw,255,0.008845
4,signature_raw,256,0.006753
4,signature_raw,257,0.006409
4,signature_raw,258,0.004519
4,signature_raw,259,0.004139
4,signature_raw,260,0.006850
4,signature_raw,261,0.009884
4,signature_raw,262,0.008636
4,signature_normalized,0,0.018939
4,signature_normalized,1,0.012744
4,signature_normalized,2,0.007387
4,signature_normalized,3,0.006217
4,signature_normalized,4,0.010437
4,signature_normalized,5,0.016616
4,signature_normalized,6,0.007531
4,signature_normalized,7,0.005999
4,signature_normalized,8,0.006449
4,signature_normalized,9,0.016373
4,signature_normalized,10,0.018866
4,signature_normalized,11,0.007273
4,signature_normalized,12,0.006696
4,signature_normalized,13,0.006082
4,signature_normalized,14,0.007482
4,signature_normalized,15,0.007082
4,signature_normalized,16,0.007046
4,signature_normalized,17,0.006900
4,signature_normalized,18,0.028325
4,signature_normalized,19,0.018557
4,signature_normalized,20,0.018795
4,signature_normalized,21,0.006890
4,signature_normalized,22,0.016437
4,signature_normalized,23,0.012331
4,signature_normalized,24,0.017851
4,signature_normalized,25,0.007117
4,signature_normalized,26,0.015676
4,signature_normalized,27,0.011486
4,signature_normalized,28,0.010628
4,signature_normalized,29,0.013010
4,signature_normalized,30,0.006291
4,signature_normalized,31,0.008703
4,signature_normalized,32,0.012136
4,signature_normalized,33,0.007625
4,signature_normalized,34,0.006926
4,signature_normalized,35,0.010848
4,signature_normalized,36,0.006287
4,signature_normalized,37,0.012676
4,signature_normalized,38,0.033459
4,signature_normalized,39,0.017350
4,signature_normalized,40,0.013598
4,signature_normalized,41,0.019943
4,signature_normalized,42,0.006805
4,signature_normalized,43,0.006450
4,signature_normalized,44,0.022303
4,signature_normalized,45,0.006015
4,signature_normalized,46,0.008115
4,signature_normalized,47,0.005647
4,signature_normalized,48,0.016890
4,signature_normalized,49,0.012841
4,signature_normalized,50,0.005727
4,signature_normalized,51,0.007275
4,signature_normalized,52,0.013870
4,signature_normalized,53,0.006744
4,signature_normalized,54,0.006649
4,signature_normalized,55,0.018406
4,signature_normalized,56,0.006677
4,signature_normalized,57,0.012885
4,signature_normalized,58,0.018240
4,signature_normalized,59,0.015920
4,signature_normalized,60,0.017104
4,signature_normalized,61,0.007037
4,signature_normalized,62,0.009891
4,signature_normalized,63,0.007626
4,signature_normalized,64,0.007032
4,signature_normalized,65,0.016845
4,signature_normalized,66,0.014793
4,signature_normalized,67,0.006668
4,signature_normalized,68,0.011677
4,signature_normalized,69,0.012778
4,signature_normalized,70,0.011854
4,signature_normalized,71,0.009834
4,signature_normalized,72,0.013442
4,signature_normalized,73,0.013398
4,signature_normalized,74,0.012129
4,signature_normalized,75,0.007050
4,signature_normalized,76,0.015728
4,signature_normalized,77,0.007397
4,signature_normalized,78,0.006902
4,signature_normalized,79,0.016874
4,signature_normalized,80,0.019284
4,signature_normalized,81,0.009866
4,signature_normalized,82,0.014864
4,signature_normalized,83,0.016510
4,signature_normalized,84,0.018089
4,signature_normalized,85,0.007449
4,signature_normalized,86,0.007327
4,signature_normalized,87,0.018361
4,signature_normalized,88,0.013567
4,signature_normalized,89,0.025555
4,signature_normalized,90,0.013784
4,signature_normalized,91,0.007179
4,signature_normalized,92,0.007249
4,signature_normalized,93,0.006866
4,signature_normalized,94,0.009591
4,signature_normalized,95,0.013274
4,signature_normalized,96,0.012614
4,signature_normalized,97,0.014892
4,signature_normalized,98,0.006877
4,signature_normalized,99,0.004787
4,signature_normalized,100,0.006902
4,signature_normalized,101,0.020270
4,signature_normalized,102,0.006626
4,signature_normalized,103,0.005845
4,signature_normalized,104,0.008342
4,signature_normalized,105,0.013821
4,signature_normalized,106,0.016514
4,signature_normalized,107,0.013292
4,signature_normalized,108,0.012878
4,signature_normalized,109,0.016003
4,signature_normalized,110,0.021717
4,signature_normalized,111,0.010969
4,signature_normalized,112,0.013109
4,signature_normalized,113,0.016560
4,signature_normalized,114,0.006747
4,signature_normalized,115,0.013508
4,signature_normalized,116,0.017575
4,signature_normalized,117,0.007137
4,signature_normalized,118,0.010655
4,signature_normalized,119,0.006796
4,signature_normalized,120,0.006591
4,signature_normalized,121,0.006950
4,signature_normalized,122,0.012691
4,signature_normalized,123,0.006018
4,signature_normalized,124,0.006844
4,signature_normalized,125,0.018371
4,signature_normalized,126,0.009171
4,signature_normalized,127,0.007307
4,signature_normalized,128,0.007092
4,signature_normalized,129,0.005770
4,signature_normalized,130,0.013218
4,signature_normalized,131,0.014300
4,signature_normalized,132,0.007023
4,signature_normalized,133,0.015796
4,signature_normalized,134,0.007135
4,signature_normalized,135,0.023005
4,signature_normalized,136,0.008172
4,signature_normalized,137,0.007105
4,signature_normalized,138,0.018457
4,signature_normalized,139,0.016108
4,signature_normalized,140,0.006431
4,signature_normalized,141,0.006988
4,signature_normalized,142,0.008858
4,signature_normalized,143,0.012340
4,signature_normalized,144,0.006603
4,signature_normalized,145,0.005968
4,signature_normalized,146,0.010115
4,signature_normalized,147,0.005161
4,signature_normalized,148,0.006886
4,signature_normalized,149,0.024930
4,signature_normalized,150,0.011879
4,signature_normalized,151,0.007951
4,signature_normalized,152,0.007482
4,signature_normalized,153,0.014996
4,signature_normalized,154,0.013184
4,signature_normalized,155,0.014010
4,signature_normalized,156,0.022089
4,signature_normalized,157,0.017778
4,signature_normalized,158,0.018172
4,signature_normalized,159,0.013273
4,signature_normalized,160,0.028968
4,signature_normalized,161,0.006884
4,signature_normalized,162,0.013198
4,signature_normalized,163,0.009005
4,signature_normalized,164,0.007325
4,signature_normalized,165,0.011226
4,signature_normalized,166,0.015480
4,signature_normalized,167,0.005476
4,signature_normalized,168,0.006195
4,signature_normalized,169,0.007117
4,signature_normalized,170,0.006987
4,signature_normalized,171,0.017554
4,signature_normalized,172,0.010488
4,signature_normalized,173,0.009789
4,signature_normalized,174,0.009929
4,signature_normalized,175,0.013056
4,signature_normalized,176,0.011998
4,signature_normalized,177,0.005375
4,signature_normalized,178,0.016058
4,signature_normalized,179,0.006227
4,signature_normalized,180,0.007211
4,signature_normalized,181,0.006055
4,signature_normalized,182,0.007270
4,signature_normalized,183,0.013667
4,signature_normalized,184,0.007271
4,signature_normalized,185,0.015672
4,signature_normalized,186,0.028664
4,signature_normalized,187,0.013095
4,signature_normalized,188,0.011720
4,signature_normalized,189,0.005277
4,signature_normalized,190,0.006810
4,signature_normalized,191,0.006849
4,signature_normalized,192,0.006515
4,signature_normalized,193,0.016625
4,signature_normalized,194,0.007206
4,signature_normalized,195,0.006687
4,signature_normalized,196,0.015619
4,signature_normalized,197,0.011157
4,signature_normalized,198,0.015634
4,signature_normalized,199,0.015787
4,signature_normalized,200,0.013062
4,signature_normalized,201,0.016145
4,signature_normalized,202,0.016753
4,signature_normalized,203,0.009780
4,signature_normalized,204,0.015101
4,signature_normalized,205,0.009705
4,signature_normalized,206,0.013231
4,signature_normalized,207,0.014731
4,signature_normalized,208,0.005276
4,signature_normalized,209,0.007073
4,signature_normalized,210,0.010757
4,signature_normalized,211,0.011654
4,signature_normalized,212,0.007002
4,signature_normalized,213,0.012644
4,signature_normalized,214,0.012457
4,signature_normalized,215,0.011634
4,signature_normalized,216,0.017228
4,signature_normalized,217,0.010060
4,signature_normalized,218,0.008124
4,signature_normalized,219,0.006894
4,signature_normalized,220,0.006375
4,signature_normalized,221,0.007301
4,signature_normalized,222,0.007480
4,signature_normalized,223,0.008786
4,signature_normalized,224,0.016434
4,signature_normalized,225,0.006761
4,signature_normalized,226,0.013545
4,signature_normalized,227,0.013149
4,signature_normalized,228,0.006827
4,signature_normalized,229,0.016069
4,signature_normalized,230,0.017392
4,signature_normalized,231,0.006598
4,signature_normalized,232,0.012298
4,signature_normalized,233,0.007385
4,signature_normalized,234,0.006711
4,signature_normalized,235,0.016940
4,signature_normalized,236,0.007154
4,signature_normalized,237,0.006797
4,signature_normalized,238,0.007005
4,signature_normalized,239,0.015067
4,signature_normalized,240,0.007462
4,signature_normalized,241,0.015307
4,signature_normalized,242,0.015984
4,signature_normalized,243,0.007190
4,signature_normalized,244,0.019901
4,signature_normalized,245,0.005512
4,signature_normalized,246,0.011648
4,signature_normalized,247,0.006038
4,signature_normalized,248,0.021268
4,signature_normalized,249,0.012319
4,signature_normalized,250,0.007011
4,signature_normalized,251,0.016055
4,signature_normalized,252,0.007081
4,signature_normalized,253,0.016567
4,signature_normalized,254,0.006957
4,signature_normalized,255,0.022570
4,signature_normalized,256,0.013242
4,signature_normalized,257,0.009029
4,signature_normalized,258,0.006915
4,signature_normalized,259,0.006916
4,signature_normalized,260,0.012642
4,signature_normalized,261,0.017664
4,signature_normalized,262,0.016248
4,svm_normalized_uncalibrated,0,0.674747
4,svm_normalized_uncalibrated,1,0.672270
4,svm_normalized_uncalibrated,2,0.671917
4,svm_normalized_uncalibrated,3,0.666144
4,svm_normalized_uncalibrated,4,0.671933
4,svm_normalized_uncalibrated,5,0.682857
4,svm_normalized_uncalibrated,6,0.660532
4,svm_normalized_uncalibrated,7,0.677358
4,svm_normalized_uncalibrated,8,0.662520
4,svm_normalized_uncalibrated,9,0.676183
4,svm_normalized_uncalibrated,10,0.700986
4,svm_normalized_uncalibrated,11,0.665734
4,svm_normalized_uncalibrated,12,0.658994
4,svm_normalized_uncalibrated,13,0.678224
4,svm_normalized_uncalibrated,14,0.669493
4,svm_normalized_uncalibrated,15,0.678323
4,svm_normalized_uncalibrated,16,0.666908
4,svm_normalized_uncalibrated,17,0.664468
4,svm_normalized_uncalibrated,18,0.710169
4,svm_normalized_uncalibrated,19,0.678864
4,svm_normalized_uncalibrated,20,0.676380
4,svm_normalized_uncalibrated,21,0.653813
4,svm_normalized_uncalibrated,22,0.673559
4,svm_normalized_uncalibrated,23,0.685233
4,svm_normalized_uncalibrated,24,0.672908
4,svm_normalized_uncalibrated,25,0.663258
4,svm_normalized_uncalibrated,26,0.678412
4,svm_normalized_uncalibrated,27,0.664016
4,svm_normalized_uncalibrated,28,0.664273
4,svm_normalized_uncalibrated,29,0.667716
4,svm_normalized_uncalibrated,30,0.655591
4,svm_normalized_uncalibrated,31,0.676725
4,svm_normalized_uncalibrated,32,0.680200
4,svm_normalized_uncalibrated,33,0.679280
4,svm_normalized_uncalibrated,34,0.656195
4,svm_normalized_uncalibrated,35,0.668626
4,svm_normalized_uncalibrated,36,0.659780
4,svm_normalized_uncalibrated,37,0.673087
4,svm_normalized_uncalibrated,38,0.677108
4,svm_normalized_uncalibrated,39,0.679266
4,svm_normalized_uncalibrated,40,0.665435
4,svm_normalized_uncalibrated,41,0.679481
4,svm_normalized_uncalibrated,42,0.661426
4,svm_normalized_uncalibrated,43,0.656957
4,svm_normalized_uncalibrated,44,0.681558
4,svm_normalized_uncalibrated,45,0.666286
4,svm_normalized_uncalibrated,46,0.659660
4,svm_normalized_uncalibrated,47,0.662834
4,svm_normalized_uncalibrated,48,0.677340
4,svm_normalized_uncalibrated,49,0.667722
4,svm_normalized_uncalibrated,50,0.662678
4,svm_normalized_uncalibrated,51,0.662299
4,svm_normalized_uncalibrated,52,0.670159
4,svm_normalized_uncalibrated,53,0.665087
4,svm_normalized_uncalibrated,54,0.664300
4,svm_normalized_uncalibrated,55,0.671675
4,svm_normalized_uncalibrated,56,0.668761
4,svm_normalized_uncalibrated,57,0.668688
4,svm_normalized_uncalibrated,58,0.672384
4,svm_normalized_uncalibrated,59,0.679969
4,svm_normalized_uncalibrated,60,0.681938
4,svm_normalized_uncalibrated,61,0.663700
4,svm_normalized_uncalibrated,62,0.672569
4,svm_normalized_uncalibrated,63,0.664847
4,svm_normalized_uncalibrated,64,0.656190
4,svm_normalized_uncalibrated,65,0.675873
4,svm_normalized_uncalibrated,66,0.681677
4,svm_normalized_uncalibrated,67,0.660464
4,svm_normalized_uncalibrated,68,0.681263
4,svm_normalized_uncalibrated,69,0.674153
4,svm_normalized_uncalibrated,70,0.665497
4,svm_normalized_uncalibrated,71,0.671739
4,svm_normalized_uncalibrated,72,0.668962
4,svm_normalized_uncalibrated,73,0.678593
4,svm_normalized_uncalibrated,74,0.678804
4,svm_normalized_uncalibrated,75,0.665689
4,svm_normalized_uncalibrated,76,0.673950
4,svm_normalized_uncalibrated,77,0.683436
4,svm_normalized_uncalibrated,78,0.687369
4,svm_normalized_uncalibrated,79,0.678687
4,svm_normalized_uncalibrated,80,0.681462
4,svm_normalized_uncalibrated,81,0.671953
4,svm_normalized_uncalibrated,82,0.675097
4,svm_normalized_uncalibrated,83,0.675883
4,svm_normalized_uncalibrated,84,0.694686
4,svm_normalized_uncalibrated,85,0.659952
4,svm_normalized_uncalibrated,86,0.658260
4,svm_normalized_uncalibrated,87,0.676447
4,svm_normalized_uncalibrated,88,0.683709
4,svm_normalized_uncalibrated,89,0.688432
4,svm_normalized_uncalibrated,90,0.683200
4,svm_normalized_uncalibrated,91,0.656567
4,svm_normalized_uncalibrated,92,0.661369
4,svm_normalized_uncalibrated,93,0.661332
4,svm_normalized_uncalibrated,94,0.660574
4,svm_normalized_uncalibrated,95,0.673959
4,svm_normalized_uncalibrated,96,0.669381
4,svm_normalized_uncalibrated,97,0.670576
4,svm_normalized_uncalibrated,98,0.664764
4,svm_normalized_uncalibrated,99,0.669340
4,svm_normalized_uncalibrated,100,0.658553
4,svm_normalized_uncalibrated,101,0.684926
4,svm_normalized_uncalibrated,102,0.655961
4,svm_normalized_uncalibrated,103,0.686377
4,svm_normalized_uncalibrated,104,0.679034
4,svm_normalized_uncalibrated,105,0.729343
4,svm_normalized_uncalibrated,106,0.697108
4,svm_normalized_uncalibrated,107,0.670041
4,svm_normalized_uncalibrated,108,0.670228
4,svm_normalized_uncalibrated,109,0.682700
4,svm_normalized_uncalibrated,110,0.683219
4,svm_normalized_uncalibrated,111,0.663521
4,svm_normalized_uncalibrated,112,0.673069
4,svm_normalized_uncalibrated,113,0.679418
4,svm_normalized_uncalibrated,114,0.662517
4,svm_normalized_uncalibrated,115,0.675293
4,svm_normalized_uncalibrated,116,0.669834
4,svm_normalized_uncalibrated,117,0.676176
4,svm_normalized_uncalibrated,118,0.677872
4,svm_normalized_uncalibrated,119,0.653008
4,svm_normalized_uncalibrated,120,0.664777
4,svm_normalized_uncalibrated,121,0.664573
4,svm_normalized_uncalibrated,122,0.668246
4,svm_normalized_uncalibrated,123,0.659477
4,svm_normalized_uncalibrated,124,0.679911
4,svm_normalized_uncalibrated,125,0.676503
4,svm_normalized_uncalibrated,126,0.690977
4,svm_normalized_uncalibrated,127,0.665366
4,svm_normalized_uncalibrated,128,0.660493
4,svm_normalized_uncalibrated,129,0.675556
4,svm_normalized_uncalibrated,130,0.671296
4,svm_normalized_uncalibrated,131,0.675344
4,svm_normalized_uncalibrated,132,0.663770
4,svm_normalized_uncalibrated,133,0.676943
4,svm_normalized_uncalibrated,134,0.676672
4,svm_normalized_uncalibrated,135,0.681501
4,svm_normalized_uncalibrated,136,0.677263
4,svm_normalized_uncalibrated,137,0.659596
4,svm_normalized_uncalibrated,138,0.674190
4,svm_normalized_uncalibrated,139,0.676871
4,svm_normalized_uncalibrated,140,0.658036
4,svm_normalized_uncalibrated,141,0.664894
4,svm_normalized_uncalibrated,142,0.671180
4,svm_normalized_uncalibrated,143,0.668209
4,svm_normalized_uncalibrated,144,0.663484
4,svm_normalized_uncalibrated,145,0.670352
4,svm_normalized_uncalibrated,146,0.665503
4,svm_normalized_uncalibrated,147,0.665540
4,svm_normalized_uncalibrated,148,0.663706
4,svm_normalized_uncalibrated,149,0.673523
4,svm_normalized_uncalibrated,150,0.668508
4,svm_normalized_uncalibrated,151,0.672667
4,svm_normalized_uncalibrated,152,0.658240
4,svm_normalized_uncalibrated,153,0.676897
4,svm_normalized_uncalibrated,154,0.672851
4,svm_normalized_uncalibrated,155,0.671785
4,svm_normalized_uncalibrated,156,0.676416
4,svm_normalized_uncalibrated,157,0.689067
4,svm_normalized_uncalibrated,158,0.690280
4,svm_normalized_uncalibrated,159,0.661756
4,svm_normalized_uncalibrated,160,0.711170
4,svm_normalized_uncalibrated,161,0.664232
4,svm_normalized_uncalibrated,162,0.664843
4,svm_normalized_uncalibrated,163,0.675617
4,svm_normalized_uncalibrated,164,0.671273
4,svm_normalized_uncalibrated,165,0.665044
4,svm_normalized_uncalibrated,166,0.681019
4,svm_normalized_uncalibrated,167,0.662836
4,svm_normalized_uncalibrated,168,0.657490
4,svm_normalized_uncalibrated,169,0.665536
4,svm_normalized_uncalibrated,170,0.661107
4,svm_normalized_uncalibrated,171,0.671147
4,svm_normalized_uncalibrated,172,0.672778
4,svm_normalized_uncalibrated,173,0.674009
4,svm_normalized_uncalibrated,174,0.665804
4,svm_normalized_uncalibrated,175,0.673674
4,svm_normalized_uncalibrated,176,0.676292
4,svm_normalized_uncalibrated,177,0.659067
4,svm_normalized_uncalibrated,178,0.677766
4,svm_normalized_uncalibrated,179,0.661339
4,svm_normalized_uncalibrated,180,0.657726
4,svm_normalized_uncalibrated,181,0.661178
4,svm_normalized_uncalibrated,182,0.663971
4,svm_normalized_uncalibrated,183,0.661771
4,svm_normalized_uncalibrated,184,0.635613
4,svm_normalized_uncalibrated,185,0.650511
4,svm_normalized_uncalibrated,186,0.669925
4,svm_normalized_uncalibrated,187,0.655622
4,svm_normalized_uncalibrated,188,0.637879
4,svm_normalized_uncalibrated,189,0.634196
4,svm_normalized_uncalibrated,190,0.631208
4,svm_normalized_uncalibrated,191,0.625325
4,svm_normalized_uncalibrated,192,0.646123
4,svm_normalized_uncalibrated,193,0.647751
4,svm_normalized_uncalibrated,194,0.665328
4,svm_normalized_uncalibrated,195,0.659830
4,svm_normalized_uncalibrated,196,0.664743
4,svm_normalized_uncalibrated,197,0.635387
4,svm_normalized_uncalibrated,198,0.645650
4,svm_normalized_uncalibrated,199,0.646511
4,svm_normalized_uncalibrated,200,0.647674
4,svm_normalized_uncalibrated,201,0.664583
4,svm_normalized_uncalibrated,202,0.649401
4,svm_normalized_uncalibrated,203,0.634567
4,svm_normalized_uncalibrated,204,0.650087
4,svm_normalized_uncalibrated,205,0.645518
4,svm_normalized_uncalibrated,206,0.634964
4,svm_normalized_uncalibrated,207,0.644220
4,svm_normalized_uncalibrated,208,0.628820
4,svm_normalized_uncalibrated,209,0.632638
4,svm_normalized_uncalibrated,210,0.642861
4,svm_normalized_uncalibrated,211,0.635426
4,svm_normalized_uncalibrated,212,0.648595
4,svm_normalized_uncalibrated,213,0.646906
4,svm_normalized_uncalibrated,214,0.634583
4,svm_normalized_uncalibrated,215,0.666874
4,svm_normalized_uncalibrated,216,0.650124
4,svm_normalized_uncalibrated,217,0.636390
4,svm_normalized_uncalibrated,218,0.657755
4,svm_normalized_uncalibrated,219,0.635638
4,svm_normalized_uncalibrated,220,0.639762
4,svm_normalized_uncalibrated,221,0.634033
4,svm_normalized_uncalibrated,222,0.630014
4,svm_normalized_uncalibrated,223,0.673137
4,svm_normalized_uncalibrated,224,0.669719
4,svm_normalized_uncalibrated,225,0.656070
4,svm_normalized_uncalibrated,226,0.665391
4,svm_normalized_uncalibrated,227,0.641865
4,svm_normalized_uncalibrated,228,0.637931
4,svm_normalized_uncalibrated,229,0.646262
4,svm_normalized_uncalibrated,230,0.646377
4,svm_normalized_uncalibrated,231,0.629457
4,svm_normalized_uncalibrated,232,0.644467
4,svm_normalized_uncalibrated,233,0.653485
4,svm_normalized_uncalibrated,234,0.668518
4,svm_normalized_uncalibrated,235,0.651042
4,svm_normalized_uncalibrated,236,0.654514
4,svm_normalized_uncalibrated,237,0.640738
4,svm_normalized_uncalibrated,238,0.645808
4,svm_normalized_uncalibrated,239,0.661651
4,svm_normalized_uncalibrated,240,0.643184
4,svm_normalized_uncalibrated,241,0.656760
4,svm_normalized_uncalibrated,242,0.658626
4,svm_normalized_uncalibrated,243,0.632348
4,svm_normalized_uncalibrated,244,0.644811
4,svm_normalized_uncalibrated,245,0.624850
4,svm_normalized_uncalibrated,246,0.639871
4,svm_normalized_uncalibrated,247,0.635366
4,svm_normalized_uncalibrated,248,0.660534
4,svm_normalized_uncalibrated,249,0.656278
4,svm_normalized_uncalibrated,250,0.647555
4,svm_normalized_uncalibrated,251,0.663771
4,svm_normalized_uncalibrated,252,0.632446
4,svm_normalized_uncalibrated,253,0.645636
4,svm_normalized_uncalibrated,254,0.657630
4,svm_normalized_uncalibrated,255,0.659670
4,svm_normalized_uncalibrated,256,0.658253
4,svm_normalized_uncalibrated,257,0.632411
4,svm_normalized_uncalibrated,258,0.629821
4,svm_normalized_uncalibrated,259,0.627579
4,svm_normalized_uncalibrated,260,0.641251
4,svm_normalized_uncalibrated,261,0.646935
4,svm_normalized_uncalibrated,262,0.641565
5,logistic_regression_normalized,0,0.979819
5,logistic_regression_normalized,1,0.965346
5,logistic_regression_normalized,2,0.970090
5,logistic_regression_normalized,3,0.967409
5,logistic_regression_normalized,4,0.962578
5,logistic_regression_normalized,5,0.985096
5,logistic_regression_normalized,6,0.961496
5,logistic_regression_normalized,7,0.976540
5,logistic_regression_normalized,8,0.973736
5,logistic_regression_normalized,9,1.001277
5,logistic_regression_normalized,10,1.014706
5,logistic_regression_normalized,11,0.955555
5,logistic_regression_normalized,12,0.949909
5,logistic_regression_normalized,13,0.968789
5,logistic_regression_normalized,14,0.969463
5,logistic_regression_normalized,15,1.007423
5,logistic_regression_normalized,16,0.978881
5,logistic_regression_normalized,17,0.958147
5,logistic_regression_normalized,18,1.037767
5,logistic_regression_normalized,19,0.976823
5,logistic_regression_normalized,20,0.997304
5,logistic_regression_normalized,21,0.980230
5,logistic_regression_normalized,22,0.967786
5,logistic_regression_normalized,23,0.982036
5,logistic_regression_normalized,24,0.993618
5,logistic_regression_normalized,25,0.977072
5,logistic_regression_normalized,26,0.999437
5,logistic_regression_normalized,27,1.001533
5,logistic_regression_normalized,28,0.953186
5,logistic_regression_normalized,29,0.963684
5,logistic_regression_normalized,30,0.951467
5,logistic_regression_normalized,31,1.003605
5,logistic_regression_normalized,32,0.996174
5,logistic_regression_normalized,33,0.999693
5,logistic_regression_normalized,34,0.954057
5,logistic_regression_normalized,35,1.004742
5,logistic_regression_normalized,36,0.975257
5,logistic_regression_normalized,37,0.999409
5,logistic_regression_normalized,38,1.001890
5,logistic_regression_normalized,39,0.991644
5,logistic_regression_normalized,40,0.966371
5,logistic_regression_normalized,41,0.979579
5,logistic_regression_normalized,42,0.982738
5,logistic_regression_normalized,43,0.976388
5,logistic_regression_normalized,44,1.014507
5,logistic_regression_normalized,45,0.986403
5,logistic_regression_normalized,46,0.953793
5,logistic_regression_normalized,47,0.988730
5,logistic_regression_normalized,48,1.011268
5,logistic_regression_normalized,49,1.011375
5,logistic_regression_normalized,50,0.946275
5,logistic_regression_normalized,51,0.985453
5,logistic_regression_normalized,52,1.009951
5,logistic_regression_normalized,53,0.977344
5,logistic_regression_normalized,54,0.979116
5,logistic_regression_normalized,55,1.000909
5,logistic_regression_normalized,56,0.978292
5,logistic_regression_normalized,57,0.990443
5,logistic_regression_normalized,58,0.999585
5,logistic_regression_normalized,59,1.001980
5,logistic_regression_normalized,60,0.971393
5,logistic_regression_normalized,61,0.989680
5,logistic_regression_normalized,62,0.993662
5,logistic_regression_normalized,63,1.057386
5,logistic_regression_normalized,64,0.982159
5,logistic_regression_normalized,65,1.002155
5,logistic_regression_normalized,66,1.000117
5,logistic_regression_normalized,67,0.982219
5,logistic_regression_normalized,68,1.008222
5,logistic_regression_normalized,69,0.994114
5,logistic_regression_normalized,70,1.019255
5,logistic_regression_normalized,71,0.988392
5,logistic_regression_normalized,72,0.990464
5,logistic_regression_normalized,73,1.014495
5,logistic_regression_normalized,74,1.001764
5,logistic_regression_normalized,75,0.974220
5,logistic_regression_normalized,76,1.004992
5,logistic_regression_normalized,77,1.009107
5,logistic_regression_normalized,78,0.990478
5,logistic_regression_normalized,79,1.005500
5,logistic_regression_normalized,80,0.804451
5,logistic_regression_normalized,81,0.715222
5,logistic_regression_normalized,82,0.717794
5,logistic_regression_normalized,83,0.704913
5,logistic_regression_normalized,84,0.711592
5,logistic_regression_normalized,85,0.692788
5,logistic_regression_normalized,86,0.714854
5,logistic_regression_normalized,87,0.695641
5,logistic_regression_normalized,88,0.718560
5,logistic_regression_normalized,89,0.733400
5,logistic_regression_normalized,90,0.705441
5,logistic_regression_normalized,91,0.679276
5,logistic_regression_normalized,92,0.686783
5,logistic_regression_normalized,93,0.687144
5,logistic_regression_normalized,94,0.684944
5,logistic_regression_normalized,95,0.694746
5,logistic_regression_normalized,96,0.718695
5,logistic_regression_normalized,97,0.697023
5,logistic_regression_normalized,98,0.687879
5,logistic_regression_normalized,99,0.692625
5,logistic_regression_normalized,100,0.683360
5,logistic_regression_normalized,101,0.691293
5,logistic_regression_normalized,102,0.674340
5,logistic_regression_normalized,103,0.683626
5,logistic_regression_normalized,104,0.677417
5,logistic_regression_normalized,105,0.732439
5,logistic_regression_normalized,106,0.725202
5,logistic_regression_normalized,107,0.686226
5,logistic_regression_normalized,108,0.687782
5,logistic_regression_normalized,109,0.696830
5,logistic_regression_normalized,110,0.719907
5,logistic_regression_normalized,111,0.706626
5,logistic_regression_normalized,112,0.729540
5,logistic_regression_normalized,113,0.770093
5,logistic_regression_normalized,114,0.693552
5,logistic_regression_normalized,115,0.727297
5,logistic_regression_normalized,116,0.748508
5,logistic_regression_normalized,117,0.701017
5,logistic_regression_normalized,118,0.712750
5,logistic_regression_normalized,119,0.706020
5,logistic_regression_normalized,120,0.702682
5,logistic_regression_normalized,121,0.693188
5,logistic_regression_normalized,122,0.710669
5,logistic_regression_normalized,123,0.696468
5,logistic_regression_normalized,124,0.757831
5,logistic_regression_normalized,125,0.784108
5,logistic_regression_normalized,126,0.750689
5,logistic_regression_normalized,127,0.750385
5,logistic_regression_normalized,128,0.758996
5,logistic_regression_normalized,129,0.765409
5,logistic_regression_normalized,130,0.777797
5,logistic_regression_normalized,131,0.808392
5,logistic_regression_normalized,132,0.765564
5,logistic_regression_normalized,133,0.800362
5,logistic_regression_normalized,134,0.822366
5,logistic_regression_normalized,135,0.787479
5,logistic_regression_normalized,136,0.774195
5,logistic_regression_normalized,137,0.760512
5,logistic_regression_normalized,138,0.796733
5,logistic_regression_normalized,139,0.804286
5,logistic_regression_normalized,140,0.757666
5,logistic_regression_normalized,141,0.761509
5,logistic_regression_normalized,142,0.770886
5,logistic_regression_normalized,143,0.817948
5,logistic_regression_normalized,144,0.762364
5,logistic_regression_normalized,145,0.772468
5,logistic_regression_normalized,146,0.769967
5,logistic_regression_normalized,147,0.756386
5,logistic_regression_normalized,148,0.760476
5,logistic_regression_normalized,149,0.782135
5,logistic_regression_normalized,150,0.770425
5,logistic_regression_normalized,151,0.773816
5,logistic_regression_normalized,152,1.095930
5,logistic_regression_normalized,153,0.757385
5,logistic_regression_normalized,154,0.751956
5,logistic_regression_normalized,155,0.755145
5,logistic_regression_normalized,156,0.763155
5,logistic_regression_normalized,157,0.766377
5,logistic_regression_normalized,158,0.775053
5,logistic_regression_normalized,159,0.749665
5,logistic_regression_normalized,160,0.793396
5,logistic_regression_normalized,161,0.772456
5,logistic_regression_normalized,162,0.742585
5,logistic_regression_normalized,163,0.755207
5,logistic_regression_normalized,164,0.753194
5,logistic_regression_normalized,165,0.753223
5,logistic_regression_normalized,166,0.751690
5,logistic_regression_normalized,167,0.736085
5,logistic_regression_normalized,168,0.742917
5,logistic_regression_normalized,169,0.739841
5,logistic_regression_normalized,170,0.730691
5,logistic_regression_normalized,171,0.743973
5,logistic_regression_normalized,172,0.714285
5,logistic_regression_normalized,173,0.696943
5,logistic_regression_normalized,174,0.674970
5,logistic_regression_normalized,175,0.674702
5,logistic_regression_normalized,176,0.695441
5,logistic_regression_normalized,177,0.684942
5,logistic_regression_normalized,178,0.695291
5,logistic_regression_normalized,179,0.677065
5,logistic_regression_normalized,180,0.682191
5,logistic_regression_normalized,181,0.708590
5,logistic_regression_normalized,182,0.691187
5,logistic_regression_normalized,183,0.706489
5,logistic_regression_normalized,184,0.702592
5,logistic_regression_normalized,185,0.723610
5,logistic_regression_normalized,186,0.751136
5,logistic_regression_normalized,187,0.710783
5,logistic_regression_normalized,188,0.691854
5,logistic_regression_normalized,189,0.687767
5,logistic_regression_normalized,190,0.679025
5,logistic_regression_normalized,191,0.718250
5,logistic_regression_normalized,192,0.700932
5,logistic_regression_normalized,193,0.691429
5,logistic_regression_normalized,194,0.701272
5,logistic_regression_normalized,195,0.700706
5,logistic_regression_normalized,196,0.691236
5,logistic_regression_normalized,197,0.688995
5,logistic_regression_normalized,198,0.694738
5,logistic_regression_normalized,199,0.677523
5,logistic_regression_normalized,200,0.685979
5,logistic_regression_normalized,201,0.706071
5,logistic_regression_normalized,202,0.704809
5,logistic_regression_normalized,203,0.684924
5,logistic_regression_normalized,204,0.704502
5,logistic_regression_normalized,205,0.697850
5,logistic_regression_normalized,206,0.687801
5,logistic_regression_normalized,207,0.698155
5,logistic_regression_normalized,208,0.683706
5,logistic_regression_normalized,209,0.678802
5,logistic_regression_normalized,210,0.692815
5,logistic_regression_normalized,211,0.757443
5,logistic_regression_normalized,212,0.733719
5,logistic_regression_normalized,213,0.729961
5,logistic_regression_normalized,214,0.725716
5,logistic_regression_normalized,215,0.708768
5,logistic_regression_normalized,216,0.702213
5,logistic_regression_normalized,217,0.710485
5,logistic_regression_normalized,218,0.732352
5,logistic_regression_normalized,219,0.702514
5,logistic_regression_normalized,220,0.698098
5,logistic_regression_normalized,221,0.715828
5,logistic_regression_normalized,222,0.702307
5,logistic_regression_normalized,223,0.697965
5,logistic_regression_normalized,224,0.685855
5,logistic_regression_normalized,225,0.678495
5,logistic_regression_normalized,226,0.709411
5,logistic_regression_normalized,227,0.707955
5,logistic_regression_normalized,228,0.721402
5,logistic_regression_normalized,229,0.787339
5,logistic_regression_normalized,230,0.734442
5,logistic_regression_normalized,231,0.775442
5,logistic_regression_normalized,232,0.719449
5,logistic_regression_normalized,233,0.963913
5,logistic_regression_normalized,234,0.732503
5,logistic_regression_normalized,235,0.716098
5,logistic_regression_normalized,236,0.704583
5,logistic_regression_normalized,237,0.709938
5,logistic_regression_normalized,238,0.696069
5,logistic_regression_normalized,239,0.716307
5,logistic_regression_normalized,240,0.770705
5,logistic_regression_normalized,241,0.735661
5,logistic_regression_normalized,242,0.730158
5,logistic_regression_normalized,243,0.711025
5,logistic_regression_normalized,244,0.722708
5,logistic_regression_normalized,245,0.713493
5,logistic_regression_normalized,246,0.849651
5,logistic_regression_normalized,247,0.719834
5,logistic_regression_normalized,248,0.724588
5,logistic_regression_normalized,249,0.744694
5,logistic_regression_normalized,250,0.721794
5,logistic_regression_normalized,251,0.720124
5,logistic_regression_normalized,252,0.703204
5,logistic_regression_normalized,253,0.710153
5,logistic_regression_normalized,254,0.713779
5,logistic_regression_normalized,255,0.722694
5,logistic_regression_normalized,256,0.711820
5,logistic_regression_normalized,257,0.698545
5,logistic_regression_normalized,258,0.700395
5,logistic_regression_normalized,259,0.761126
5,logistic_regression_normalized,260,0.715784
5,logistic_regression_normalized,261,0.710802
5,logistic_regression_normalized,262,0.718662
5,naive_bayes_normalized,0,0.697644
5,naive_bayes_normalized,1,0.749362
5,naive_bayes_normalized,2,0.694585
5,naive_bayes_normalized,3,0.696342
5,naive_bayes_normalized,4,0.697216
5,naive_bayes_normalized,5,0.703055
5,naive_bayes_normalized,6,0.685211
5,naive_bayes_normalized,7,0.676163
5,naive_bayes_normalized,8,0.666956
5,naive_bayes_normalized,9,0.673518
5,naive_bayes_normalized,10,0.685146
5,naive_bayes_normalized,11,0.700191
5,naive_bayes_normalized,12,0.677776
5,naive_bayes_normalized,13,0.684137
5,naive_bayes_normalized,14,0.670527
5,naive_bayes_normalized,15,0.685756
5,naive_bayes_normalized,16,0.661752
5,naive_bayes_normalized,17,0.666444
5,naive_bayes_normalized,18,0.718888
5,naive_bayes_normalized,19,0.676599
5,naive_bayes_normalized,20,0.682858
5,naive_bayes_normalized,21,0.655164
5,naive_bayes_normalized,22,0.716415
5,naive_bayes_normalized,23,0.688568
5,naive_bayes_normalized,24,0.707773
5,naive_bayes_normalized,25,0.662972
5,naive_bayes_normalized,26,0.676549
5,naive_bayes_normalized,27,0.677763
5,naive_bayes_normalized,28,0.659702
5,naive_bayes_normalized,29,0.678734
5,naive_bayes_normalized,30,0.660094
5,naive_bayes_normalized,31,0.669926
5,naive_bayes_normalized,32,0.728534
5,naive_bayes_normalized,33,0.688259
5,naive_bayes_normalized,34,0.659750
5,naive_bayes_normalized,35,0.675631
5,naive_bayes_normalized,36,0.668431
5,naive_bayes_normalized,37,0.673179
5,naive_bayes_normalized,38,0.679242
5,naive_bayes_normalized,39,0.679011
5,naive_bayes_normalized,40,0.671199
5,naive_bayes_normalized,41,0.676638
5,naive_bayes_normalized,42,0.705905
5,naive_bayes_normalized,43,0.670566
5,naive_bayes_normalized,44,0.678901
5,naive_bayes_normalized,45,0.674622
5,naive_bayes_normalized,46,0.667619
5,naive_bayes_normalized,47,0.658799
5,naive_bayes_normalized,48,0.681617
5,naive_bayes_normalized,49,0.704053
5,naive_bayes_normalized,50,0.657618
5,naive_bayes_normalized,51,0.669923
5,naive_bayes_normalized,52,0.703565
5,naive_bayes_normalized,53,0.708489
5,naive_bayes_normalized,54,0.670798
5,naive_bayes_normalized,55,0.681380
5,naive_bayes_normalized,56,0.657712
5,naive_bayes_normalized,57,0.675338
5,naive_bayes_normalized,58,0.679337
5,naive_bayes_normalized,59,0.670716
5,naive_bayes_normalized,60,0.675620
5,naive_bayes_normalized,61,0.666397
5,naive_bayes_normalized,62,0.667841
5,naive_bayes_normalized,63,0.705938
5,naive_bayes_normalized,64,0.669675
5,naive_bayes_normalized,65,0.673819
5,naive_bayes_normalized,66,0.681045
5,naive_bayes_normalized,67,0.670062
5,naive_bayes_normalized,68,0.679295
5,naive_bayes_normalized,69,0.667166
5,naive_bayes_normalized,70,0.675604
5,naive_bayes_normalized,71,0.668546
5,naive_bayes_normalized,72,0.666762
5,naive_bayes_normalized,73,0.729655
5,naive_bayes_normalized,74,0.706040
5,naive_bayes_normalized,75,0.660862
5,naive_bayes_normalized,76,0.685325
5,naive_bayes_normalized,77,0.669514
5,naive_bayes_normalized,78,0.677102
5,naive_bayes_normalized,79,0.703006
5,naive_bayes_normalized,80,0.699883
5,naive_bayes_normalized,81,0.681953
5,naive_bayes_normalized,82,0.697195
5,naive_bayes_normalized,83,0.728361
5,naive_bayes_normalized,84,0.717748
5,naive_bayes_normalized,85,0.687918
5,naive_bayes_normalized,86,0.664121
5,naive_bayes_normalized,87,0.680904
5,naive_bayes_normalized,88,0.687412
5,naive_bayes_normalized,89,0.687893
5,naive_bayes_normalized,90,0.682854
5,naive_bayes_normalized,91,0.660573
5,naive_bayes_normalized,92,0.664966
5,naive_bayes_normalized,93,0.663316
5,naive_bayes_normalized,94,0.696381
5,naive_bayes_normalized,95,0.681896
5,naive_bayes_normalized,96,0.676687
5,naive_bayes_normalized,97,0.677841
5,naive_bayes_normalized,98,0.693621
5,naive_bayes_normalized,99,0.671244
5,naive_bayes_normalized,100,0.669928
5,naive_bayes_normalized,101,0.692964
5,naive_bayes_normalized,102,0.659610
5,naive_bayes_normalized,103,0.660555
5,naive_bayes_normalized,104,0.704298
5,naive_bayes_normalized,105,0.712134
5,naive_bayes_normalized,106,0.678657
5,naive_bayes_normalized,107,0.673696
5,naive_bayes_normalized,108,0.674848
5,naive_bayes_normalized,109,0.679265
5,naive_bayes_normalized,110,0.682775
5,naive_bayes_normalized,111,0.663034
5,naive_bayes_normalized,112,0.671842
5,naive_bayes_normalized,113,0.697304
5,naive_bayes_normalized,114,0.717424
5,naive_bayes_normalized,115,0.706106
5,naive_bayes_normalized,116,0.674371
5,naive_bayes_normalized,117,0.664719
5,naive_bayes_normalized,118,0.681774
5,naive_bayes_normalized,119,0.656826
5,naive_bayes_normalized,120,0.665244
5,naive_bayes_normalized,121,0.662027
5,naive_bayes_normalized,122,0.666541
5,naive_bayes_normalized,123,0.686726
5,naive_bayes_normalized,124,0.681686
5,naive_bayes_normalized,125,0.730856
5,naive_bayes_normalized,126,0.692073
5,naive_bayes_normalized,127,0.669866
5,naive_bayes_normalized,128,0.659063
5,naive_bayes_normalized,129,0.672797
5,naive_bayes_normalized,130,0.683836
5,naive_bayes_normalized,131,0.677400
5,naive_bayes_normalized,132,0.660823
5,naive_bayes_normalized,133,0.677303
5,naive_bayes_normalized,134,0.684339
5,naive_bayes_normalized,135,0.710809
5,naive_bayes_normalized,136,0.683011
5,naive_bayes_normalized,137,0.695118
5,naive_bayes_normalized,138,0.695719
5,naive_bayes_normalized,139,0.680753
5,naive_bayes_normalized,140,0.667092
5,naive_bayes_normalized,141,0.657615
5,naive_bayes_normalized,142,0.670410
5,naive_bayes_normalized,143,0.682868
5,naive_bayes_normalized,144,0.662551
5,naive_bayes_normalized,145,0.706385
5,naive_bayes_normalized,146,0.674173
5,naive_bayes_normalized,147,0.688895
5,naive_bayes_normalized,148,0.668305
5,naive_bayes_normalized,149,0.727578
5,naive_bayes_normalized,150,0.755481
5,naive_bayes_normalized,151,0.731190
5,naive_bayes_normalized,152,0.705027
5,naive_bayes_normalized,153,0.720002
5,naive_bayes_normalized,154,0.707798
5,naive_bayes_normalized,155,0.765625
5,naive_bayes_normalized,156,0.722546
5,naive_bayes_normalized,157,0.728617
5,naive_bayes_normalized,158,0.725319
5,naive_bayes_normalized,159,0.718939
5,naive_bayes_normalized,160,0.826756
5,naive_bayes_normalized,161,0.749012
5,naive_bayes_normalized,162,0.738170
5,naive_bayes_normalized,163,0.769855
5,naive_bayes_normalized,164,0.798509
5,naive_bayes_normalized,165,0.777932
5,naive_bayes_normalized,166,0.771493
5,naive_bayes_normalized,167,0.747783
5,naive_bayes_normalized,168,0.766510
5,naive_bayes_normalized,169,0.746026
5,naive_bayes_normalized,170,0.787812
5,naive_bayes_normalized,171,0.822565
5,naive_bayes_normalized,172,0.787421
5,naive_bayes_normalized,173,0.737666
5,naive_bayes_normalized,174,0.777628
5,naive_bayes_normalized,175,0.710856
5,naive_bayes_normalized,176,0.694578
5,naive_bayes_normalized,177,0.685113
5,naive_bayes_normalized,178,0.694825
5,naive_bayes_normalized,179,0.672726
5,naive_bayes_normalized,180,0.683697
5,naive_bayes_normalized,181,0.681813
5,naive_bayes_normalized,182,0.681699
5,naive_bayes_normalized,183,0.695639
5,naive_bayes_normalized,184,0.744077
5,naive_bayes_normalized,185,0.714568
5,naive_bayes_normalized,186,0.744508
5,naive_bayes_normalized,187,0.725642
5,naive_bayes_normalized,188,0.703465
5,naive_bayes_normalized,189,0.695178
5,naive_bayes_normalized,190,0.698009
5,naive_bayes_normalized,191,0.702109
5,naive_bayes_normalized,192,0.716810
5,naive_bayes_normalized,193,0.759196
5,naive_bayes_normalized,194,0.713766
5,naive_bayes_normalized,195,0.713384
5,naive_bayes_normalized,196,0.727382
5,naive_bayes_normalized,197,0.712196
5,naive_bayes_normalized,198,0.715146
5,naive_bayes_normalized,199,0.708684
5,naive_bayes_normalized,200,0.718823
5,naive_bayes_normalized,201,0.716668
5,naive_bayes_normalized,202,0.717798
5,naive_bayes_normalized,203,0.735508
5,naive_bayes_normalized,204,0.716923
5,naive_bayes_normalized,205,0.709131
5,naive_bayes_normalized,206,0.699869
5,naive_bayes_normalized,207,0.727828
5,naive_bayes_normalized,208,0.688172
5,naive_bayes_normalized,209,0.682633
5,naive_bayes_normalized,210,0.676270
5,naive_bayes_normalized,211,0.671157
5,naive_bayes_normalized,212,0.680429
5,naive_bayes_normalized,213,0.723480
5,naive_bayes_normalized,214,0.693414
5,naive_bayes_normalized,215,0.693480
5,naive_bayes_normalized,216,0.718526
5,naive_bayes_normalized,217,0.691348
5,naive_bayes_normalized,218,0.714195
5,naive_bayes_normalized,219,0.675439
5,naive_bayes_normalized,220,0.692943
5,naive_bayes_normalized,221,0.681772
5,naive_bayes_normalized,222,0.683842
5,naive_bayes_normalized,223,0.739032
5,naive_bayes_normalized,224,0.714442
5,naive_bayes_normalized,225,0.704726
5,naive_bayes_normalized,226,0.698939
5,naive_bayes_normalized,227,0.708820
5,naive_bayes_normalized,228,0.678429
5,naive_bayes_normalized,229,0.675403
5,naive_bayes_normalized,230,0.683145
5,naive_bayes_normalized,231,0.669107
5,naive_bayes_normalized,232,0.667309
5,naive_bayes_normalized,233,0.688574
5,naive_bayes_normalized,234,0.686807
5,naive_bayes_normalized,235,0.687952
5,naive_bayes_normalized,236,0.660780
5,naive_bayes_normalized,237,0.666365
5,naive_bayes_normalized,238,0.665977
5,naive_bayes_normalized,239,0.676610
5,naive_bayes_normalized,240,0.698416
5,naive_bayes_normalized,241,0.701359
5,naive_bayes_normalized,242,0.693861
5,naive_bayes_normalized,243,0.675415
5,naive_bayes_normalized,244,0.707694
5,naive_bayes_normalized,245,0.653936
5,naive_bayes_normalized,246,0.672519
5,naive_bayes_normalized,247,0.674813
5,naive_bayes_normalized,248,0.676499
5,naive_bayes_normalized,249,0.670695
5,naive_bayes_normalized,250,0.662679
5,naive_bayes_normalized,251,0.671382
5,naive_bayes_normalized,252,0.662614
5,naive_bayes_normalized,253,0.679258
5,naive_bayes_normalized,254,0.700341
5,naive_bayes_normalized,255,0.681773
5,naive_bayes_normalized,256,0.672290
5,naive_bayes_normalized,257,0.661273
5,naive_bayes_normalized,258,0.664582
5,naive_bayes_normalized,259,0.664994
5,naive_bayes_normalized,260,0.664246
5,naive_bayes_normalized,261,0.678633
5,naive_bayes_normalized,262,0.680251
5,svm_normalized,0,2.819071
5,svm_normalized,1,2.831698
5,svm_normalized,2,2.857362
5,svm_normalized,3,2.779501
5,svm_normalized,4,2.778682
5,svm_normalized,5,2.786128
5,svm_normalized,6,2.769937
5,svm_normalized,7,2.782845
5,svm_normalized,8,2.770915
5,svm_normalized,9,2.733289
5,svm_normalized,10,2.726488
5,svm_normalized,11,2.770646
5,svm_normalized,12,2.765224
5,svm_normalized,13,2.801500
5,svm_normalized,14,2.782591
5,svm_normalized,15,2.766113
5,svm_normalized,16,2.697067
5,svm_normalized,17,2.677354
5,svm_normalized,18,2.764787
5,svm_normalized,19,2.721366
5,svm_normalized,20,2.724262
5,svm_normalized,21,2.734102
5,svm_normalized,22,2.794345
5,svm_normalized,23,2.789595
5,svm_normalized,24,2.815073
5,svm_normalized,25,2.765432
5,svm_normalized,26,2.719147
5,svm_normalized,27,2.709840
5,svm_normalized,28,2.715576
5,svm_normalized,29,2.769811
5,svm_normalized,30,2.795602
5,svm_normalized,31,2.781639
5,svm_normalized,32,2.792687
5,svm_normalized,33,2.796908
5,svm_normalized,34,2.770736
5,svm_normalized,35,2.708469
5,svm_normalized,36,2.652593
5,svm_normalized,37,2.725220
5,svm_normalized,38,2.719701
5,svm_normalized,39,2.720930
5,svm_normalized,40,2.714741
5,svm_normalized,41,2.828208
5,svm_normalized,42,2.796563
5,svm_normalized,43,2.779041
5,svm_normalized,44,2.852132
5,svm_normalized,45,2.898163
5,svm_normalized,46,2.889716
5,svm_normalized,47,2.853777
5,svm_normalized,48,2.811543
5,svm_normalized,49,2.804869
5,svm_normalized,50,2.781931
5,svm_normalized,51,2.778492
5,svm_normalized,52,2.800396
5,svm_normalized,53,2.785600
5,svm_normalized,54,2.784316
5,svm_normalized,55,2.795594
5,svm_normalized,56,2.780689
5,svm_normalized,57,2.784095
5,svm_normalized,58,2.808177
5,svm_normalized,59,2.792139
5,svm_normalized,60,2.793825
5,svm_normalized,61,2.787490
5,svm_normalized,62,2.798060
5,svm_normalized,63,2.782030
5,svm_normalized,64,2.795099
5,svm_normalized,65,2.802847
5,svm_normalized,66,2.812813
5,svm_normalized,67,2.779403
5,svm_normalized,68,2.804834
5,svm_normalized,69,2.790135
5,svm_normalized,70,2.787344
5,svm_normalized,71,2.786072
5,svm_normalized,72,2.806424
5,svm_normalized,73,2.806463
5,svm_normalized,74,2.788192
5,svm_normalized,75,2.779384
5,svm_normalized,76,2.798604
5,svm_normalized,77,2.788404
5,svm_normalized,78,2.785704
5,svm_normalized,79,2.798254
5,svm_normalized,80,2.793190
5,svm_normalized,81,2.789361
5,svm_normalized,82,2.806653
5,svm_normalized,83,2.818653
5,svm_normalized,84,2.816148
5,svm_normalized,85,2.781050
5,svm_normalized,86,2.785156
5,svm_normalized,87,2.800758
5,svm_normalized,88,2.812637
5,svm_normalized,89,2.800386
5,svm_normalized,90,2.801944
5,svm_normalized,91,2.776466
5,svm_normalized,92,2.775586
5,svm_normalized,93,2.771202
5,svm_normalized,94,2.786886
5,svm_normalized,95,2.792850
5,svm_normalized,96,2.781348
5,svm_normalized,97,2.796607
5,svm_normalized,98,2.774184
5,svm_normalized,99,2.797511
5,svm_normalized,100,2.783060
5,svm_normalized,101,2.791290
5,svm_normalized,102,2.779261
5,svm_normalized,103,2.774806
5,svm_normalized,104,2.784799
5,svm_normalized,105,2.824701
5,svm_normalized,106,2.693999
5,svm_normalized,107,2.678553
5,svm_normalized,108,2.780301
5,svm_normalized,109,2.793849
5,svm_normalized,110,2.808089
5,svm_normalized,111,2.773857
5,svm_normalized,112,2.687036
5,svm_normalized,113,2.669832
5,svm_normalized,114,2.695080
5,svm_normalized,115,2.767444
5,svm_normalized,116,2.835649
5,svm_normalized,117,2.786686
5,svm_normalized,118,2.800601
5,svm_normalized,119,2.785841
5,svm_normalized,120,2.897885
5,svm_normalized,121,2.853806
5,svm_normalized,122,2.822891
5,svm_normalized,123,2.785932
5,svm_normalized,124,2.795577
5,svm_normalized,125,2.795597
5,svm_normalized,126,2.795266
5,svm_normalized,127,2.763411
5,svm_normalized,128,2.775363
5,svm_normalized,129,2.786920
5,svm_normalized,130,2.783023
5,svm_normalized,131,2.798781
5,svm_normalized,132,2.780073
5,svm_normalized,133,2.805560
5,svm_normalized,134,2.795776
5,svm_normalized,135,2.795034
5,svm_normalized,136,2.785349
5,svm_normalized,137,2.774538
5,svm_normalized,138,2.784381
5,svm_normalized,139,2.668644
5,svm_normalized,140,2.652611
5,svm_normalized,141,2.648626
5,svm_normalized,142,2.644726
5,svm_normalized,143,2.689913
5,svm_normalized,144,2.704487
5,svm_normalized,145,3.189525
5,svm_normalized,146,2.660179
5,svm_normalized,147,2.647517
5,svm_normalized,148,2.681171
5,svm_normalized,149,2.713987
5,svm_normalized,150,2.717753
5,svm_normalized,151,2.722000
5,svm_normalized,152,2.724276
5,svm_normalized,153,2.716040
5,svm_normalized,154,2.719678
5,svm_normalized,155,2.718073
5,svm_normalized,156,2.730039
5,svm_normalized,157,2.715678
5,svm_normalized,158,2.739395
5,svm_normalized,159,2.708977
5,svm_normalized,160,2.753900
5,svm_normalized,161,2.699898
5,svm_normalized,162,2.725753
5,svm_normalized,163,2.722546
5,svm_normalized,164,2.713493
5,svm_normalized,165,2.716377
5,svm_normalized,166,2.727548
5,svm_normalized,167,2.707499
5,svm_normalized,168,2.711857
5,svm_normalized,169,2.772480
5,svm_normalized,170,2.724500
5,svm_normalized,171,2.724475
5,svm_normalized,172,2.725069
5,svm_normalized,173,2.731243
5,svm_normalized,174,2.725627
5,svm_normalized,175,2.709906
5,svm_normalized,176,2.732622
5,svm_normalized,177,2.712321
5,svm_normalized,178,2.721120
5,svm_normalized,179,2.692963
5,svm_normalized,180,2.713326
5,svm_normalized,181,2.711019
5,svm_normalized,182,2.710551
5,svm_normalized,183,2.728960
5,svm_normalized,184,2.713928
5,svm_normalized,185,2.733392
5,svm_normalized,186,2.756081
5,svm_normalized,187,2.737089
5,svm_normalized,188,2.721549
5,svm_normalized,189,2.718400
5,svm_normalized,190,2.707371
5,svm_normalized,191,2.776813
5,svm_normalized,192,2.860755
5,svm_normalized,193,2.808586
5,svm_normalized,194,2.797359
5,svm_normalized,195,2.790090
5,svm_normalized,196,2.854989
5,svm_normalized,197,2.889159
5,svm_normalized,198,2.787880
5,svm_normalized,199,2.791731
5,svm_normalized,200,2.794624
5,svm_normalized,201,2.796245
5,svm_normalized,202,2.800625
5,svm_normalized,203,2.791892
5,svm_normalized,204,2.800247
5,svm_normalized,205,2.782051
5,svm_normalized,206,2.785450
5,svm_normalized,207,2.793611
5,svm_normalized,208,2.788866
5,svm_normalized,209,2.781029
5,svm_normalized,210,2.790859
5,svm_normalized,211,2.787781
5,svm_normalized,212,2.790084
5,svm_normalized,213,2.735678
5,svm_normalized,214,2.784613
5,svm_normalized,215,2.807320
5,svm_normalized,216,2.785091
5,svm_normalized,217,2.668189
5,svm_normalized,218,2.708396
5,svm_normalized,219,2.781663
5,svm_normalized,220,2.689251
5,svm_normalized,221,2.713675
5,svm_normalized,222,2.705635
5,svm_normalized,223,2.728368
5,svm_normalized,224,2.729955
5,svm_normalized,225,2.721147
5,svm_normalized,226,2.735201
5,svm_normalized,227,2.716819
5,svm_normalized,228,2.711601
5,svm_normalized,229,2.735890
5,svm_normalized,230,2.697836
5,svm_normalized,231,2.707937
5,svm_normalized,232,2.714874
5,svm_normalized,233,2.707825
5,svm_normalized,234,2.727360
5,svm_normalized,235,2.726968
5,svm_normalized,236,2.716344
5,svm_normalized,237,2.717980
5,svm_normalized,238,2.710951
5,svm_normalized,239,2.724865
5,svm_normalized,240,2.723347
5,svm_normalized,241,2.732841
5,svm_normalized,242,2.738268
5,svm_normalized,243,2.689592
5,svm_normalized,244,2.726946
5,svm_normalized,245,2.700470
5,svm_normalized,246,2.701926
5,svm_normalized,247,2.708287
5,svm_normalized,248,2.728068
5,svm_normalized,249,2.724528
5,svm_normalized,250,2.739041
5,svm_normalized,251,2.788411
5,svm_normalized,252,2.776361
5,svm_normalized,253,2.808102
5,svm_normalized,254,2.810284
5,svm_normalized,255,2.790031
5,svm_normalized,256,2.794752
5,svm_normalized,257,2.785707
5,svm_normalized,258,2.781233
5,svm_normalized,259,2.786350
5,svm_normalized,260,2.780110
5,svm_normalized,261,2.798863
5,svm_normalized,262,2.825434
5,signature_raw,0,0.010321
5,signature_raw,1,0.006986
5,signature_raw,2,0.004831
5,signature_raw,3,0.003086
5,signature_raw,4,0.005443
5,signature_raw,5,0.012568
5,signature_raw,6,0.004122
5,signature_raw,7,0.003253
5,signature_raw,8,0.003969
5,signature_raw,9,0.008911
5,signature_raw,10,0.009538
5,signature_raw,11,0.004331
5,signature_raw,12,0.004050
5,signature_raw,13,0.003105
5,signature_raw,14,0.004224
5,signature_raw,15,0.003665
5,signature_raw,16,0.004326
5,signature_raw,17,0.004517
5,signature_raw,18,0.023973
5,signature_raw,19,0.009108
5,signature_raw,20,0.009481
5,signature_raw,21,0.003025
5,signature_raw,22,0.008661
5,signature_raw,23,0.009029
5,signature_raw,24,0.009096
5,signature_raw,25,0.004405
5,signature_raw,26,0.007858
5,signature_raw,27,0.006097
5,signature_raw,28,0.004215
5,signature_raw,29,0.006357
5,signature_raw,30,0.003861
5,signature_raw,31,0.005567
5,signature_raw,32,0.008853
5,signature_raw,33,0.003297
5,signature_raw,34,0.004331
5,signature_raw,35,0.005954
5,signature_raw,36,0.003798
5,signature_raw,37,0.009675
5,signature_raw,38,0.009003
5,signature_raw,39,0.008053
5,signature_raw,40,0.006576
5,signature_raw,41,0.010439
5,signature_raw,42,0.004041
5,signature_raw,43,0.004008
5,signature_raw,44,0.014715
5,signature_raw,45,0.002448
5,signature_raw,46,0.004649
5,signature_raw,47,0.003342
5,signature_raw,48,0.009027
5,signature_raw,49,0.006079
5,signature_raw,50,0.002841
5,signature_raw,51,0.004290
5,signature_raw,52,0.007127
5,signature_raw,53,0.003841
5,signature_raw,54,0.003857
5,signature_raw,55,0.009373
5,signature_raw,56,0.003854
5,signature_raw,57,0.007106
5,signature_raw,58,0.010020
5,signature_raw,59,0.008814
5,signature_raw,60,0.009537
5,signature_raw,61,0.004506
5,signature_raw,62,0.006887
5,signature_raw,63,0.004900
5,signature_raw,64,0.004264
5,signature_raw,65,0.008171
5,signature_raw,66,0.007978
5,signature_raw,67,0.003934
5,signature_raw,68,0.008264
5,signature_raw,69,0.006519
5,signature_raw,70,0.006262
5,signature_raw,71,0.006948
5,signature_raw,72,0.007209
5,signature_raw,73,0.013144
5,signature_raw,74,0.009229
5,signature_raw,75,0.004444
5,signature_raw,76,0.008625
5,signature_raw,77,0.004517
5,signature_raw,78,0.002718
5,signature_raw,79,0.009070
5,signature_raw,80,0.009987
5,signature_raw,81,0.004904
5,signature_raw,82,0.007433
5,signature_raw,83,0.008377
5,signature_raw,84,0.013650
5,signature_raw,85,0.003845
5,signature_raw,86,0.004194
5,signature_raw,87,0.009540
5,signature_raw,88,0.009459
5,signature_raw,89,0.012465
5,signature_raw,90,0.009314
5,signature_raw,91,0.004625
5,signature_raw,92,0.004181
5,signature_raw,93,0.003808
5,signature_raw,94,0.007008
5,signature_raw,95,0.007093
5,signature_raw,96,0.006692
5,signature_raw,97,0.007749
5,signature_raw,98,0.004316
5,signature_raw,99,0.001758
5,signature_raw,100,0.004293
5,signature_raw,101,0.010323
5,signature_raw,102,0.002801
5,signature_raw,103,0.003335
5,signature_raw,104,0.002898
5,signature_raw,105,0.006468
5,signature_raw,106,0.008655
5,signature_raw,107,0.006589
5,signature_raw,108,0.007031
5,signature_raw,109,0.008415
5,signature_raw,110,0.012495
5,signature_raw,111,0.004220
5,signature_raw,112,0.006556
5,signature_raw,113,0.012652
5,signature_raw,114,0.004147
5,signature_raw,115,0.009611
5,signature_raw,116,0.009187
5,signature_raw,117,0.003783
5,signature_raw,118,0.007636
5,signature_raw,119,0.004132
5,signature_raw,120,0.004066
5,signature_raw,121,0.004158
5,signature_raw,122,0.007044
5,signature_raw,123,0.003278
5,signature_raw,124,0.003276
5,signature_raw,125,0.009495
5,signature_raw,126,0.004395
5,signature_raw,127,0.004540
5,signature_raw,128,0.004119
5,signature_raw,129,0.002685
5,signature_raw,130,0.006548
5,signature_raw,131,0.010843
5,signature_raw,132,0.004230
5,signature_raw,133,0.008130
5,signature_raw,134,0.003454
5,signature_raw,135,0.012220
5,signature_raw,136,0.005333
5,signature_raw,137,0.004205
5,signature_raw,138,0.009697
5,signature_raw,139,0.008203
5,signature_raw,140,0.003793
5,signature_raw,141,0.004138
5,signature_raw,142,0.005293
5,signature_raw,143,0.007146
5,signature_raw,144,0.004054
5,signature_raw,145,0.002601
5,signature_raw,146,0.004888
5,signature_raw,147,0.002131
5,signature_raw,148,0.004192
5,signature_raw,149,0.013366
5,signature_raw,150,0.006478
5,signature_raw,151,0.006846
5,signature_raw,152,0.004178
5,signature_raw,153,0.008533
5,signature_raw,154,0.006610
5,signature_raw,155,0.007327
5,signature_raw,156,0.011744
5,signature_raw,157,0.013304
5,signature_raw,158,0.013939
5,signature_raw,159,0.006863
5,signature_raw,160,0.023090
5,signature_raw,161,0.004253
5,signature_raw,162,0.007294
5,signature_raw,163,0.005734
5,signature_raw,164,0.006659
5,signature_raw,165,0.005952
5,signature_raw,166,0.008441
5,signature_raw,167,0.002774
5,signature_raw,168,0.003826
5,signature_raw,169,0.004123
5,signature_raw,170,0.004094
5,signature_raw,171,0.009055
5,signature_raw,172,0.005518
5,signature_raw,173,0.007044
5,signature_raw,174,0.005120
5,signature_raw,175,0.007177
5,signature_raw,176,0.008830
5,signature_raw,177,0.002139
5,signature_raw,178,0.008560
5,signature_raw,179,0.002756
5,signature_raw,180,0.004143
5,signature_raw,181,0.003776
5,signature_raw,182,0.004836
5,signature_raw,183,0.007760
5,signature_raw,184,0.004799
5,signature_raw,185,0.011838
5,signature_raw,186,0.022474
5,signature_raw,187,0.009771
5,signature_raw,188,0.006416
5,signature_raw,189,0.002255
5,signature_raw,190,0.004307
5,signature_raw,191,0.004423
5,signature_raw,192,0.003310
5,signature_raw,193,0.009097
5,signature_raw,194,0.003241
5,signature_raw,195,0.003277
5,signature_raw,196,0.008517
5,signature_raw,197,0.006043
5,signature_raw,198,0.008837
5,signature_raw,199,0.009061
5,signature_raw,200,0.009354
5,signature_raw,201,0.008346
5,signature_raw,202,0.008932
5,signature_raw,203,0.004971
5,signature_raw,204,0.008166
5,signature_raw,205,0.006751
5,signature_raw,206,0.007746
5,signature_raw,207,0.007768
5,signature_raw,208,0.002130
5,signature_raw,209,0.004538
5,signature_raw,210,0.007972
5,signature_raw,211,0.006298
5,signature_raw,212,0.003447
5,signature_raw,213,0.009512
5,signature_raw,214,0.006879
5,signature_raw,215,0.006573
5,signature_raw,216,0.009493
5,signature_raw,217,0.005364
5,signature_raw,218,0.003942
5,signature_raw,219,0.006269
5,signature_raw,220,0.003634
5,signature_raw,221,0.004237
5,signature_raw,222,0.004885
5,signature_raw,223,0.004384
5,signature_raw,224,0.011549
5,signature_raw,225,0.003101
5,signature_raw,226,0.009931
5,signature_raw,227,0.006979
5,signature_raw,228,0.003159
5,signature_raw,229,0.008259
5,signature_raw,230,0.009091
5,signature_raw,231,0.004109
5,signature_raw,232,0.007021
5,signature_raw,233,0.004098
5,signature_raw,234,0.003235
5,signature_raw,235,0.013406
5,signature_raw,236,0.004152
5,signature_raw,237,0.004041
5,signature_raw,238,0.004421
5,signature_raw,239,0.007793
5,signature_raw,240,0.002675
5,signature_raw,241,0.011379
5,signature_raw,242,0.012304
5,signature_raw,243,0.004458
5,signature_raw,244,0.010492
5,signature_raw,245,0.002150
5,signature_raw,246,0.006478
5,signature_raw,247,0.002073
5,signature_raw,248,0.010752
5,signature_raw,249,0.006947
5,signature_raw,250,0.004474
5,signature_raw,251,0.008494
5,signature_raw,252,0.004070
5,signature_raw,253,0.008816
5,signature_raw,254,0.003204
5,signature_raw,255,0.008670
5,signature_raw,256,0.006646
5,signature_raw,257,0.006258
5,signature_raw,258,0.004492
5,signature_raw,259,0.004071
5,signature_raw,260,0.006787
5,signature_raw,261,0.009825
5,signature_raw,262,0.008558
5,signature_normalized,0,0.018908
5,signature_normalized,1,0.013199
5,signature_normalized,2,0.007126
5,signature_normalized,3,0.005832
5,signature_normalized,4,0.010597
5,signature_normalized,5,0.016539
5,signature_normalized,6,0.007441
5,signature_normalized,7,0.005963
5,signature_normalized,8,0.006290
5,signature_normalized,9,0.015830
5,signature_normalized,10,0.018224
5,signature_normalized,11,0.007046
5,signature_normalized,12,0.006363
5,signature_normalized,13,0.005959
5,signature_normalized,14,0.007477
5,signature_normalized,15,0.006972
5,signature_normalized,16,0.006933
5,signature_normalized,17,0.006897
5,signature_normalized,18,0.028162
5,signature_normalized,19,0.018546
5,signature_normalized,20,0.018794
5,signature_normalized,21,0.006893
5,signature_normalized,22,0.016476
5,signature_normalized,23,0.012201
5,signature_normalized,24,0.018247
5,signature_normalized,25,0.006941
5,signature_normalized,26,0.015869
5,signature_normalized,27,0.010932
5,signature_normalized,28,0.007224
5,signature_normalized,29,0.012045
5,signature_normalized,30,0.006125
5,signature_normalized,31,0.008689
5,signature_normalized,32,0.011984
5,signature_normalized,33,0.007705
5,signature_normalized,34,0.006851
5,signature_normalized,35,0.010723
5,signature_normalized,36,0.006167
5,signature_normalized,37,0.012570
5,signature_normalized,38,0.032159
5,signature_normalized,39,0.017318
5,signature_normalized,40,0.013193
5,signature_normalized,41,0.020249
5,signature_normalized,42,0.006684
5,signature_normalized,43,0.006281
5,signature_normalized,44,0.021501
5,signature_normalized,45,0.005663
5,signature_normalized,46,0.007969
5,signature_normalized,47,0.005640
5,signature_normalized,48,0.016849
5,signature_normalized,49,0.013047
5,signature_normalized,50,0.005453
5,signature_normalized,51,0.007101
5,signature_normalized,52,0.013438
5,signature_normalized,53,0.006793
5,signature_normalized,54,0.006429
5,signature_normalized,55,0.022377
5,signature_normalized,56,0.006970
5,signature_normalized,57,0.013107
5,signature_normalized,58,0.018484
5,signature_normalized,59,0.016890
5,signature_normalized,60,0.017077
5,signature_normalized,61,0.006884
5,signature_normalized,62,0.010142
5,signature_normalized,63,0.007495
5,signature_normalized,64,0.006946
5,signature_normalized,65,0.015950
5,signature_normalized,66,0.015325
5,signature_normalized,67,0.006550
5,signature_normalized,68,0.011314
5,signature_normalized,69,0.012352
5,signature_normalized,70,0.012196
5,signature_normalized,71,0.009735
5,signature_normalized,72,0.014061
5,signature_normalized,73,0.013244
5,signature_normalized,74,0.012029
5,signature_normalized,75,0.007079
5,signature_normalized,76,0.015546
5,signature_normalized,77,0.006885
5,signature_normalized,78,0.006531
5,signature_normalized,79,0.015963
5,signature_normalized,80,0.018360
5,signature_normalized,81,0.009723
5,signature_normalized,82,0.014235
5,signature_normalized,83,0.015682
5,signature_normalized,84,0.017615
5,signature_normalized,85,0.006998
5,signature_normalized,86,0.006944
5,signature_normalized,87,0.018627
5,signature_normalized,88,0.013182
5,signature_normalized,89,0.025376
5,signature_normalized,90,0.013813
5,signature_normalized,91,0.007097
5,signature_normalized,92,0.007063
5,signature_normalized,93,0.006686
5,signature_normalized,94,0.009335
5,signature_normalized,95,0.013048
5,signature_normalized,96,0.012433
5,signature_normalized,97,0.014404
5,signature_normalized,98,0.006703
5,signature_normalized,99,0.004882
5,signature_normalized,100,0.006935
5,signature_normalized,101,0.020668
5,signature_normalized,102,0.006634
5,signature_normalized,103,0.005841
5,signature_normalized,104,0.008469
5,signature_normalized,105,0.013826
5,signature_normalized,106,0.017009
5,signature_normalized,107,0.013505
5,signature_normalized,108,0.012697
5,signature_normalized,109,0.015513
5,signature_normalized,110,0.021835
5,signature_normalized,111,0.007081
5,signature_normalized,112,0.012218
5,signature_normalized,113,0.016138
5,signature_normalized,114,0.006406
5,signature_normalized,115,0.013277
5,signature_normalized,116,0.017210
5,signature_normalized,117,0.006777
5,signature_normalized,118,0.010582
5,signature_normalized,119,0.006644
5,signature_normalized,120,0.006285
5,signature_normalized,121,0.006636
5,signature_normalized,122,0.012740
5,signature_normalized,123,0.006077
5,signature_normalized,124,0.006792
5,signature_normalized,125,0.018813
5,signature_normalized,126,0.009203
5,signature_normalized,127,0.007186
5,signature_normalized,128,0.006709
5,signature_normalized,129,0.005653
5,signature_normalized,130,0.012496
5,signature_normalized,131,0.013820
5,signature_normalized,132,0.006824
5,signature_normalized,133,0.015623
5,signature_normalized,134,0.007057
5,signature_normalized,135,0.022988
5,signature_normalized,136,0.007784
5,signature_normalized,137,0.006895
5,signature_normalized,138,0.018498
5,signature_normalized,139,0.018877
5,signature_normalized,140,0.006727
5,signature_normalized,141,0.006956
5,signature_normalized,142,0.008633
5,signature_normalized,143,0.012582
5,signature_normalized,144,0.006519
5,signature_normalized,145,0.006229
5,signature_normalized,146,0.010251
5,signature_normalized,147,0.005078
5,signature_normalized,148,0.006604
5,signature_normalized,149,0.024710
5,signature_normalized,150,0.011715
5,signature_normalized,151,0.007992
5,signature_normalized,152,0.007300
5,signature_normalized,153,0.015207
5,signature_normalized,154,0.012955
5,signature_normalized,155,0.013623
5,signature_normalized,156,0.022486
5,signature_normalized,157,0.017498
5,signature_normalized,158,0.017925
5,signature_normalized,159,0.013156
5,signature_normalized,160,0.028710
5,signature_normalized,161,0.006707
5,signature_normalized,162,0.013050
5,signature_normalized,163,0.008794
5,signature_normalized,164,0.007239
5,signature_normalized,165,0.011250
5,signature_normalized,166,0.015696
5,signature_normalized,167,0.005417
5,signature_normalized,168,0.006137
5,signature_normalized,169,0.006808
5,signature_normalized,170,0.006774
5,signature_normalized,171,0.016957
5,signature_normalized,172,0.010504
5,signature_normalized,173,0.009661
5,signature_normalized,174,0.009923
5,signature_normalized,175,0.013129
5,signature_normalized,176,0.011923
5,signature_normalized,177,0.005198
5,signature_normalized,178,0.016122
5,signature_normalized,179,0.006172
5,signature_normalized,180,0.007134
5,signature_normalized,181,0.006041
5,signature_normalized,182,0.007124
5,signature_normalized,183,0.013665
5,signature_normalized,184,0.007108
5,signature_normalized,185,0.015563
5,signature_normalized,186,0.028413
5,signature_normalized,187,0.013098
5,signature_normalized,188,0.012161
5,signature_normalized,189,0.005280
5,signature_normalized,190,0.006845
5,signature_normalized,191,0.006726
5,signature_normalized,192,0.006344
5,signature_normalized,193,0.016728
5,signature_normalized,194,0.007253
5,signature_normalized,195,0.006470
5,signature_normalized,196,0.016032
5,signature_normalized,197,0.010963
5,signature_normalized,198,0.015632
5,signature_normalized,199,0.012522
5,signature_normalized,200,0.012464
5,signature_normalized,201,0.015901
5,signature_normalized,202,0.016437
5,signature_normalized,203,0.009902
5,signature_normalized,204,0.015112
5,signature_normalized,205,0.009715
5,signature_normalized,206,0.013431
5,signature_normalized,207,0.014527
5,signature_normalized,208,0.005188
5,signature_normalized,209,0.007159
5,signature_normalized,210,0.010730
5,signature_normalized,211,0.011715
5,signature_normalized,212,0.006823
5,signature_normalized,213,0.012625
5,signature_normalized,214,0.012637
5,signature_normalized,215,0.012018
5,signature_normalized,216,0.018020
5,signature_normalized,217,0.010149
5,signature_normalized,218,0.008157
5,signature_normalized,219,0.006774
5,signature_normalized,220,0.006625
5,signature_normalized,221,0.007205
5,signature_normalized,222,0.007267
5,signature_normalized,223,0.008586
5,signature_normalized,224,0.016495
5,signature_normalized,225,0.006528
5,signature_normalized,226,0.013341
5,signature_normalized,227,0.013352
5,signature_normalized,228,0.009758
5,signature_normalized,229,0.016686
5,signature_normalized,230,0.016880
5,signature_normalized,231,0.006611
5,signature_normalized,232,0.012533
5,signature_normalized,233,0.007034
5,signature_normalized,234,0.006781
5,signature_normalized,235,0.017190
5,signature_normalized,236,0.007052
5,signature_normalized,237,0.006726
5,signature_normalized,238,0.006801
5,signature_normalized,239,0.014824
5,signature_normalized,240,0.007451
5,signature_normalized,241,0.015188
5,signature_normalized,242,0.015944
5,signature_normalized,243,0.007058
5,signature_normalized,244,0.019950
5,signature_normalized,245,0.005684
5,signature_normalized,246,0.011571
5,signature_normalized,247,0.006066
5,signature_normalized,248,0.021599
5,signature_normalized,249,0.012154
5,signature_normalized,250,0.007193
5,signature_normalized,251,0.015836
5,signature_normalized,252,0.007062
5,signature_normalized,253,0.016530
5,signature_normalized,254,0.006701
5,signature_normalized,255,0.022623
5,signature_normalized,256,0.013297
5,signature_normalized,257,0.008906
5,signature_normalized,258,0.006780
5,signature_normalized,259,0.006778
5,signature_normalized,260,0.012586
5,signature_normalized,261,0.017783
5,signature_normalized,262,0.017050
5,svm_normalized_uncalibrated,0,0.684332
5,svm_normalized_uncalibrated,1,0.678658
5,svm_normalized_uncalibrated,2,0.665184
5,svm_normalized_uncalibrated,3,0.698516
5,svm_normalized_uncalibrated,4,0.699522
5,svm_normalized_uncalibrated,5,0.686117
5,svm_normalized_uncalibrated,6,0.667364
5,svm_normalized_uncalibrated,7,0.685123
5,svm_normalized_uncalibrated,8,0.663055
5,svm_normalized_uncalibrated,9,0.679879
5,svm_normalized_uncalibrated,10,0.684515
5,svm_normalized_uncalibrated,11,0.662365
5,svm_normalized_uncalibrated,12,0.667823
5,svm_normalized_uncalibrated,13,0.677277
5,svm_normalized_uncalibrated,14,0.663497
5,svm_normalized_uncalibrated,15,0.686386
5,svm_normalized_uncalibrated,16,0.664919
5,svm_normalized_uncalibrated,17,0.662469
5,svm_normalized_uncalibrated,18,0.719183
5,svm_normalized_uncalibrated,19,0.682446
5,svm_normalized_uncalibrated,20,0.683077
5,svm_normalized_uncalibrated,21,0.648697
5,svm_normalized_uncalibrated,22,0.677108
5,svm_normalized_uncalibrated,23,0.685750
5,svm_normalized_uncalibrated,24,0.677682
5,svm_normalized_uncalibrated,25,0.670041
5,svm_normalized_uncalibrated,26,0.716867
5,svm_normalized_uncalibrated,27,0.708873
5,svm_normalized_uncalibrated,28,0.703428
5,svm_normalized_uncalibrated,29,0.710713
5,svm_normalized_uncalibrated,30,0.692698
5,svm_normalized_uncalibrated,31,0.713265
5,svm_normalized_uncalibrated,32,0.718394
5,svm_normalized_uncalibrated,33,0.719202
5,svm_normalized_uncalibrated,34,0.694408
5,svm_normalized_uncalibrated,35,0.706865
5,svm_normalized_uncalibrated,36,0.701020
5,svm_normalized_uncalibrated,37,0.711363
5,svm_normalized_uncalibrated,38,0.728337
5,svm_normalized_uncalibrated,39,0.697749
5,svm_normalized_uncalibrated,40,0.687402
5,svm_normalized_uncalibrated,41,0.718089
5,svm_normalized_uncalibrated,42,0.699682
5,svm_normalized_uncalibrated,43,0.701806
5,svm_normalized_uncalibrated,44,0.712348
5,svm_normalized_uncalibrated,45,0.715044
5,svm_normalized_uncalibrated,46,0.684848
5,svm_normalized_uncalibrated,47,0.680370
5,svm_normalized_uncalibrated,48,0.683108
5,svm_normalized_uncalibrated,49,0.677076
5,svm_normalized_uncalibrated,50,0.659755
5,svm_normalized_uncalibrated,51,0.663453
5,svm_normalized_uncalibrated,52,0.679258
5,svm_normalized_uncalibrated,53,0.663849
5,svm_normalized_uncalibrated,54,0.656849
5,svm_normalized_uncalibrated,55,0.679497
5,svm_normalized_uncalibrated,56,0.666839
5,svm_normalized_uncalibrated,57,0.665997
5,svm_normalized_uncalibrated,58,0.683508
5,svm_normalized_uncalibrated,59,0.682702
5,svm_normalized_uncalibrated,60,0.693497
5,svm_normalized_uncalibrated,61,0.685191
5,svm_normalized_uncalibrated,62,0.697691
5,svm_normalized_uncalibrated,63,0.677891
5,svm_normalized_uncalibrated,64,0.680251
5,svm_normalized_uncalibrated,65,0.698779
5,svm_normalized_uncalibrated,66,0.718713
5,svm_normalized_uncalibrated,67,0.715684
5,svm_normalized_uncalibrated,68,0.702233
5,svm_normalized_uncalibrated,69,0.694746
5,svm_normalized_uncalibrated,70,0.671384
5,svm_normalized_uncalibrated,71,0.670708
5,svm_normalized_uncalibrated,72,0.676707
5,svm_normalized_uncalibrated,73,0.678178
5,svm_normalized_uncalibrated,74,0.681500
5,svm_normalized_uncalibrated,75,0.665615
5,svm_normalized_uncalibrated,76,0.676266
5,svm_normalized_uncalibrated,77,0.688725
5,svm_normalized_uncalibrated,78,0.676735
5,svm_normalized_uncalibrated,79,0.679930
5,svm_normalized_uncalibrated,80,0.685895
5,svm_normalized_uncalibrated,81,0.682875
5,svm_normalized_uncalibrated,82,0.673820
5,svm_normalized_uncalibrated,83,0.680058
5,svm_normalized_uncalibrated,84,0.695773
5,svm_normalized_uncalibrated,85,0.659657
5,svm_normalized_uncalibrated,86,0.667707
5,svm_normalized_uncalibrated,87,0.681552
5,svm_normalized_uncalibrated,88,0.686325
5,svm_normalized_uncalibrated,89,0.689958
5,svm_normalized_uncalibrated,90,0.683432
5,svm_normalized_uncalibrated,91,0.661586
5,svm_normalized_uncalibrated,92,0.665382
5,svm_normalized_uncalibrated,93,0.669978
5,svm_normalized_uncalibrated,94,0.664856
5,svm_normalized_uncalibrated,95,0.676763
5,svm_normalized_uncalibrated,96,0.676406
5,svm_normalized_uncalibrated,97,0.675409
5,svm_normalized_uncalibrated,98,0.666995
5,svm_normalized_uncalibrated,99,0.671880
5,svm_normalized_uncalibrated,100,0.660493
5,svm_normalized_uncalibrated,101,0.681736
5,svm_normalized_uncalibrated,102,0.655569
5,svm_normalized_uncalibrated,103,0.658312
5,svm_normalized_uncalibrated,104,0.670178
5,svm_normalized_uncalibrated,105,0.713697
5,svm_normalized_uncalibrated,106,0.684032
5,svm_normalized_uncalibrated,107,0.672434
5,svm_normalized_uncalibrated,108,0.675282
5,svm_normalized_uncalibrated,109,0.678381
5,svm_normalized_uncalibrated,110,0.684443
5,svm_normalized_uncalibrated,111,0.668030
5,svm_normalized_uncalibrated,112,0.675107
5,svm_normalized_uncalibrated,113,0.680320
5,svm_normalized_uncalibrated,114,0.665169
5,svm_normalized_uncalibrated,115,0.680673
5,svm_normalized_uncalibrated,116,0.671655
5,svm_normalized_uncalibrated,117,0.668658
5,svm_normalized_uncalibrated,118,0.677626
5,svm_normalized_uncalibrated,119,0.657718
5,svm_normalized_uncalibrated,120,0.664723
5,svm_normalized_uncalibrated,121,0.664437
5,svm_normalized_uncalibrated,122,0.667701
5,svm_normalized_uncalibrated,123,0.662916
5,svm_normalized_uncalibrated,124,0.681794
5,svm_normalized_uncalibrated,125,0.672641
5,svm_normalized_uncalibrated,126,0.685805
5,svm_normalized_uncalibrated,127,0.669881
5,svm_normalized_uncalibrated,128,0.659501
5,svm_normalized_uncalibrated,129,0.671142
5,svm_normalized_uncalibrated,130,0.675260
5,svm_normalized_uncalibrated,131,0.677038
5,svm_normalized_uncalibrated,132,0.667129
5,svm_normalized_uncalibrated,133,0.678381
5,svm_normalized_uncalibrated,134,0.676763
5,svm_normalized_uncalibrated,135,0.685165
5,svm_normalized_uncalibrated,136,0.681662
5,svm_normalized_uncalibrated,137,0.657426
5,svm_normalized_uncalibrated,138,0.681268
5,svm_normalized_uncalibrated,139,0.679160
5,svm_normalized_uncalibrated,140,0.658111
5,svm_normalized_uncalibrated,141,0.664144
5,svm_normalized_uncalibrated,142,0.672547
5,svm_normalized_uncalibrated,143,0.670588
5,svm_normalized_uncalibrated,144,0.667108
5,svm_normalized_uncalibrated,145,0.674434
5,svm_normalized_uncalibrated,146,0.666042
5,svm_normalized_uncalibrated,147,0.678866
5,svm_normalized_uncalibrated,148,0.649372
5,svm_normalized_uncalibrated,149,0.664140
5,svm_normalized_uncalibrated,150,0.641733
5,svm_normalized_uncalibrated,151,0.645221
5,svm_normalized_uncalibrated,152,0.627960
5,svm_normalized_uncalibrated,153,0.648869
5,svm_normalized_uncalibrated,154,0.643667
5,svm_normalized_uncalibrated,155,0.644066
5,svm_normalized_uncalibrated,156,0.654802
5,svm_normalized_uncalibrated,157,0.653946
5,svm_normalized_uncalibrated,158,0.674368
5,svm_normalized_uncalibrated,159,0.659057
5,svm_normalized_uncalibrated,160,0.699000
5,svm_normalized_uncalibrated,161,0.650502
5,svm_normalized_uncalibrated,162,0.658122
5,svm_normalized_uncalibrated,163,0.661227
5,svm_normalized_uncalibrated,164,0.658643
5,svm_normalized_uncalibrated,165,0.659237
5,svm_normalized_uncalibrated,166,0.664951
5,svm_normalized_uncalibrated,167,0.643009
5,svm_normalized_uncalibrated,168,0.653712
5,svm_normalized_uncalibrated,169,0.651137
5,svm_normalized_uncalibrated,170,0.644222
5,svm_normalized_uncalibrated,171,0.665557
5,svm_normalized_uncalibrated,172,0.661805
5,svm_normalized_uncalibrated,173,0.664567
5,svm_normalized_uncalibrated,174,0.667938
5,svm_normalized_uncalibrated,175,0.690139
5,svm_normalized_uncalibrated,176,0.682325
5,svm_normalized_uncalibrated,177,0.672470
5,svm_normalized_uncalibrated,178,0.685557
5,svm_normalized_uncalibrated,179,0.658426
5,svm_normalized_uncalibrated,180,0.665573
5,svm_normalized_uncalibrated,181,0.669243
5,svm_normalized_uncalibrated,182,0.667772
5,svm_normalized_uncalibrated,183,0.679536
5,svm_normalized_uncalibrated,184,0.666396
5,svm_normalized_uncalibrated,185,0.681751
5,svm_normalized_uncalibrated,186,0.716143
5,svm_normalized_uncalibrated,187,0.693866
5,svm_normalized_uncalibrated,188,0.671785
5,svm_normalized_uncalibrated,189,0.671095
5,svm_normalized_uncalibrated,190,0.673181
5,svm_normalized_uncalibrated,191,0.657787
5,svm_normalized_uncalibrated,192,0.685568
5,svm_normalized_uncalibrated,193,0.682534
5,svm_normalized_uncalibrated,194,0.679519
5,svm_normalized_uncalibrated,195,0.680144
5,svm_normalized_uncalibrated,196,0.682242
5,svm_normalized_uncalibrated,197,0.668754
5,svm_normalized_uncalibrated,198,0.686603
5,svm_normalized_uncalibrated,199,0.684420
5,svm_normalized_uncalibrated,200,0.682983
5,svm_normalized_uncalibrated,201,0.682206
5,svm_normalized_uncalibrated,202,0.684840
5,svm_normalized_uncalibrated,203,0.675448
5,svm_normalized_uncalibrated,204,0.678199
5,svm_normalized_uncalibrated,205,0.680271
5,svm_normalized_uncalibrated,206,0.681015
5,svm_normalized_uncalibrated,207,0.677831
5,svm_normalized_uncalibrated,208,0.670529
5,svm_normalized_uncalibrated,209,0.672040
5,svm_normalized_uncalibrated,210,0.677496
5,svm_normalized_uncalibrated,211,0.678380
5,svm_normalized_uncalibrated,212,0.681855
5,svm_normalized_uncalibrated,213,0.673961
5,svm_normalized_uncalibrated,214,0.676486
5,svm_normalized_uncalibrated,215,0.675222
5,svm_normalized_uncalibrated,216,0.669821
5,svm_normalized_uncalibrated,217,0.674060
5,svm_normalized_uncalibrated,218,0.691131
5,svm_normalized_uncalibrated,219,0.657757
5,svm_normalized_uncalibrated,220,0.675441
5,svm_normalized_uncalibrated,221,0.665297
5,svm_normalized_uncalibrated,222,0.659744
5,svm_normalized_uncalibrated,223,0.687306
5,svm_normalized_uncalibrated,224,0.686394
5,svm_normalized_uncalibrated,225,0.674595
5,svm_normalized_uncalibrated,226,0.683337
5,svm_normalized_uncalibrated,227,0.675818
5,svm_normalized_uncalibrated,228,0.666925
5,svm_normalized_uncalibrated,229,0.679194
5,svm_normalized_uncalibrated,230,0.678580
5,svm_normalized_uncalibrated,231,0.659534
5,svm_normalized_uncalibrated,232,0.673953
5,svm_normalized_uncalibrated,233,0.666445
5,svm_normalized_uncalibrated,234,0.675241
5,svm_normalized_uncalibrated,235,0.683085
5,svm_normalized_uncalibrated,236,0.666776
5,svm_normalized_uncalibrated,237,0.659920
5,svm_normalized_uncalibrated,238,0.658655
5,svm_normalized_uncalibrated,239,0.679241
5,svm_normalized_uncalibrated,240,0.680613
5,svm_normalized_uncalibrated,241,0.683102
5,svm_normalized_uncalibrated,242,0.692388
5,svm_normalized_uncalibrated,243,0.669039
5,svm_normalized_uncalibrated,244,0.676420
5,svm_normalized_uncalibrated,245,0.661870
5,svm_normalized_uncalibrated,246,0.674381
5,svm_normalized_uncalibrated,247,0.670546
5,svm_normalized_uncalibrated,248,0.685902
5,svm_normalized_uncalibrated,249,0.674006
5,svm_normalized_uncalibrated,250,0.655913
5,svm_normalized_uncalibrated,251,0.683039
5,svm_normalized_uncalibrated,252,0.665017
5,svm_normalized_uncalibrated,253,0.672558
5,svm_normalized_uncalibrated,254,0.680995
5,svm_normalized_uncalibrated,255,0.684167
5,svm_normalized_uncalibrated,256,0.669723
5,svm_normalized_uncalibrated,257,0.669435
5,svm_normalized_uncalibrated,258,0.668745
5,svm_normalized_uncalibrated,259,0.661111
5,svm_normalized_uncalibrated,260,0.671067
5,svm_normalized_uncalibrated,261,0.678281
5,svm_normalized_uncalibrated,262,0.673966
